file_id,season,date,team1,team2,team1_won,prob_team1_wins,predicted_winner,correct
1359475,2023,2023-03-31,Chennai Super Kings,Gujarat Titans,0,0.3902439,Gujarat Titans,1
1359477,2023,2023-04-01,Lucknow Super Giants,Delhi Capitals,1,0.3902439,Delhi Capitals,0
1359476,2023,2023-04-01,Kings XI Punjab,Kolkata Knight Riders,1,0.3902439,Kolkata Knight Riders,0
1359478,2023,2023-04-02,Rajasthan Royals,Sunrisers Hyderabad,1,0.47164592,Sunrisers Hyderabad,0
1359479,2023,2023-04-02,Mumbai Indians,Royal Challengers Bengaluru,0,0.11111111,Royal Challengers Bengaluru,1
1359480,2023,2023-04-03,Chennai Super Kings,Lucknow Super Giants,1,0.47242922,Lucknow Super Giants,0
1359481,2023,2023-04-04,Delhi Capitals,Gujarat Titans,0,0.3902439,Gujarat Titans,1
1359482,2023,2023-04-05,Kings XI Punjab,Rajasthan Royals,1,0.47164592,Rajasthan Royals,0
1359483,2023,2023-04-06,Kolkata Knight Riders,Royal Challengers Bengaluru,1,0.47242922,Royal Challengers Bengaluru,0
1359484,2023,2023-04-07,Sunrisers Hyderabad,Lucknow Super Giants,0,0.3902439,Lucknow Super Giants,1
1359485,2023,2023-04-08,Rajasthan Royals,Delhi Capitals,1,0.47242922,Delhi Capitals,0
1359486,2023,2023-04-08,Mumbai Indians,Chennai Super Kings,0,0.3902439,Chennai Super Kings,1
1359487,2023,2023-04-09,Gujarat Titans,Kolkata Knight Riders,0,0.47242922,Kolkata Knight Riders,1
1359488,2023,2023-04-09,Kings XI Punjab,Sunrisers Hyderabad,0,0.47164592,Sunrisers Hyderabad,1
1359489,2023,2023-04-10,Royal Challengers Bengaluru,Lucknow Super Giants,0,0.47242922,Lucknow Super Giants,1
1359490,2023,2023-04-11,Delhi Capitals,Mumbai Indians,0,0.3902439,Mumbai Indians,1
1359491,2023,2023-04-12,Rajasthan Royals,Chennai Super Kings,1,0.47242922,Chennai Super Kings,0
1359492,2023,2023-04-13,Kings XI Punjab,Gujarat Titans,0,0.47164592,Gujarat Titans,1
1359493,2023,2023-04-14,Sunrisers Hyderabad,Kolkata Knight Riders,1,0.47164592,Kolkata Knight Riders,0
1359494,2023,2023-04-15,Royal Challengers Bengaluru,Delhi Capitals,1,0.41237113,Delhi Capitals,0
1359495,2023,2023-04-15,Lucknow Super Giants,Kings XI Punjab,0,0.47242922,Kings XI Punjab,1
1359496,2023,2023-04-16,Kolkata Knight Riders,Mumbai Indians,0,0.47242922,Mumbai Indians,1
1359497,2023,2023-04-16,Gujarat Titans,Rajasthan Royals,0,0.47164592,Rajasthan Royals,1
1359498,2023,2023-04-17,Chennai Super Kings,Royal Challengers Bengaluru,1,0.47164592,Royal Challengers Bengaluru,0
1359499,2023,2023-04-18,Mumbai Indians,Sunrisers Hyderabad,1,0.47164592,Sunrisers Hyderabad,0
1359500,2023,2023-04-19,Lucknow Super Giants,Rajasthan Royals,1,0.41237113,Rajasthan Royals,0
1359501,2023,2023-04-20,Royal Challengers Bengaluru,Kings XI Punjab,1,0.3902439,Kings XI Punjab,0
1359502,2023,2023-04-20,Kolkata Knight Riders,Delhi Capitals,0,0.47164592,Delhi Capitals,1
1359503,2023,2023-04-21,Sunrisers Hyderabad,Chennai Super Kings,0,0.47164592,Chennai Super Kings,1
1359505,2023,2023-04-22,Kings XI Punjab,Mumbai Indians,1,0.41237113,Mumbai Indians,0
1359504,2023,2023-04-22,Gujarat Titans,Lucknow Super Giants,1,0.47242922,Lucknow Super Giants,0
1359506,2023,2023-04-23,Royal Challengers Bengaluru,Rajasthan Royals,1,0.3902439,Rajasthan Royals,0
1359507,2023,2023-04-23,Chennai Super Kings,Kolkata Knight Riders,1,0.47164592,Kolkata Knight Riders,0
1359508,2023,2023-04-24,Delhi Capitals,Sunrisers Hyderabad,1,0.47242922,Sunrisers Hyderabad,0
1359509,2023,2023-04-25,Gujarat Titans,Mumbai Indians,1,0.47242922,Mumbai Indians,0
1359510,2023,2023-04-26,Kolkata Knight Riders,Royal Challengers Bengaluru,1,0.3902439,Royal Challengers Bengaluru,0
1359511,2023,2023-04-27,Rajasthan Royals,Chennai Super Kings,1,0.47164592,Chennai Super Kings,0
1359512,2023,2023-04-28,Lucknow Super Giants,Kings XI Punjab,1,0.3902439,Kings XI Punjab,0
1359513,2023,2023-04-29,Kolkata Knight Riders,Gujarat Titans,0,0.47164592,Gujarat Titans,1
1359514,2023,2023-04-29,Sunrisers Hyderabad,Delhi Capitals,1,0.47164592,Delhi Capitals,0
1359515,2023,2023-04-30,Chennai Super Kings,Kings XI Punjab,0,0.47242922,Kings XI Punjab,1
1359516,2023,2023-04-30,Rajasthan Royals,Mumbai Indians,0,0.47164592,Mumbai Indians,1
1359517,2023,2023-05-01,Royal Challengers Bengaluru,Lucknow Super Giants,1,0.47242922,Lucknow Super Giants,0
1359518,2023,2023-05-02,Delhi Capitals,Gujarat Titans,1,0.3902439,Gujarat Titans,0
1359520,2023,2023-05-03,Kings XI Punjab,Mumbai Indians,0,0.3902439,Mumbai Indians,1
1359521,2023,2023-05-04,Kolkata Knight Riders,Sunrisers Hyderabad,1,0.47164592,Sunrisers Hyderabad,0
1359522,2023,2023-05-05,Rajasthan Royals,Gujarat Titans,0,0.47164592,Gujarat Titans,1
1359524,2023,2023-05-06,Royal Challengers Bengaluru,Delhi Capitals,0,0.47242922,Delhi Capitals,1
1359523,2023,2023-05-06,Mumbai Indians,Chennai Super Kings,0,0.47164592,Chennai Super Kings,1
1359525,2023,2023-05-07,Gujarat Titans,Lucknow Super Giants,1,0.47242922,Lucknow Super Giants,0
1359526,2023,2023-05-07,Rajasthan Royals,Sunrisers Hyderabad,0,0.47242922,Sunrisers Hyderabad,1
1359527,2023,2023-05-08,Kings XI Punjab,Kolkata Knight Riders,0,0.3902439,Kolkata Knight Riders,1
1359528,2023,2023-05-09,Royal Challengers Bengaluru,Mumbai Indians,0,0.47164592,Mumbai Indians,1
1359529,2023,2023-05-10,Chennai Super Kings,Delhi Capitals,1,0.47242922,Delhi Capitals,0
1359530,2023,2023-05-11,Kolkata Knight Riders,Rajasthan Royals,0,0.47164592,Rajasthan Royals,1
1359531,2023,2023-05-12,Mumbai Indians,Gujarat Titans,1,0.3902439,Gujarat Titans,0
1359532,2023,2023-05-13,Sunrisers Hyderabad,Lucknow Super Giants,0,0.47164592,Lucknow Super Giants,1
1359533,2023,2023-05-13,Kings XI Punjab,Delhi Capitals,1,0.3902439,Delhi Capitals,0
1359534,2023,2023-05-14,Royal Challengers Bengaluru,Rajasthan Royals,1,0.3902439,Rajasthan Royals,0
1359535,2023,2023-05-14,Chennai Super Kings,Kolkata Knight Riders,0,0.47242922,Kolkata Knight Riders,1
1359536,2023,2023-05-15,Gujarat Titans,Sunrisers Hyderabad,1,0.47164592,Sunrisers Hyderabad,0
1359537,2023,2023-05-16,Lucknow Super Giants,Mumbai Indians,1,0.47164592,Mumbai Indians,0
1359538,2023,2023-05-17,Delhi Capitals,Kings XI Punjab,1,0.47242922,Kings XI Punjab,0
1359539,2023,2023-05-18,Sunrisers Hyderabad,Royal Challengers Bengaluru,0,0.47242922,Royal Challengers Bengaluru,1
1359540,2023,2023-05-19,Kings XI Punjab,Rajasthan Royals,0,0.47164592,Rajasthan Royals,1
1359541,2023,2023-05-20,Chennai Super Kings,Delhi Capitals,1,0.47164592,Delhi Capitals,0
1359542,2023,2023-05-20,Lucknow Super Giants,Kolkata Knight Riders,1,0.3902439,Kolkata Knight Riders,0
1359544,2023,2023-05-21,Royal Challengers Bengaluru,Gujarat Titans,0,0.3902439,Gujarat Titans,1
1359543,2023,2023-05-21,Sunrisers Hyderabad,Mumbai Indians,0,0.3902439,Mumbai Indians,1
1370350,2023,2023-05-23,Chennai Super Kings,Gujarat Titans,1,0.3902439,Gujarat Titans,0
1370351,2023,2023-05-24,Mumbai Indians,Lucknow Super Giants,1,0.47242922,Lucknow Super Giants,0
1370352,2023,2023-05-26,Gujarat Titans,Mumbai Indians,1,0.47164592,Mumbai Indians,0
1370353,2023,2023-05-29,Gujarat Titans,Chennai Super Kings,0,0.47164592,Chennai Super Kings,1
1422119,2024,2024-03-22,Royal Challengers Bengaluru,Chennai Super Kings,0,0.3902439,Chennai Super Kings,1
1422120,2024,2024-03-23,Delhi Capitals,Kings XI Punjab,0,0.11111111,Kings XI Punjab,1
1422121,2024,2024-03-23,Kolkata Knight Riders,Sunrisers Hyderabad,1,0.47164592,Sunrisers Hyderabad,0
1422122,2024,2024-03-24,Rajasthan Royals,Lucknow Super Giants,1,0.47242922,Lucknow Super Giants,0
1422123,2024,2024-03-24,Gujarat Titans,Mumbai Indians,1,0.47164592,Mumbai Indians,0
1422124,2024,2024-03-25,Kings XI Punjab,Royal Challengers Bengaluru,0,0.3902439,Royal Challengers Bengaluru,1
1422125,2024,2024-03-26,Chennai Super Kings,Gujarat Titans,1,0.47164592,Gujarat Titans,0
1422126,2024,2024-03-27,Sunrisers Hyderabad,Mumbai Indians,1,0.47164592,Mumbai Indians,0
1422127,2024,2024-03-28,Rajasthan Royals,Delhi Capitals,1,0.47164592,Delhi Capitals,0
1422128,2024,2024-03-29,Royal Challengers Bengaluru,Kolkata Knight Riders,0,0.47164592,Kolkata Knight Riders,1
1422129,2024,2024-03-30,Lucknow Super Giants,Kings XI Punjab,1,0.47242922,Kings XI Punjab,0
1422131,2024,2024-03-31,Delhi Capitals,Chennai Super Kings,1,0.3902439,Chennai Super Kings,0
1422130,2024,2024-03-31,Sunrisers Hyderabad,Gujarat Titans,0,0.3902439,Gujarat Titans,1
1422132,2024,2024-04-01,Mumbai Indians,Rajasthan Royals,0,0.47164592,Rajasthan Royals,1
1422133,2024,2024-04-02,Lucknow Super Giants,Royal Challengers Bengaluru,1,0.47164592,Royal Challengers Bengaluru,0
1422134,2024,2024-04-03,Kolkata Knight Riders,Delhi Capitals,1,0.47242922,Delhi Capitals,0
1422135,2024,2024-04-04,Gujarat Titans,Kings XI Punjab,0,0.47164592,Kings XI Punjab,1
1422136,2024,2024-04-05,Chennai Super Kings,Sunrisers Hyderabad,0,0.41237113,Sunrisers Hyderabad,1
1422137,2024,2024-04-06,Royal Challengers Bengaluru,Rajasthan Royals,0,0.47164592,Rajasthan Royals,1
1422138,2024,2024-04-07,Mumbai Indians,Delhi Capitals,1,0.47164592,Delhi Capitals,0
1422139,2024,2024-04-07,Lucknow Super Giants,Gujarat Titans,1,0.47242922,Gujarat Titans,0
1426260,2024,2024-04-08,Kolkata Knight Riders,Chennai Super Kings,0,0.47242922,Chennai Super Kings,1
1426261,2024,2024-04-09,Sunrisers Hyderabad,Kings XI Punjab,1,0.41237113,Kings XI Punjab,0
1426262,2024,2024-04-10,Rajasthan Royals,Gujarat Titans,0,0.47242922,Gujarat Titans,1
1426263,2024,2024-04-11,Royal Challengers Bengaluru,Mumbai Indians,0,0.3902439,Mumbai Indians,1
1426264,2024,2024-04-12,Lucknow Super Giants,Delhi Capitals,0,0.47242922,Delhi Capitals,1
1426265,2024,2024-04-13,Kings XI Punjab,Rajasthan Royals,0,0.3902439,Rajasthan Royals,1
1426267,2024,2024-04-14,Chennai Super Kings,Mumbai Indians,1,0.47242922,Mumbai Indians,0
1426266,2024,2024-04-14,Lucknow Super Giants,Kolkata Knight Riders,0,0.47164592,Kolkata Knight Riders,1
1426268,2024,2024-04-15,Sunrisers Hyderabad,Royal Challengers Bengaluru,1,0.3902439,Royal Challengers Bengaluru,0
1426269,2024,2024-04-16,Kolkata Knight Riders,Rajasthan Royals,0,0.47242922,Rajasthan Royals,1
1426270,2024,2024-04-17,Gujarat Titans,Delhi Capitals,0,0.47164592,Delhi Capitals,1
1426271,2024,2024-04-18,Mumbai Indians,Kings XI Punjab,1,0.47164592,Kings XI Punjab,0
1426272,2024,2024-04-19,Chennai Super Kings,Lucknow Super Giants,0,0.47242922,Lucknow Super Giants,1
1426273,2024,2024-04-20,Sunrisers Hyderabad,Delhi Capitals,1,0.3902439,Delhi Capitals,0
1426274,2024,2024-04-21,Kolkata Knight Riders,Royal Challengers Bengaluru,1,0.47164592,Royal Challengers Bengaluru,0
1426275,2024,2024-04-21,Kings XI Punjab,Gujarat Titans,0,0.3902439,Gujarat Titans,1
1426276,2024,2024-04-22,Mumbai Indians,Rajasthan Royals,0,0.47164592,Rajasthan Royals,1
1426277,2024,2024-04-23,Chennai Super Kings,Lucknow Super Giants,0,0.47242922,Lucknow Super Giants,1
1426278,2024,2024-04-24,Delhi Capitals,Gujarat Titans,1,0.47164592,Gujarat Titans,0
1426279,2024,2024-04-25,Royal Challengers Bengaluru,Sunrisers Hyderabad,1,0.47164592,Sunrisers Hyderabad,0
1426280,2024,2024-04-26,Kolkata Knight Riders,Kings XI Punjab,0,0.47164592,Kings XI Punjab,1
1426281,2024,2024-04-27,Delhi Capitals,Mumbai Indians,1,0.47164592,Mumbai Indians,0
1426282,2024,2024-04-27,Lucknow Super Giants,Rajasthan Royals,0,0.47164592,Rajasthan Royals,1
1426284,2024,2024-04-28,Chennai Super Kings,Sunrisers Hyderabad,1,0.47242922,Sunrisers Hyderabad,0
1426283,2024,2024-04-28,Gujarat Titans,Royal Challengers Bengaluru,0,0.41237113,Royal Challengers Bengaluru,1
1426285,2024,2024-04-29,Delhi Capitals,Kolkata Knight Riders,0,0.3902439,Kolkata Knight Riders,1
1426286,2024,2024-04-30,Mumbai Indians,Lucknow Super Giants,0,0.47164592,Lucknow Super Giants,1
1426287,2024,2024-05-01,Chennai Super Kings,Kings XI Punjab,0,0.47164592,Kings XI Punjab,1
1426288,2024,2024-05-02,Sunrisers Hyderabad,Rajasthan Royals,1,0.47164592,Rajasthan Royals,0
1426289,2024,2024-05-03,Kolkata Knight Riders,Mumbai Indians,1,0.47242922,Mumbai Indians,0
1426290,2024,2024-05-04,Gujarat Titans,Royal Challengers Bengaluru,0,0.3902439,Royal Challengers Bengaluru,1
1426291,2024,2024-05-05,Chennai Super Kings,Kings XI Punjab,1,0.47164592,Kings XI Punjab,0
1426292,2024,2024-05-05,Kolkata Knight Riders,Lucknow Super Giants,1,0.47164592,Lucknow Super Giants,0
1426293,2024,2024-05-06,Sunrisers Hyderabad,Mumbai Indians,0,0.47164592,Mumbai Indians,1
1426294,2024,2024-05-07,Delhi Capitals,Rajasthan Royals,1,0.3902439,Rajasthan Royals,0
1426295,2024,2024-05-08,Lucknow Super Giants,Sunrisers Hyderabad,0,0.3902439,Sunrisers Hyderabad,1
1426296,2024,2024-05-09,Royal Challengers Bengaluru,Kings XI Punjab,1,0.47164592,Kings XI Punjab,0
1426297,2024,2024-05-10,Gujarat Titans,Chennai Super Kings,1,0.47164592,Chennai Super Kings,0
1426298,2024,2024-05-11,Kolkata Knight Riders,Mumbai Indians,1,0.47164592,Mumbai Indians,0
1426300,2024,2024-05-12,Royal Challengers Bengaluru,Delhi Capitals,1,0.3902439,Delhi Capitals,0
1426299,2024,2024-05-12,Rajasthan Royals,Chennai Super Kings,0,0.47242922,Chennai Super Kings,1
1426302,2024,2024-05-14,Delhi Capitals,Lucknow Super Giants,1,0.47164592,Lucknow Super Giants,0
1426303,2024,2024-05-15,Rajasthan Royals,Kings XI Punjab,0,0.47242922,Kings XI Punjab,1
1426305,2024,2024-05-17,Lucknow Super Giants,Mumbai Indians,1,0.47164592,Mumbai Indians,0
1426306,2024,2024-05-18,Royal Challengers Bengaluru,Chennai Super Kings,1,0.47164592,Chennai Super Kings,0
1426307,2024,2024-05-19,Kings XI Punjab,Sunrisers Hyderabad,0,0.3902439,Sunrisers Hyderabad,1
1426309,2024,2024-05-21,Sunrisers Hyderabad,Kolkata Knight Riders,0,0.3902439,Kolkata Knight Riders,1
1426310,2024,2024-05-22,Royal Challengers Bengaluru,Rajasthan Royals,0,0.3902439,Rajasthan Royals,1
1426311,2024,2024-05-24,Sunrisers Hyderabad,Rajasthan Royals,1,0.47164592,Rajasthan Royals,0
1426312,2024,2024-05-26,Sunrisers Hyderabad,Kolkata Knight Riders,0,0.3902439,Kolkata Knight Riders,1
1473438,2025,2025-03-22,Kolkata Knight Riders,Royal Challengers Bengaluru,0,0.47164592,Royal Challengers Bengaluru,1
1473439,2025,2025-03-23,Sunrisers Hyderabad,Rajasthan Royals,1,0.47242922,Rajasthan Royals,0
1473440,2025,2025-03-23,Mumbai Indians,Chennai Super Kings,0,0.3902439,Chennai Super Kings,1
1473441,2025,2025-03-24,Lucknow Super Giants,Delhi Capitals,0,0.40562576,Delhi Capitals,1
1473442,2025,2025-03-25,Kings XI Punjab,Gujarat Titans,1,0.3902439,Gujarat Titans,0
1473443,2025,2025-03-26,Rajasthan Royals,Kolkata Knight Riders,0,0.3902439,Kolkata Knight Riders,1
1473444,2025,2025-03-27,Sunrisers Hyderabad,Lucknow Super Giants,0,0.3902439,Lucknow Super Giants,1
1473445,2025,2025-03-28,Royal Challengers Bengaluru,Chennai Super Kings,1,0.47164592,Chennai Super Kings,0
1473446,2025,2025-03-29,Gujarat Titans,Mumbai Indians,1,0.47164592,Mumbai Indians,0
1473448,2025,2025-03-30,Rajasthan Royals,Chennai Super Kings,1,0.3902439,Chennai Super Kings,0
1473447,2025,2025-03-30,Sunrisers Hyderabad,Delhi Capitals,0,0.47164592,Delhi Capitals,1
1473449,2025,2025-03-31,Kolkata Knight Riders,Mumbai Indians,0,0.47164592,Mumbai Indians,1
1473450,2025,2025-04-01,Lucknow Super Giants,Kings XI Punjab,0,0.41237113,Kings XI Punjab,1
1473451,2025,2025-04-02,Royal Challengers Bengaluru,Gujarat Titans,0,0.47164592,Gujarat Titans,1
1473452,2025,2025-04-03,Kolkata Knight Riders,Sunrisers Hyderabad,1,0.47242922,Sunrisers Hyderabad,0
1473453,2025,2025-04-04,Lucknow Super Giants,Mumbai Indians,1,0.47242922,Mumbai Indians,0
1473454,2025,2025-04-05,Delhi Capitals,Chennai Super Kings,1,0.47242922,Chennai Super Kings,0
1473455,2025,2025-04-05,Rajasthan Royals,Kings XI Punjab,1,0.3902439,Kings XI Punjab,0
1473457,2025,2025-04-06,Sunrisers Hyderabad,Gujarat Titans,0,0.47164592,Gujarat Titans,1
1473458,2025,2025-04-07,Royal Challengers Bengaluru,Mumbai Indians,1,0.47164592,Mumbai Indians,0
1473456,2025,2025-04-08,Lucknow Super Giants,Kolkata Knight Riders,1,0.47164592,Kolkata Knight Riders,0
1473459,2025,2025-04-08,Kings XI Punjab,Chennai Super Kings,1,0.47242922,Chennai Super Kings,0
1473460,2025,2025-04-09,Gujarat Titans,Rajasthan Royals,1,0.47242922,Rajasthan Royals,0
1473461,2025,2025-04-10,Royal Challengers Bengaluru,Delhi Capitals,0,0.47242922,Delhi Capitals,1
1473462,2025,2025-04-11,Chennai Super Kings,Kolkata Knight Riders,0,0.47164592,Kolkata Knight Riders,1
1473464,2025,2025-04-12,Kings XI Punjab,Sunrisers Hyderabad,0,0.47164592,Sunrisers Hyderabad,1
1473463,2025,2025-04-12,Gujarat Titans,Lucknow Super Giants,0,0.41237113,Lucknow Super Giants,1
1473465,2025,2025-04-13,Rajasthan Royals,Royal Challengers Bengaluru,0,0.47164592,Royal Challengers Bengaluru,1
1473466,2025,2025-04-13,Mumbai Indians,Delhi Capitals,1,0.47164592,Delhi Capitals,0
1473467,2025,2025-04-14,Lucknow Super Giants,Chennai Super Kings,0,0.47164592,Chennai Super Kings,1
1473468,2025,2025-04-15,Kings XI Punjab,Kolkata Knight Riders,1,0.3902439,Kolkata Knight Riders,0
1473469,2025,2025-04-16,Delhi Capitals,Rajasthan Royals,1,0.47164592,Rajasthan Royals,0
1473470,2025,2025-04-17,Sunrisers Hyderabad,Mumbai Indians,0,0.47164592,Mumbai Indians,1
1473471,2025,2025-04-18,Royal Challengers Bengaluru,Kings XI Punjab,0,0.3902439,Kings XI Punjab,1
1473472,2025,2025-04-19,Delhi Capitals,Gujarat Titans,0,0.47242922,Gujarat Titans,1
1473473,2025,2025-04-19,Lucknow Super Giants,Rajasthan Royals,1,0.47242922,Rajasthan Royals,0
1473474,2025,2025-04-20,Kings XI Punjab,Royal Challengers Bengaluru,0,0.47164592,Royal Challengers Bengaluru,1
1473475,2025,2025-04-20,Chennai Super Kings,Mumbai Indians,0,0.3902439,Mumbai Indians,1
1473476,2025,2025-04-21,Gujarat Titans,Kolkata Knight Riders,1,0.47242922,Kolkata Knight Riders,0
1473477,2025,2025-04-22,Lucknow Super Giants,Delhi Capitals,0,0.3902439,Delhi Capitals,1
1473478,2025,2025-04-23,Sunrisers Hyderabad,Mumbai Indians,0,0.47164592,Mumbai Indians,1
1473479,2025,2025-04-24,Royal Challengers Bengaluru,Rajasthan Royals,1,0.3902439,Rajasthan Royals,0
1473480,2025,2025-04-25,Chennai Super Kings,Sunrisers Hyderabad,0,0.47242922,Sunrisers Hyderabad,1
1473483,2025,2025-04-27,Delhi Capitals,Royal Challengers Bengaluru,0,0.47164592,Royal Challengers Bengaluru,1
1473482,2025,2025-04-27,Mumbai Indians,Lucknow Super Giants,1,0.47164592,Lucknow Super Giants,0
1473484,2025,2025-04-28,Gujarat Titans,Rajasthan Royals,0,0.47164592,Rajasthan Royals,1
1473485,2025,2025-04-29,Kolkata Knight Riders,Delhi Capitals,1,0.3902439,Delhi Capitals,0
1473486,2025,2025-04-30,Chennai Super Kings,Kings XI Punjab,0,0.41237113,Kings XI Punjab,1
1473487,2025,2025-05-01,Mumbai Indians,Rajasthan Royals,1,0.47242922,Rajasthan Royals,0
1473488,2025,2025-05-02,Gujarat Titans,Sunrisers Hyderabad,1,0.47164592,Sunrisers Hyderabad,0
1473489,2025,2025-05-03,Royal Challengers Bengaluru,Chennai Super Kings,1,0.3902439,Chennai Super Kings,0
1473490,2025,2025-05-04,Kolkata Knight Riders,Rajasthan Royals,1,0.47164592,Rajasthan Royals,0
1473491,2025,2025-05-04,Kings XI Punjab,Lucknow Super Giants,1,0.47164592,Lucknow Super Giants,0
1473493,2025,2025-05-06,Mumbai Indians,Gujarat Titans,0,0.47164592,Gujarat Titans,1
1473494,2025,2025-05-07,Kolkata Knight Riders,Chennai Super Kings,0,0.47164592,Chennai Super Kings,1
1473497,2025,2025-05-18,Kings XI Punjab,Rajasthan Royals,1,0.47164592,Rajasthan Royals,0
1473498,2025,2025-05-18,Delhi Capitals,Gujarat Titans,0,0.3902439,Gujarat Titans,1
1473499,2025,2025-05-19,Lucknow Super Giants,Sunrisers Hyderabad,0,0.47164592,Sunrisers Hyderabad,1
1473500,2025,2025-05-20,Chennai Super Kings,Rajasthan Royals,0,0.3902439,Rajasthan Royals,1
1473501,2025,2025-05-21,Mumbai Indians,Delhi Capitals,1,0.47164592,Delhi Capitals,0
1473502,2025,2025-05-22,Lucknow Super Giants,Gujarat Titans,1,0.3902439,Gujarat Titans,0
1473503,2025,2025-05-23,Sunrisers Hyderabad,Royal Challengers Bengaluru,1,0.41237113,Royal Challengers Bengaluru,0
1485779,2025,2025-05-24,Kings XI Punjab,Delhi Capitals,0,0.41237113,Delhi Capitals,1
1473505,2025,2025-05-25,Sunrisers Hyderabad,Kolkata Knight Riders,1,0.3902439,Kolkata Knight Riders,0
1473504,2025,2025-05-25,Chennai Super Kings,Gujarat Titans,1,0.11111111,Gujarat Titans,0
1473506,2025,2025-05-26,Mumbai Indians,Kings XI Punjab,0,0.47242922,Kings XI Punjab,1
1473507,2025,2025-05-27,Lucknow Super Giants,Royal Challengers Bengaluru,0,0.3902439,Royal Challengers Bengaluru,1
1473508,2025,2025-05-29,Kings XI Punjab,Royal Challengers Bengaluru,0,0.47164592,Royal Challengers Bengaluru,1
1473509,2025,2025-05-30,Mumbai Indians,Gujarat Titans,1,0.3902439,Gujarat Titans,0
1473510,2025,2025-06-01,Mumbai Indians,Kings XI Punjab,0,0.47164592,Kings XI Punjab,1
1473511,2025,2025-06-03,Royal Challengers Bengaluru,Kings XI Punjab,1,0.47164592,Kings XI Punjab,0
