file_id,season,date,team1,team2,bat_first,bat_second,winner,bat_first_won,pre_prob,pre_correct,pre_confidence,pt_prob,pt_correct,pt_confidence,inn1_ov3_correct,inn1_ov3_prob,inn1_ov3_conf,inn1_ov6_correct,inn1_ov6_prob,inn1_ov6_conf,inn1_ov10_correct,inn1_ov10_prob,inn1_ov10_conf,inn1_ov15_correct,inn1_ov15_prob,inn1_ov15_conf,inn1_ov20_correct,inn1_ov20_prob,inn1_ov20_conf,inn2_ov3_correct,inn2_ov3_prob,inn2_ov3_conf,inn2_ov6_correct,inn2_ov6_prob,inn2_ov6_conf,inn2_ov10_correct,inn2_ov10_prob,inn2_ov10_conf,inn2_ov15_correct,inn2_ov15_prob,inn2_ov15_conf
1422119,2024,2024-03-22,Royal Challengers Bengaluru,Chennai Super Kings,Royal Challengers Bengaluru,Chennai Super Kings,Chennai Super Kings,0,0.4969663918018341,1,0.5030336081981659,0.2642988420083962,1,0.7357011579916037,1,0.42793735887099693,0.5720626411290031,1,0.3793963896544813,0.6206036103455187,1,0.37367179888411234,0.6263282011158877,1.0,0.33644107863256034,0.6635589213674397,1.0,0.40840749971241214,0.5915925002875879,1,0.40840749971241214,0.5915925002875879,1,0.38805176848711576,0.6119482315128842,1.0,0.3527006755157543,0.6472993244842458,1.0,0.40402404779326845,0.5959759522067316
1422120,2024,2024-03-23,Delhi Capitals,Punjab Kings,Delhi Capitals,Punjab Kings,Punjab Kings,0,0.365649938583374,1,0.634350061416626,0.16254210034203448,1,0.8374578996579656,1,0.45033362975655616,0.5496663702434439,1,0.41426741330741174,0.5857325866925882,1,0.41426741330741174,0.5857325866925882,1.0,0.3945155619684489,0.6054844380315512,1.0,0.3940570937915341,0.6059429062084659,1,0.3570278153207048,0.6429721846792952,1,0.3888647614341399,0.6111352385658602,1.0,0.424554103363335,0.575445896636665,1.0,0.46440342133209356,0.5355965786679064
1422121,2024,2024-03-23,Kolkata Knight Riders,Sunrisers Hyderabad,Kolkata Knight Riders,Sunrisers Hyderabad,Kolkata Knight Riders,1,0.503783106803894,1,0.503783106803894,0.49726835474196235,0,0.5027316452580377,0,0.37136525492841194,0.6286347450715881,0,0.3370975769957004,0.6629024230042996,0,0.3316484229751179,0.6683515770248821,0.0,0.3491921184424237,0.6508078815575763,0.0,0.44515538946681055,0.5548446105331895,0,0.3934021861307883,0.6065978138692116,0,0.3291098960304099,0.67089010396959,0.0,0.3674782749136997,0.6325217250863002,0.0,0.46330806746988334,0.5366919325301167
1422122,2024,2024-03-24,Rajasthan Royals,Lucknow Super Giants,Rajasthan Royals,Lucknow Super Giants,Rajasthan Royals,1,0.5717750787734985,1,0.5717750787734985,0.3676320544631591,0,0.632367945536841,1,0.5045556969536839,0.5045556969536839,1,0.5552484113671944,0.5552484113671944,1,0.5552836325562617,0.5552836325562617,1.0,0.5870711324443418,0.5870711324443418,1.0,0.5616237396643357,0.5616237396643357,1,0.7412783246545832,0.7412783246545832,1,0.6924570708463185,0.6924570708463185,1.0,0.8282965454261977,0.8282965454261977,1.0,0.5576982787710069,0.5576982787710069
1422123,2024,2024-03-24,Gujarat Titans,Mumbai Indians,Gujarat Titans,Mumbai Indians,Gujarat Titans,1,0.46157658100128174,0,0.5384234189987183,0.7500113338115982,1,0.7500113338115982,1,0.5280385074813972,0.5280385074813972,0,0.4248467254095746,0.5751532745904254,0,0.46113638917622185,0.5388636108237781,0.0,0.440396144685743,0.559603855314257,0.0,0.45368388906794915,0.5463161109320509,0,0.4026513434257719,0.5973486565742281,0,0.43021754997659684,0.5697824500234032,0.0,0.39934061233804474,0.6006593876619553,0.0,0.29553503392484143,0.7044649660751585
1422124,2024,2024-03-25,Punjab Kings,Royal Challengers Bengaluru,Punjab Kings,Royal Challengers Bengaluru,Royal Challengers Bengaluru,0,0.46039798855781555,1,0.5396020114421844,0.45399096748514567,1,0.5460090325148543,1,0.3871749631044111,0.612825036895589,1,0.3797352496979684,0.6202647503020315,1,0.3929826113038083,0.6070173886961917,1.0,0.3843002538986949,0.6156997461013052,1.0,0.38957550207327857,0.6104244979267215,1,0.4072639457157157,0.5927360542842843,1,0.42054606090289665,0.5794539390971034,1.0,0.4019013736750166,0.5980986263249835,0.0,0.5080282440195008,0.5080282440195008
1422125,2024,2024-03-26,Chennai Super Kings,Gujarat Titans,Chennai Super Kings,Gujarat Titans,Chennai Super Kings,1,0.5155808925628662,1,0.5155808925628662,0.7517079379045567,1,0.7517079379045567,0,0.38715830297608245,0.6128416970239176,1,0.5581904366970732,0.5581904366970732,1,0.5890210584712088,0.5890210584712088,1.0,0.5814308085483455,0.5814308085483455,1.0,0.6343325942311645,0.6343325942311645,0,0.4165310441947464,0.5834689558052536,1,0.628533875644955,0.628533875644955,1.0,0.7819041568560351,0.7819041568560351,1.0,0.7819041568560351,0.7819041568560351
1422126,2024,2024-03-27,Sunrisers Hyderabad,Mumbai Indians,Sunrisers Hyderabad,Mumbai Indians,Sunrisers Hyderabad,1,0.44546449184417725,0,0.5545355081558228,0.3441865822257015,0,0.6558134177742985,1,0.5949572587245255,0.5949572587245255,1,0.7046432222542307,0.7046432222542307,1,0.7845918780570188,0.7845918780570188,1.0,0.8685533685405753,0.8685533685405753,1.0,1.0,1.0,1,0.933913770676209,0.933913770676209,1,0.9519577151671884,0.9519577151671884,1.0,0.978481012658228,0.978481012658228,1.0,1.0,1.0
1422127,2024,2024-03-28,Rajasthan Royals,Delhi Capitals,Rajasthan Royals,Delhi Capitals,Rajasthan Royals,1,0.49923691153526306,0,0.5007630884647369,0.891838558631363,1,0.891838558631363,1,0.5248617225432147,0.5248617225432147,0,0.46277298654948495,0.537227013450515,0,0.4128838649570573,0.5871161350429427,0.0,0.4389641869527228,0.5610358130472772,1.0,0.5552708458544316,0.5552708458544316,1,0.5377184014707671,0.5377184014707671,1,0.5377184014707671,0.5377184014707671,0.0,0.46469177110313675,0.5353082288968632,1.0,0.5858292792832981,0.5858292792832981
1422128,2024,2024-03-29,Royal Challengers Bengaluru,Kolkata Knight Riders,Royal Challengers Bengaluru,Kolkata Knight Riders,Kolkata Knight Riders,0,0.5022938847541809,0,0.5022938847541809,0.2795743946997936,1,0.7204256053002064,0,0.5236596894971,0.5236596894971,1,0.47610873882258853,0.5238912611774115,1,0.47109183097528734,0.5289081690247126,1.0,0.47610873882258853,0.5238912611774115,1.0,0.4752287980259785,0.5247712019740215,1,0.43743894882671486,0.5625610511732851,1,0.3678228744428595,0.6321771255571405,1.0,0.3060693012380978,0.6939306987619023,1.0,0.16887227616795725,0.8311277238320427
1422129,2024,2024-03-30,Lucknow Super Giants,Punjab Kings,Lucknow Super Giants,Punjab Kings,Lucknow Super Giants,1,0.5971738696098328,1,0.5971738696098328,0.2532437073422555,0,0.7467562926577445,1,0.5099260893826587,0.5099260893826587,1,0.5153576638093231,0.5153576638093231,1,0.5546763339584339,0.5546763339584339,1.0,0.7246386188616232,0.7246386188616232,1.0,0.7246386188616232,0.7246386188616232,1,0.6198906518394272,0.6198906518394272,1,0.556726609115451,0.556726609115451,1.0,0.532149026870482,0.532149026870482,1.0,0.5813673261815568,0.5813673261815568
1422130,2024,2024-03-31,Sunrisers Hyderabad,Gujarat Titans,Sunrisers Hyderabad,Gujarat Titans,Gujarat Titans,0,0.4029800593852997,1,0.5970199406147003,0.24677692354918945,1,0.7532230764508105,0,0.5341881834747328,0.5341881834747328,0,0.5774331573347297,0.5774331573347297,1,0.38637001706264973,0.6136299829373503,1.0,0.39572861388822533,0.6042713861117747,1.0,0.41533768732396303,0.584662312676037,1,0.3759950713501564,0.6240049286498436,1,0.3754501381706036,0.6245498618293964,1.0,0.3425191289218856,0.6574808710781144,1.0,0.3133254829248788,0.6866745170751212
1422131,2024,2024-03-31,Delhi Capitals,Chennai Super Kings,Delhi Capitals,Chennai Super Kings,Delhi Capitals,1,0.42377349734306335,0,0.5762265026569366,0.41954718489656234,0,0.5804528151034376,0,0.42742252860763036,0.5725774713923697,1,0.5262252712299861,0.5262252712299861,1,0.5610093204030722,0.5610093204030722,0.0,0.46744523391030485,0.5325547660896952,0.0,0.469747509659994,0.530252490340006,1,0.5008530507276601,0.5008530507276601,1,0.5758364093383749,0.5758364093383749,1.0,0.7501497581128069,0.7501497581128069,1.0,0.8090973115272707,0.8090973115272707
1422132,2024,2024-04-01,Mumbai Indians,Rajasthan Royals,Mumbai Indians,Rajasthan Royals,Rajasthan Royals,0,0.5000980496406555,0,0.5000980496406555,0.09691372623207162,1,0.9030862737679284,1,0.399137800275002,0.600862199724998,1,0.39312016605092615,0.6068798339490739,1,0.4212896447741811,0.5787103552258188,1.0,0.3553302500608426,0.6446697499391574,1.0,0.19564595832082676,0.8043540416791732,1,0.1569857673552987,0.8430142326447013,1,0.19587135968345745,0.8041286403165425,1.0,0.18445168555898755,0.8155483144410125,1.0,0.07611592970521541,0.9238840702947846
1422133,2024,2024-04-02,Lucknow Super Giants,Royal Challengers Bengaluru,Lucknow Super Giants,Royal Challengers Bengaluru,Lucknow Super Giants,1,0.48746421933174133,0,0.5125357806682587,0.5356025376466471,1,0.5356025376466471,1,0.5601007877216627,0.5601007877216627,0,0.47610873882258853,0.5238912611774115,0,0.450028416826923,0.5499715831730769,1.0,0.5013020770274357,0.5013020770274357,0.0,0.4366926645538195,0.5633073354461805,0,0.4507100612284713,0.5492899387715287,1,0.5232665089496734,0.5232665089496734,1.0,0.6481327694961982,0.6481327694961982,1.0,0.7622991182451696,0.7622991182451696
1422134,2024,2024-04-03,Kolkata Knight Riders,Delhi Capitals,Kolkata Knight Riders,Delhi Capitals,Kolkata Knight Riders,1,0.5829897522926331,1,0.5829897522926331,0.8869556418151651,1,0.8869556418151651,1,0.5723821796748298,0.5723821796748298,1,0.7096796814448801,0.7096796814448801,1,0.7207026655397227,0.7207026655397227,1.0,0.7000900173183788,0.7000900173183788,1.0,0.8962676425279632,0.8962676425279632,1,0.888312945659209,0.888312945659209,1,0.968,0.968,1.0,0.998019801980198,0.998019801980198,1.0,0.998019801980198,0.998019801980198
1422135,2024,2024-04-04,Gujarat Titans,Punjab Kings,Gujarat Titans,Punjab Kings,Punjab Kings,0,0.4821225702762604,1,0.5178774297237396,0.20495428791743495,1,0.795045712082565,1,0.4163463347418722,0.5836536652581278,1,0.4163463347418722,0.5836536652581278,1,0.4131380268341607,0.5868619731658393,1.0,0.4353144720891212,0.5646855279108788,1.0,0.48642196397284765,0.5135780360271524,1,0.42618173327611936,0.5738182667238807,1,0.4577560787021837,0.5422439212978163,0.0,0.6207903558847736,0.6207903558847736,1.0,0.48557262623110053,0.5144273737688995
1422136,2024,2024-04-05,Chennai Super Kings,Sunrisers Hyderabad,Chennai Super Kings,Sunrisers Hyderabad,Sunrisers Hyderabad,0,0.49984902143478394,1,0.5001509785652161,0.4978642588060667,1,0.5021357411939333,1,0.4601137623892416,0.5398862376107584,1,0.4601137623892416,0.5398862376107584,1,0.46434324120163256,0.5356567587983674,1.0,0.46434324120163256,0.5356567587983674,1.0,0.4601137623892416,0.5398862376107584,1,0.44218419555802946,0.5578158044419705,1,0.27828465582474243,0.7217153441752575,1.0,0.21314506439149133,0.7868549356085086,1.0,0.20153418953233385,0.7984658104676662
1422137,2024,2024-04-06,Royal Challengers Bengaluru,Rajasthan Royals,Royal Challengers Bengaluru,Rajasthan Royals,Rajasthan Royals,0,0.4961550831794739,1,0.5038449168205261,0.1928262624523456,1,0.8071737375476544,0,0.5222445653818856,0.5222445653818856,0,0.5468839884588086,0.5468839884588086,0,0.514685155748467,0.514685155748467,0.0,0.5706910132255928,0.5706910132255928,0.0,0.539878493953314,0.539878493953314,0,0.6295896363008912,0.6295896363008912,0,0.5080410307213308,0.5080410307213308,1.0,0.4835918375612277,0.5164081624387723,1.0,0.3830776380296378,0.6169223619703622
1422138,2024,2024-04-07,Mumbai Indians,Delhi Capitals,Mumbai Indians,Delhi Capitals,Mumbai Indians,1,0.512255072593689,1,0.512255072593689,0.7849455418907251,1,0.7849455418907251,1,0.508713538782187,0.508713538782187,1,0.6700035876315928,0.6700035876315928,1,0.7895680157304804,0.7895680157304804,1.0,0.6557325013917367,0.6557325013917367,1.0,0.804077783219153,0.804077783219153,1,0.9245067347750316,0.9245067347750316,1,0.9499775171473864,0.9499775171473864,1.0,0.998019801980198,0.998019801980198,1.0,0.998019801980198,0.998019801980198
1422139,2024,2024-04-07,Lucknow Super Giants,Gujarat Titans,Lucknow Super Giants,Gujarat Titans,Lucknow Super Giants,1,0.6209045648574829,1,0.6209045648574829,0.95,1,0.95,1,0.5169287200632032,0.5169287200632032,1,0.5710496536042935,0.5710496536042935,1,0.602782844881566,0.602782844881566,1.0,0.5652066103102926,0.5652066103102926,1.0,0.5743370403479962,0.5743370403479962,1,0.5263700119854876,0.5263700119854876,0,0.47240246237070205,0.527597537629298,1.0,0.6824018038023925,0.6824018038023925,1.0,0.7651700125825218,0.7651700125825218
1426260,2024,2024-04-08,Kolkata Knight Riders,Chennai Super Kings,Kolkata Knight Riders,Chennai Super Kings,Chennai Super Kings,0,0.540683925151825,0,0.540683925151825,0.1438778033506827,1,0.8561221966493173,1,0.36846560237861997,0.6315343976213801,1,0.44399066394482345,0.5560093360551766,1,0.3630284787669886,0.6369715212330114,1.0,0.35225051513907346,0.6477494848609265,1.0,0.3296031059877797,0.6703968940122202,1,0.2606250653820842,0.7393749346179158,1,0.24162424638126517,0.7583757536187348,1.0,0.08005179854632989,0.9199482014536701,1.0,0.05897994069422641,0.9410200593057736
1426261,2024,2024-04-09,Sunrisers Hyderabad,Punjab Kings,Sunrisers Hyderabad,Punjab Kings,Sunrisers Hyderabad,1,0.5019541382789612,1,0.5019541382789612,0.19858503196248956,0,0.8014149680375104,0,0.3660675808335527,0.6339324191664473,0,0.3526818734851519,0.6473181265148481,0,0.3516913480760218,0.6483086519239782,0.0,0.35685303493786674,0.6431469650621333,0.0,0.39884520151068875,0.6011547984893113,0,0.4126072258734365,0.5873927741265634,0,0.4947052784482272,0.5052947215517728,1.0,0.5265427416802104,0.5265427416802104,1.0,0.6139581908232918,0.6139581908232918
1426262,2024,2024-04-10,Rajasthan Royals,Gujarat Titans,Rajasthan Royals,Gujarat Titans,Gujarat Titans,0,0.5689656734466553,0,0.5689656734466553,0.45149680851438845,1,0.5485031914856116,1,0.4931694411766497,0.5068305588233504,1,0.479733554329654,0.5202664456703461,1,0.49318222787847976,0.5068177721215202,0.0,0.5468839884588086,0.5468839884588086,0.0,0.5678981498219418,0.5678981498219418,0,0.6295907606611877,0.6295907606611877,0,0.6000265088594776,0.6000265088594776,0.0,0.7248869802833854,0.7248869802833854,0.0,0.769712287776971,0.769712287776971
1426263,2024,2024-04-11,Royal Challengers Bengaluru,Mumbai Indians,Royal Challengers Bengaluru,Mumbai Indians,Mumbai Indians,0,0.47962743043899536,1,0.5203725695610046,0.1157854050866211,1,0.884214594913379,1,0.455727187821574,0.5442728121784259,1,0.4353144720891212,0.5646855279108788,0,0.5131621051787194,0.5131621051787194,1.0,0.48187879968597375,0.5181212003140263,0.0,0.5107474589639743,0.5107474589639743,0,0.5557639940060725,0.5557639940060725,0,0.5072536016864205,0.5072536016864205,1.0,0.4163463347418722,0.5836536652581278,1.0,0.25898654115471853,0.7410134588452815
1426264,2024,2024-04-12,Lucknow Super Giants,Delhi Capitals,Lucknow Super Giants,Delhi Capitals,Delhi Capitals,0,0.5787663459777832,0,0.5787663459777832,0.23903628657874165,1,0.7609637134212583,1,0.47273576349264046,0.5272642365073595,1,0.47273576349264046,0.5272642365073595,1,0.47693548965366483,0.5230645103463352,1.0,0.3936898375363266,0.6063101624636734,1.0,0.47525704698015875,0.5247429530198413,1,0.42535912667278286,0.5746408733272171,1,0.37740374717296155,0.6225962528270385,1.0,0.4163463347418722,0.5836536652581278,1.0,0.18058200704226687,0.8194179929577331
1426265,2024,2024-04-13,Punjab Kings,Rajasthan Royals,Punjab Kings,Rajasthan Royals,Rajasthan Royals,0,0.40523508191108704,1,0.594764918088913,0.3681994293377737,1,0.6318005706622263,1,0.39884520151068875,0.6011547984893113,1,0.36355033361933725,0.6364496663806627,1,0.2809885012359004,0.7190114987640996,1.0,0.2567460769934761,0.7432539230065238,1.0,0.36355033361933725,0.6364496663806627,1,0.3593791721666224,0.6406208278333776,1,0.3040401696034369,0.6959598303965631,1.0,0.36927492438970627,0.6307250756102938,1.0,0.4291685988807762,0.5708314011192238
1426266,2024,2024-04-14,Lucknow Super Giants,Kolkata Knight Riders,Lucknow Super Giants,Kolkata Knight Riders,Kolkata Knight Riders,0,0.5091070532798767,0,0.5091070532798767,0.21829350439200143,1,0.7817064956079985,1,0.4089066213354296,0.5910933786645705,1,0.4089066213354296,0.5910933786645705,1,0.3765586215597664,0.6234413784402336,1.0,0.3808296267343739,0.6191703732656261,1.0,0.4163463347418722,0.5836536652581278,1,0.3294194184968462,0.6705805815031538,1,0.371116734020826,0.628883265979174,1.0,0.2635688187868082,0.7364311812131918,1.0,0.16623988748926333,0.8337601125107367
1426267,2024,2024-04-14,Chennai Super Kings,Mumbai Indians,Chennai Super Kings,Mumbai Indians,Chennai Super Kings,1,0.5422371625900269,1,0.5422371625900269,0.49597525933512093,0,0.504024740664879,0,0.4544218823006543,0.5455781176993457,0,0.46689210481426296,0.5331078951857371,0,0.4093650895123444,0.5906349104876556,1.0,0.5776458687190166,0.5776458687190166,1.0,0.667053047730201,0.667053047730201,1,0.6165661636852551,0.6165661636852551,1,0.5592090934495905,0.5592090934495905,1.0,0.6130827380512347,0.6130827380512347,1.0,0.7195086241909425,0.7195086241909425
1426268,2024,2024-04-15,Sunrisers Hyderabad,Royal Challengers Bengaluru,Sunrisers Hyderabad,Royal Challengers Bengaluru,Sunrisers Hyderabad,1,0.45120856165885925,0,0.5487914383411407,0.6443942773588416,1,0.6443942773588416,0,0.4689613329851047,0.5310386670148953,1,0.5013020770274357,0.5013020770274357,1,0.5685706578827979,0.5685706578827979,1.0,0.554141308019472,0.554141308019472,1.0,0.6349095906604545,0.6349095906604545,1,0.5822500426644824,0.5822500426644824,1,0.5491592692574465,0.5491592692574465,1.0,0.6505410361380537,0.6505410361380537,1.0,0.659295407943273,0.659295407943273
1426269,2024,2024-04-16,Kolkata Knight Riders,Rajasthan Royals,Kolkata Knight Riders,Rajasthan Royals,Rajasthan Royals,0,0.5103785395622253,0,0.5103785395622253,0.6161340140695548,0,0.6161340140695548,1,0.3627410116082509,0.6372589883917491,1,0.39003996262466395,0.609960037375336,1,0.4643839488126977,0.5356160511873023,0.0,0.5500002758022863,0.5500002758022863,0.0,0.5592082858360534,0.5592082858360534,0,0.7298182373475266,0.7298182373475266,0,0.748699514835595,0.748699514835595,0.0,0.8140951094459071,0.8140951094459071,0.0,0.951030032266071,0.951030032266071
1426270,2024,2024-04-17,Gujarat Titans,Delhi Capitals,Gujarat Titans,Delhi Capitals,Delhi Capitals,0,0.49657490849494934,1,0.5034250915050507,0.4551672921029712,1,0.5448327078970288,1,0.36214853797037866,0.6378514620296214,1,0.2688833238018021,0.731116676198198,1,0.1423701414344622,0.8576298585655378,1.0,0.0630957525620447,0.9369042474379553,,,,1,0.0034482758620689655,0.996551724137931,1,0.0034482758620689655,0.996551724137931,,,,,,
1426271,2024,2024-04-18,Mumbai Indians,Punjab Kings,Mumbai Indians,Punjab Kings,Mumbai Indians,1,0.5177194476127625,1,0.5177194476127625,0.7588363857948758,1,0.7588363857948758,0,0.41488571988268513,0.5851142801173148,0,0.4143265528196335,0.5856734471803665,0,0.4172862588515526,0.5827137411484473,0.0,0.41488571988268513,0.5851142801173148,1.0,0.5186106166417958,0.5186106166417958,1,0.7519339874369736,0.7519339874369736,1,0.7492586208577322,0.7492586208577322,1.0,0.7826131047136295,0.7826131047136295,1.0,0.7789018054177936,0.7789018054177936
1426272,2024,2024-04-19,Chennai Super Kings,Lucknow Super Giants,Chennai Super Kings,Lucknow Super Giants,Lucknow Super Giants,0,0.573738694190979,0,0.573738694190979,0.16261282424781012,1,0.8373871757521899,0,0.5138515502759875,0.5138515502759875,0,0.6602080310041305,0.6602080310041305,0,0.626984771455656,0.626984771455656,1.0,0.4534427359783854,0.5465572640216145,0.0,0.5943919054674843,0.5943919054674843,0,0.6339902659611505,0.6339902659611505,0,0.5302644723363069,0.5302644723363069,0.0,0.5302644723363069,0.5302644723363069,1.0,0.4994519530640281,0.5005480469359719
1426273,2024,2024-04-20,Sunrisers Hyderabad,Delhi Capitals,Sunrisers Hyderabad,Delhi Capitals,Sunrisers Hyderabad,1,0.45136675238609314,0,0.5486332476139069,0.9186261062132509,1,0.9186261062132509,1,0.6733907527940349,0.6733907527940349,1,0.7853311475453217,0.7853311475453217,1,0.8048293251237455,0.8048293251237455,1.0,0.8256263003607911,0.8256263003607911,1.0,0.9519577151671884,0.9519577151671884,1,0.8658050552356522,0.8658050552356522,1,0.8539821078104388,0.8539821078104388,1.0,0.8952787394461786,0.8952787394461786,1.0,0.9784172661870503,0.9784172661870503
1426274,2024,2024-04-21,Kolkata Knight Riders,Royal Challengers Bengaluru,Kolkata Knight Riders,Royal Challengers Bengaluru,Kolkata Knight Riders,1,0.5102009177207947,1,0.5102009177207947,0.5950879958826768,1,0.5950879958826768,0,0.3308187714139715,0.6691812285860286,0,0.389860451808216,0.610139548191784,0,0.3550098688225328,0.6449901311774672,0.0,0.3644682110082932,0.6355317889917068,0.0,0.38921000913349924,0.6107899908665008,0,0.4397976417814392,0.5602023582185608,0,0.47447254106375336,0.5255274589362466,0.0,0.3842505493877872,0.6157494506122128,0.0,0.3220835280301162,0.6779164719698838
1426275,2024,2024-04-21,Punjab Kings,Gujarat Titans,Punjab Kings,Gujarat Titans,Gujarat Titans,0,0.42662161588668823,1,0.5733783841133118,0.28170802718142707,1,0.7182919728185729,1,0.4681729835583111,0.531827016441689,1,0.3733329823640186,0.6266670176359814,1,0.33644107863256034,0.6635589213674397,1.0,0.2732608851756897,0.7267391148243103,1.0,0.33644107863256034,0.6635589213674397,1,0.24813959447561026,0.7518604055243897,1,0.31177459737964625,0.6882254026203538,1.0,0.3149829052873578,0.6850170947126422,1.0,0.3425792102509792,0.6574207897490207
1426276,2024,2024-04-22,Mumbai Indians,Rajasthan Royals,Mumbai Indians,Rajasthan Royals,Rajasthan Royals,0,0.5194985866546631,0,0.5194985866546631,0.17227310654952313,1,0.8277268934504769,0,0.5253810605888214,0.5253810605888214,0,0.5361953509010198,0.5361953509010198,0,0.5011520620039354,0.5011520620039354,0.0,0.5419478802831581,0.5419478802831581,0.0,0.5576982787710069,0.5576982787710069,0,0.5884755768542183,0.5884755768542183,0,0.5167451313007183,0.5167451313007183,0.0,0.5252736763759603,0.5252736763759603,1.0,0.2809885012359004,0.7190114987640996
1426277,2024,2024-04-23,Chennai Super Kings,Lucknow Super Giants,Chennai Super Kings,Lucknow Super Giants,Lucknow Super Giants,0,0.5083013772964478,0,0.5083013772964478,0.2869778878360522,1,0.7130221121639477,1,0.3967372613061345,0.6032627386938655,1,0.38975601607660665,0.6102439839233933,1,0.399137800275002,0.600862199724998,1.0,0.44779365357632256,0.5522063464236775,0.0,0.6443915215188951,0.6443915215188951,0,0.7960951806162291,0.7960951806162291,0,0.8726091612478518,0.8726091612478518,0.0,0.9245067347750316,0.9245067347750316,0.0,0.9499775171473864,0.9499775171473864
1426278,2024,2024-04-24,Delhi Capitals,Gujarat Titans,Delhi Capitals,Gujarat Titans,Delhi Capitals,1,0.521891176700592,1,0.521891176700592,0.3239902274402197,0,0.6760097725597802,1,0.6064735098649716,0.6064735098649716,0,0.4649042743858029,0.535095725614197,0,0.4753050548710561,0.5246949451289439,0.0,0.4943090732851532,0.5056909267148468,1.0,0.7656470982232423,0.7656470982232423,1,0.8691637830965913,0.8691637830965913,1,0.8342026497916393,0.8342026497916393,1.0,0.9056659830655894,0.9056659830655894,1.0,0.9264481053826806,0.9264481053826806
1426279,2024,2024-04-25,Royal Challengers Bengaluru,Sunrisers Hyderabad,Royal Challengers Bengaluru,Sunrisers Hyderabad,Royal Challengers Bengaluru,1,0.47419777512550354,0,0.5258022248744965,0.6426145611376609,1,0.6426145611376609,1,0.7388720229875988,0.7388720229875988,1,0.6781443425657261,0.6781443425657261,1,0.7147622064482093,0.7147622064482093,1.0,0.7235894108454999,0.7235894108454999,1.0,0.7642168553892159,0.7642168553892159,1,0.901893968696011,0.901893968696011,1,0.901893968696011,0.901893968696011,1.0,0.9499775171473864,0.9499775171473864,1.0,1.0,1.0
1426280,2024,2024-04-26,Kolkata Knight Riders,Punjab Kings,Kolkata Knight Riders,Punjab Kings,Punjab Kings,0,0.5123818516731262,0,0.5123818516731262,0.19283401384757848,1,0.8071659861524215,1,0.37784378150118253,0.6221562184988174,1,0.3951731616809913,0.6048268383190087,1,0.3876213667038605,0.6123786332961395,1.0,0.41370168869952584,0.5862983113004742,0.0,0.6225691608683245,0.6225691608683245,0,0.6303203994078908,0.6303203994078908,0,0.5754880607877987,0.5754880607877987,0.0,0.6483952657180512,0.6483952657180512,0.0,0.5420378939641836,0.5420378939641836
1426281,2024,2024-04-27,Delhi Capitals,Mumbai Indians,Delhi Capitals,Mumbai Indians,Delhi Capitals,1,0.4841761291027069,0,0.5158238708972931,0.7071855764569447,1,0.7071855764569447,1,0.6388101162271751,0.6388101162271751,1,0.6684388650142388,0.6684388650142388,1,0.7244900135418227,0.7244900135418227,1.0,0.7623234961322432,0.7623234961322432,1.0,0.9499775171473864,0.9499775171473864,1,0.9499775171473864,0.9499775171473864,1,0.9499775171473864,0.9499775171473864,1.0,1.0,1.0,1.0,1.0,1.0
1426282,2024,2024-04-27,Lucknow Super Giants,Rajasthan Royals,Lucknow Super Giants,Rajasthan Royals,Rajasthan Royals,0,0.5042650699615479,0,0.5042650699615479,0.3967303795097821,1,0.6032696204902179,0,0.600922177152575,0.600922177152575,0,0.5951667814691218,0.5951667814691218,0,0.706597102174906,0.706597102174906,0.0,0.7685827109952202,0.7685827109952202,0.0,0.7110523867277515,0.7110523867277515,0,0.7320444949549122,0.7320444949549122,0,0.7343879255328173,0.7343879255328173,0.0,0.8189156330904236,0.8189156330904236,0.0,0.6838081420257798,0.6838081420257798
1426283,2024,2024-04-28,Gujarat Titans,Royal Challengers Bengaluru,Gujarat Titans,Royal Challengers Bengaluru,Royal Challengers Bengaluru,0,0.4905495345592499,1,0.5094504654407501,0.08343363818772376,1,0.9165663618122762,1,0.36787626415465297,0.6321237358453471,1,0.3370975769957004,0.6629024230042996,1,0.4131380268341607,0.5868619731658393,1.0,0.4599621351716657,0.5400378648283344,1.0,0.49025120558596924,0.5097487944140308,0,0.5386181542297404,0.5386181542297404,0,0.5030113361721995,0.5030113361721995,1.0,0.4765515073710175,0.5234484926289825,1.0,0.3228666514780144,0.6771333485219856
1426284,2024,2024-04-28,Chennai Super Kings,Sunrisers Hyderabad,Chennai Super Kings,Sunrisers Hyderabad,Chennai Super Kings,1,0.5117179155349731,1,0.5117179155349731,0.6537592972761128,1,0.6537592972761128,0,0.4121395445526452,0.5878604554473548,0,0.45134139191129324,0.5486586080887068,0,0.48219073989759575,0.5178092601024042,1.0,0.514685155748467,0.514685155748467,1.0,0.6670287592563069,0.6670287592563069,1,0.8802676425279632,0.8802676425279632,1,0.9019577151671884,0.9019577151671884,1.0,0.998019801980198,0.998019801980198,1.0,0.998019801980198,0.998019801980198
1426285,2024,2024-04-29,Delhi Capitals,Kolkata Knight Riders,Delhi Capitals,Kolkata Knight Riders,Kolkata Knight Riders,0,0.4867342710494995,1,0.5132657289505005,0.16076167730858573,1,0.8392383226914143,1,0.3673170970916013,0.6326829029083987,1,0.40946952524395375,0.5905304747560463,1,0.3865364000067144,0.6134635999932856,1.0,0.3381052481335757,0.6618947518664243,1.0,0.31500933490745836,0.6849906650925417,1,0.18862591423412364,0.8113740857658763,1,0.17207117767938712,0.8279288223206129,1.0,0.11578091397849462,0.8842190860215053,1.0,0.024582763337893297,0.9754172366621067
1426286,2024,2024-04-30,Mumbai Indians,Lucknow Super Giants,Mumbai Indians,Lucknow Super Giants,Lucknow Super Giants,0,0.55411297082901,0,0.55411297082901,0.5730046910464913,0,0.5730046910464913,0,0.6408681306988264,0.6408681306988264,1,0.46996959714000175,0.5300304028599983,1,0.42258334007472176,0.5774166599252782,1.0,0.389519560337071,0.610480439662929,1.0,0.41128937276434413,0.5887106272356559,0,0.5301405422716219,0.5301405422716219,1,0.38862888058795375,0.6113711194120462,1.0,0.39601837927900546,0.6039816207209945,1.0,0.3648083337739746,0.6351916662260254
1426287,2024,2024-05-01,Chennai Super Kings,Punjab Kings,Chennai Super Kings,Punjab Kings,Punjab Kings,0,0.46756255626678467,1,0.5324374437332153,0.27307072591486153,1,0.7269292740851385,1,0.3538975389113436,0.6461024610886563,1,0.3938625521004183,0.6061374478995817,1,0.3586278674271101,0.6413721325728898,1.0,0.3296031059877797,0.6703968940122202,1.0,0.3586278674271101,0.6413721325728898,1,0.35794569674815424,0.6420543032518458,1,0.3070344299640536,0.6929655700359464,1.0,0.20897665185911496,0.791023348140885,1.0,0.14304101544277464,0.8569589845572254
1426288,2024,2024-05-02,Sunrisers Hyderabad,Rajasthan Royals,Sunrisers Hyderabad,Rajasthan Royals,Sunrisers Hyderabad,1,0.4314379096031189,0,0.5685620903968811,0.47225861739460817,0,0.5277413826053918,0,0.4672759037674076,0.5327240962325924,0,0.4663235228150266,0.5336764771849734,0,0.4576413522723909,0.5423586477276091,1.0,0.5163054972691881,0.5163054972691881,1.0,0.5328602338239247,0.5328602338239247,1,0.7055825847306438,0.7055825847306438,1,0.5624197676435527,0.5624197676435527,1.0,0.5701305740291442,0.5701305740291442,1.0,0.6731862887687077,0.6731862887687077
1426289,2024,2024-05-03,Kolkata Knight Riders,Mumbai Indians,Kolkata Knight Riders,Mumbai Indians,Kolkata Knight Riders,1,0.5246933698654175,1,0.5246933698654175,0.9434766238437362,1,0.9434766238437362,0,0.49898646636607114,0.5010135336339289,0,0.4947867402050468,0.5052132597949532,0,0.4719090126615641,0.5280909873384358,0.0,0.4931118459559542,0.5068881540440457,0.0,0.48888236714356326,0.5111176328564367,0,0.48880207921443813,0.5111979207855619,0,0.48888236714356326,0.5111176328564367,1.0,0.6495221493886759,0.6495221493886759,1.0,0.6124653237940376,0.6124653237940376
1426290,2024,2024-05-04,Gujarat Titans,Royal Challengers Bengaluru,Gujarat Titans,Royal Challengers Bengaluru,Royal Challengers Bengaluru,0,0.46308210492134094,1,0.5369178950786591,0.4926457913392491,1,0.507354208660751,1,0.3422610807117499,0.6577389192882501,1,0.25354976999549494,0.746450230004505,1,0.28624455574825947,0.7137554442517405,1.0,0.31666613116983483,0.6833338688301651,1.0,0.35522147417457195,0.644778525825428,1,0.14563936413389547,0.8543606358661046,1,0.08658104598428519,0.9134189540157148,1.0,0.07211592970521542,0.9278840702947846,,,
1426291,2024,2024-05-05,Chennai Super Kings,Punjab Kings,Chennai Super Kings,Punjab Kings,Chennai Super Kings,1,0.50357985496521,1,0.50357985496521,0.7050969233877161,1,0.7050969233877161,0,0.47472943318418287,0.5252705668158171,1,0.5147161562909763,0.5147161562909763,1,0.5014658511152148,0.5014658511152148,0.0,0.47472943318418287,0.5252705668158171,0.0,0.47472943318418287,0.5252705668158171,1,0.6221673185359371,0.6221673185359371,1,0.514685155748467,0.514685155748467,1.0,0.5805336338822352,0.5805336338822352,1.0,0.8751971517869068,0.8751971517869068
1426292,2024,2024-05-05,Kolkata Knight Riders,Lucknow Super Giants,Kolkata Knight Riders,Lucknow Super Giants,Kolkata Knight Riders,1,0.5038530826568604,1,0.5038530826568604,0.95,1,0.95,1,0.765166490963622,0.765166490963622,1,0.765166490963622,0.765166490963622,1,0.8088992214753317,0.8088992214753317,1.0,0.8304182088171037,0.8304182088171037,1.0,0.998019801980198,0.998019801980198,1,0.998019801980198,0.998019801980198,1,0.998019801980198,0.998019801980198,1.0,0.998019801980198,0.998019801980198,1.0,1.0,1.0
1426293,2024,2024-05-06,Sunrisers Hyderabad,Mumbai Indians,Sunrisers Hyderabad,Mumbai Indians,Mumbai Indians,0,0.46069297194480896,1,0.539307028055191,0.19055681257924362,1,0.8094431874207564,1,0.466883414433828,0.5331165855661719,0,0.5090562940426618,0.5090562940426618,1,0.491451658521979,0.508548341478021,1.0,0.4486150031731574,0.5513849968268426,1.0,0.4647968280131476,0.5352031719868524,1,0.38975601607660665,0.6102439839233933,0,0.5190596429415713,0.5190596429415713,1.0,0.4366926645538195,0.5633073354461805,1.0,0.343794875677171,0.6562051243228291
1426294,2024,2024-05-07,Delhi Capitals,Rajasthan Royals,Delhi Capitals,Rajasthan Royals,Delhi Capitals,1,0.46561017632484436,0,0.5343898236751556,0.590461710917756,1,0.590461710917756,1,0.5913754388471235,0.5913754388471235,1,0.6694652919007062,0.6694652919007062,1,0.6608126021947462,0.6608126021947462,1.0,0.6300000829224675,0.6300000829224675,1.0,0.9499775171473864,0.9499775171473864,1,0.900311436402518,0.900311436402518,1,0.8059623058302409,0.8059623058302409,1.0,0.976500814638426,0.976500814638426,1.0,0.951030032266071,0.951030032266071
1426295,2024,2024-05-08,Lucknow Super Giants,Sunrisers Hyderabad,Lucknow Super Giants,Sunrisers Hyderabad,Sunrisers Hyderabad,0,0.4519307315349579,1,0.5480692684650421,0.14507799839277633,1,0.8549220016072236,1,0.37917608263491676,0.6208239173650832,1,0.3454741298931153,0.6545258701068847,1,0.3286741679774721,0.6713258320225279,1.0,0.31830465539720054,0.6816953446027995,1.0,0.3821357886668359,0.617864211333164,1,0.35290701350221354,0.6470929864977865,1,0.2578066680998455,0.7421933319001546,1.0,0.1370452519234104,0.8629547480765896,,,
1426296,2024,2024-05-09,Royal Challengers Bengaluru,Punjab Kings,Royal Challengers Bengaluru,Punjab Kings,Royal Challengers Bengaluru,1,0.4755445718765259,0,0.5244554281234741,0.925208238520323,1,0.925208238520323,0,0.4391744286550141,0.5608255713449859,1,0.514685155748467,0.514685155748467,1,0.7473081685352712,0.7473081685352712,1.0,0.7351467015829249,0.7351467015829249,1.0,0.976500814638426,0.976500814638426,1,0.9499775171473864,0.9499775171473864,1,0.9499775171473864,0.9499775171473864,1.0,0.998019801980198,0.998019801980198,1.0,1.0,1.0
1426297,2024,2024-05-10,Gujarat Titans,Chennai Super Kings,Gujarat Titans,Chennai Super Kings,Gujarat Titans,1,0.49613460898399353,0,0.5038653910160065,0.4893891900497703,0,0.5106108099502298,1,0.5713700322313672,0.5713700322313672,0,0.46045037535786565,0.5395496246421343,1,0.7329342800932045,0.7329342800932045,1.0,0.764313159460398,0.764313159460398,1.0,0.8859577151671884,0.8859577151671884,1,0.976500814638426,0.976500814638426,1,0.9622799450260755,0.9622799450260755,1.0,1.0,1.0,1.0,1.0,1.0
1426298,2024,2024-05-11,Kolkata Knight Riders,Mumbai Indians,Kolkata Knight Riders,Mumbai Indians,Kolkata Knight Riders,1,0.5471599698066711,1,0.5471599698066711,0.606667676317671,1,0.606667676317671,0,0.30335875102360543,0.6966412489763946,0,0.31178216004183373,0.6882178399581662,0,0.32997858555989784,0.6700214144401022,0.0,0.40591942332090925,0.5940805766790908,,,,0,0.20854041082426944,0.7914595891757306,0,0.17593084425156919,0.8240691557484308,0.0,0.20740996457814193,0.792590035421858,0.0,0.11064635281983129,0.8893536471801687
1426299,2024,2024-05-12,Rajasthan Royals,Chennai Super Kings,Rajasthan Royals,Chennai Super Kings,Chennai Super Kings,0,0.5495608448982239,0,0.5495608448982239,0.3175583993128473,1,0.6824416006871528,1,0.3472190422604755,0.6527809577395245,1,0.3472190422604755,0.6527809577395245,1,0.3322075900381695,0.6677924099618304,1.0,0.2760862108890079,0.7239137891109921,1.0,0.26775287755567456,0.7322471224443254,1,0.1877817223315908,0.8122182776684093,1,0.20017326849399347,0.7998267315060066,1.0,0.1877817223315908,0.8122182776684093,1.0,0.05664513371417244,0.9433548662858275
1426300,2024,2024-05-12,Royal Challengers Bengaluru,Delhi Capitals,Royal Challengers Bengaluru,Delhi Capitals,Royal Challengers Bengaluru,1,0.47362467646598816,0,0.5263753235340118,0.7713949986448413,1,0.7713949986448413,0,0.44999319563785567,0.5500068043621443,1,0.5374638477385689,0.5374638477385689,1,0.604142243520885,0.604142243520885,1.0,0.533234368926178,0.533234368926178,0.0,0.4735394474441728,0.5264605525558272,1,0.509555030672372,0.509555030672372,1,0.5385291407199387,0.5385291407199387,1.0,0.5178914492267875,0.5178914492267875,0.0,0.4910676762393317,0.5089323237606683
1426302,2024,2024-05-14,Delhi Capitals,Lucknow Super Giants,Delhi Capitals,Lucknow Super Giants,Delhi Capitals,1,0.5007047653198242,1,0.5007047653198242,0.9255742779226783,1,0.9255742779226783,0,0.4493248674492828,0.5506751325507172,1,0.6615973089351622,0.6615973089351622,1,0.6776898400464086,0.6776898400464086,1.0,0.5340185803583145,0.5340185803583145,1.0,0.6928202748290173,0.6928202748290173,1,0.8177852532554543,0.8177852532554543,1,0.8777624167946749,0.8777624167946749,1.0,0.9186875926204008,0.9186875926204008,1.0,0.8962676425279632,0.8962676425279632
1426303,2024,2024-05-15,Rajasthan Royals,Punjab Kings,Rajasthan Royals,Punjab Kings,Punjab Kings,0,0.6070595979690552,0,0.6070595979690552,0.14576456087227824,1,0.8542354391277218,1,0.4333442677113812,0.5666557322886188,1,0.42623208306296456,0.5737679169370354,1,0.33765674405875207,0.6623432559412479,1.0,0.3653251661085807,0.6346748338914193,1.0,0.37488746431030406,0.6251125356896959,1,0.31708898997100876,0.6829110100289912,1,0.40826568524694073,0.5917343147530593,1.0,0.43394727910542163,0.5660527208945784,1.0,0.3605948375928142,0.6394051624071858
1426305,2024,2024-05-17,Lucknow Super Giants,Mumbai Indians,Lucknow Super Giants,Mumbai Indians,Lucknow Super Giants,1,0.4718238413333893,0,0.5281761586666107,0.5205315838897587,1,0.5205315838897587,0,0.44081178281859745,0.5591882171814025,0,0.441143114534707,0.558856885465293,0,0.4346695770482441,0.565330422951756,1.0,0.5378760108594849,0.5378760108594849,1.0,0.7087058657199506,0.7087058657199506,1,0.9245067347750316,0.9245067347750316,1,0.9245067347750316,0.9245067347750316,1.0,0.9714965044891585,0.9714965044891585,1.0,0.9714965044891585,0.9714965044891585
1426306,2024,2024-05-18,Royal Challengers Bengaluru,Chennai Super Kings,Royal Challengers Bengaluru,Chennai Super Kings,Royal Challengers Bengaluru,1,0.4466201961040497,0,0.5533798038959503,0.5339257254706236,1,0.5339257254706236,0,0.44999319563785567,0.5500068043621443,0,0.39321606117125124,0.6067839388287488,0,0.3908155222023838,0.6091844777976162,0.0,0.43167575670651825,0.5683242432934817,1.0,0.5088252421534675,0.5088252421534675,1,0.5496513265225615,0.5496513265225615,0,0.4891594205362349,0.5108405794637652,1.0,0.6262866243021781,0.6262866243021781,1.0,0.6389801459744024,0.6389801459744024
1426307,2024,2024-05-19,Punjab Kings,Sunrisers Hyderabad,Punjab Kings,Sunrisers Hyderabad,Sunrisers Hyderabad,0,0.44306275248527527,1,0.5569372475147247,0.5022396972437138,0,0.5022396972437138,1,0.4333442677113812,0.5666557322886188,1,0.4796660531023589,0.5203339468976411,0,0.5816219686244161,0.5816219686244161,0.0,0.628960320686686,0.628960320686686,0.0,0.6318164580407313,0.6318164580407313,0,0.7400359038611668,0.7400359038611668,0,0.6999072442439253,0.6999072442439253,0.0,0.6241074228621559,0.6241074228621559,1.0,0.45791213264379654,0.5420878673562035
1426309,2024,2024-05-21,Sunrisers Hyderabad,Kolkata Knight Riders,Sunrisers Hyderabad,Kolkata Knight Riders,Kolkata Knight Riders,0,0.3950706124305725,1,0.6049293875694275,0.2668854349240413,1,0.7331145650759587,1,0.4149821440855802,0.5850178559144198,1,0.38913679296188175,0.6108632070381182,1,0.45445023046795513,0.5455497695320448,1.0,0.4855100422363449,0.514489957763655,1.0,0.31511638091787814,0.6848836190821219,1,0.27778344154120554,0.7222165584587945,1,0.27778344154120554,0.7222165584587945,1.0,0.1487215237417561,0.8512784762582439,,,
1426310,2024,2024-05-22,Royal Challengers Bengaluru,Rajasthan Royals,Royal Challengers Bengaluru,Rajasthan Royals,Rajasthan Royals,0,0.415850430727005,1,0.584149569272995,0.2382022795081311,1,0.7617977204918689,1,0.33067312200187676,0.6693268779981232,1,0.3963624612520418,0.6036375387479582,1,0.40022670161137536,0.5997732983886246,1.0,0.40168597350360075,0.5983140264963993,1.0,0.41049397267773785,0.5895060273222621,1,0.35279832902615577,0.6472016709738442,1,0.31748499765303817,0.6825150023469618,1.0,0.3006120776439909,0.6993879223560091,1.0,0.3548235091847417,0.6451764908152583
1426311,2024,2024-05-24,Sunrisers Hyderabad,Rajasthan Royals,Sunrisers Hyderabad,Rajasthan Royals,Sunrisers Hyderabad,1,0.4532003402709961,0,0.5467996597290039,0.3729759618752427,0,0.6270240381247574,0,0.36983636206097925,0.6301636379390207,1,0.5048747586671446,0.5048747586671446,0,0.49731157211697863,0.5026884278830214,0.0,0.3915238900399827,0.6084761099600173,0.0,0.389860451808216,0.610139548191784,0,0.3707163028575892,0.6292836971424107,0,0.36884583665184917,0.6311541633481508,0.0,0.43249293839279507,0.5675070616072049,1.0,0.6781378494757028,0.6781378494757028
1426312,2024,2024-05-26,Sunrisers Hyderabad,Kolkata Knight Riders,Sunrisers Hyderabad,Kolkata Knight Riders,Kolkata Knight Riders,0,0.4045780897140503,1,0.5954219102859497,0.15984235917715484,1,0.8401576408228452,1,0.32102368450999885,0.6789763154900011,1,0.29653189059837237,0.7034681094016276,1,0.28876983644811477,0.7112301635518852,1.0,0.2683764185716992,0.7316235814283008,,,,1,0.004,0.996,1,0.0,1.0,1.0,0.0,1.0,,,
1473438,2025,2025-03-22,Kolkata Knight Riders,Royal Challengers Bengaluru,Kolkata Knight Riders,Royal Challengers Bengaluru,Royal Challengers Bengaluru,0,0.4901540279388428,1,0.5098459720611572,0.4362037268680887,1,0.5637962731319113,1,0.3486329513793721,0.6513670486206279,1,0.4822350245136534,0.5177649754863466,0,0.517092624783286,0.517092624783286,1.0,0.4989816837501365,0.5010183162498635,1.0,0.3914542375397166,0.6085457624602835,1,0.3370975769957004,0.6629024230042996,1,0.3098861028838029,0.6901138971161971,1.0,0.23278283506669367,0.7672171649333064,1.0,0.10293888749446536,0.8970611125055347
1473439,2025,2025-03-23,Sunrisers Hyderabad,Rajasthan Royals,Sunrisers Hyderabad,Rajasthan Royals,Sunrisers Hyderabad,1,0.4932943880558014,0,0.5067056119441986,0.3214411014249909,0,0.6785588985750091,0,0.4519475111112641,0.5480524888887359,0,0.4569036078454031,0.5430963921545968,0,0.4366756954733798,0.5633243045266202,0.0,0.4965903371095551,0.503409662890445,1.0,0.5885458890142975,0.5885458890142975,1,0.624398511685329,0.624398511685329,1,0.5897442190628792,0.5897442190628792,1.0,0.689575169139965,0.689575169139965,1.0,0.7066239162523016,0.7066239162523016
1473440,2025,2025-03-23,Mumbai Indians,Chennai Super Kings,Mumbai Indians,Chennai Super Kings,Chennai Super Kings,0,0.43101203441619873,1,0.5689879655838013,0.15101518039541964,1,0.8489848196045804,1,0.37488746431030406,0.6251125356896959,1,0.4070669730024251,0.5929330269975749,1,0.37488746431030406,0.6251125356896959,1.0,0.33644107863256034,0.6635589213674397,1.0,0.3460033768342837,0.6539966231657163,1,0.36016347924673575,0.6398365207532642,1,0.22119470579573086,0.7788052942042691,1.0,0.0971877875573189,0.9028122124426811,1.0,0.24472344759731857,0.7552765524026814
1473441,2025,2025-03-24,Lucknow Super Giants,Delhi Capitals,Lucknow Super Giants,Delhi Capitals,Delhi Capitals,0,0.5109360218048096,0,0.5109360218048096,0.5374823185163642,0,0.5374823185163642,0,0.6916381647581629,0.6916381647581629,0,0.6916381647581629,0.6916381647581629,0,0.759772745115799,0.759772745115799,0.0,0.7435885359577739,0.7435885359577739,0.0,0.706597102174906,0.706597102174906,0,0.7160855465627038,0.7160855465627038,0,0.6792895486763447,0.6792895486763447,0.0,0.6422820418926651,0.6422820418926651,0.0,0.6249037250307906,0.6249037250307906
1473442,2025,2025-03-25,Punjab Kings,Gujarat Titans,Punjab Kings,Gujarat Titans,Punjab Kings,1,0.439964234828949,0,0.560035765171051,0.5551145385159715,1,0.5551145385159715,1,0.5144576913460931,0.5144576913460931,1,0.7534987100543278,0.7534987100543278,1,0.8140250739634076,0.8140250739634076,1.0,0.788785349690871,0.788785349690871,1.0,0.9884959924563885,0.9884959924563885,1,0.978481012658228,0.978481012658228,1,0.9470271304278995,0.9470271304278995,1.0,0.961972694965349,0.961972694965349,1.0,0.9045038329368602,0.9045038329368602
1473443,2025,2025-03-26,Rajasthan Royals,Kolkata Knight Riders,Rajasthan Royals,Kolkata Knight Riders,Kolkata Knight Riders,0,0.4827851355075836,1,0.5172148644924164,0.14556521119329008,1,0.8544347888067099,1,0.48269989795312523,0.5173001020468748,1,0.42489955872373575,0.5751004412762643,1,0.4033375264360263,0.5966624735639737,1.0,0.3967372613061345,0.6032627386938655,1.0,0.3967372613061345,0.6032627386938655,1,0.38144723692013677,0.6185527630798633,1,0.3727648795150233,0.6272351204849766,1.0,0.3769646056760476,0.6230353943239524,1.0,0.31000131172306056,0.6899986882769394
1473444,2025,2025-03-27,Sunrisers Hyderabad,Lucknow Super Giants,Sunrisers Hyderabad,Lucknow Super Giants,Lucknow Super Giants,0,0.42569947242736816,1,0.5743005275726318,0.21198942815334454,1,0.7880105718466555,1,0.35290701350221354,0.6470929864977865,1,0.3683264245313339,0.6316735754686661,1,0.3865364000067144,0.6134635999932856,1.0,0.37488746431030406,0.6251125356896959,1.0,0.42074286744309364,0.5792571325569064,1,0.36016347924673575,0.6398365207532642,1,0.2944558147032138,0.7055441852967862,1.0,0.11404696418797404,0.885953035812026,1.0,0.07615131578947368,0.9238486842105263
1473445,2025,2025-03-28,Royal Challengers Bengaluru,Chennai Super Kings,Royal Challengers Bengaluru,Chennai Super Kings,Royal Challengers Bengaluru,1,0.5330103039741516,1,0.5330103039741516,0.6693900638931306,1,0.6693900638931306,0,0.47934466733070924,0.5206553326692908,0,0.41021618303351237,0.5897838169664876,0,0.43056781519167897,0.569432184808321,0.0,0.4636294900319278,0.5363705099680722,0.0,0.45618977662548515,0.5438102233745148,1,0.713824328549425,0.713824328549425,1,0.7501497581128069,0.7501497581128069,1.0,0.9074767025089606,0.9074767025089606,1.0,0.9460257221168037,0.9460257221168037
1473446,2025,2025-03-29,Gujarat Titans,Mumbai Indians,Gujarat Titans,Mumbai Indians,Gujarat Titans,1,0.4575086236000061,0,0.5424913763999939,0.8651798209016137,1,0.8651798209016137,1,0.5083315821764238,0.5083315821764238,1,0.6400753770484847,0.6400753770484847,0,0.4677859827410587,0.5322140172589414,1.0,0.623196234359807,0.623196234359807,1.0,0.6137559709592416,0.6137559709592416,1,0.5776965077310873,0.5776965077310873,1,0.6895881498213519,0.6895881498213519,1.0,0.7645419566579402,0.7645419566579402,1.0,0.8300223577217232,0.8300223577217232
1473447,2025,2025-03-30,Sunrisers Hyderabad,Delhi Capitals,Sunrisers Hyderabad,Delhi Capitals,Delhi Capitals,0,0.5453136563301086,0,0.5453136563301086,0.13716902017792293,1,0.862830979822077,0,0.5361187444676989,0.5361187444676989,0,0.5225147596622906,0.5225147596622906,0,0.6630938089255833,0.6630938089255833,1.0,0.4788188917110472,0.5211811082889528,,,,1,0.24107931320171233,0.7589206867982876,1,0.24107931320171233,0.7589206867982876,1.0,0.16093059577874125,0.8390694042212588,1.0,0.05810857676403895,0.9418914232359611
1473448,2025,2025-03-30,Rajasthan Royals,Chennai Super Kings,Rajasthan Royals,Chennai Super Kings,Rajasthan Royals,1,0.47006916999816895,0,0.529930830001831,0.2972417753861743,0,0.7027582246138258,0,0.47337143177905344,0.5266285682209466,1,0.6540034653905136,0.6540034653905136,1,0.7393459546276689,0.7393459546276689,1.0,0.704384821322717,0.704384821322717,1.0,0.5573552609524892,0.5573552609524892,1,0.539878493953314,0.539878493953314,0,0.49893475726061814,0.5010652427393818,1.0,0.5576982787710069,0.5576982787710069,1.0,0.5391631025208226,0.5391631025208226
1473449,2025,2025-03-31,Kolkata Knight Riders,Mumbai Indians,Kolkata Knight Riders,Mumbai Indians,Mumbai Indians,0,0.5313581228256226,0,0.5313581228256226,0.2015163431014825,1,0.7984836568985175,1,0.399137800275002,0.600862199724998,1,0.3538975389113436,0.6461024610886563,1,0.35290701350221354,0.6470929864977865,1.0,0.3051076811098593,0.6948923188901407,,,,1,0.08653019118543681,0.9134698088145632,1,0.08653019118543681,0.9134698088145632,1.0,0.028125,0.971875,,,
1473450,2025,2025-04-01,Lucknow Super Giants,Punjab Kings,Lucknow Super Giants,Punjab Kings,Punjab Kings,0,0.47481727600097656,1,0.5251827239990234,0.2794131247203041,1,0.7205868752796959,1,0.49050958432339814,0.5094904156766018,1,0.49050958432339814,0.5094904156766018,0,0.5302644723363069,0.5302644723363069,1.0,0.49874511799210647,0.5012548820078935,0.0,0.5332339073346195,0.5332339073346195,1,0.49317792805024824,0.5068220719497518,1,0.4712321466206054,0.5287678533793946,1.0,0.37999666293761153,0.6200033370623885,1.0,0.33644107863256034,0.6635589213674397
1473451,2025,2025-04-02,Royal Challengers Bengaluru,Gujarat Titans,Royal Challengers Bengaluru,Gujarat Titans,Gujarat Titans,0,0.5076941847801208,0,0.5076941847801208,0.2573957543742024,1,0.7426042456257975,1,0.37113968656735563,0.6288603134326444,1,0.37401439577307183,0.6259856042269282,1,0.343794875677171,0.6562051243228291,1.0,0.3217936461709595,0.6782063538290405,1.0,0.37401439577307183,0.6259856042269282,1,0.43249293839279507,0.5675070616072049,1,0.40291145288102304,0.597088547118977,1.0,0.35118090316545575,0.6488190968345442,1.0,0.3154504657436431,0.6845495342563569
1473452,2025,2025-04-03,Kolkata Knight Riders,Sunrisers Hyderabad,Kolkata Knight Riders,Sunrisers Hyderabad,Kolkata Knight Riders,1,0.521190345287323,1,0.521190345287323,0.9185733896850944,1,0.9185733896850944,0,0.30658592588923,0.6934140741107699,0,0.3697176360604688,0.6302823639395312,0,0.36787626415465297,0.6321237358453471,0.0,0.3673170970916013,0.6326829029083987,1.0,0.501393688091421,0.501393688091421,1,0.6408573371112006,0.6408573371112006,1,0.6308222765621821,0.6308222765621821,1.0,0.8400333949371552,0.8400333949371552,1.0,0.850793958317437,0.850793958317437
1473453,2025,2025-04-04,Lucknow Super Giants,Mumbai Indians,Lucknow Super Giants,Mumbai Indians,Lucknow Super Giants,1,0.5073753595352173,1,0.5073753595352173,0.2877424079374687,0,0.7122575920625314,1,0.723073896244269,0.723073896244269,1,0.723073896244269,0.723073896244269,1,0.7534987100543278,0.7534987100543278,1.0,0.7747702650400935,0.7747702650400935,1.0,0.7583272673924035,0.7583272673924035,1,0.7988017613059629,0.7988017613059629,1,0.7093481149486192,0.7093481149486192,1.0,0.6378753585345938,0.6378753585345938,1.0,0.645391239617171,0.645391239617171
1473454,2025,2025-04-05,Delhi Capitals,Chennai Super Kings,Delhi Capitals,Chennai Super Kings,Delhi Capitals,1,0.5610784292221069,1,0.5610784292221069,0.5585993107404081,1,0.5585993107404081,0,0.3370975769957004,0.6629024230042996,0,0.36016347924673575,0.6398365207532642,0,0.3534661805652652,0.6465338194347348,0.0,0.36563752874413763,0.6343624712558624,0.0,0.4072639457157157,0.5927360542842843,0,0.4120666832707805,0.5879333167292196,0,0.4225933676803617,0.5774066323196383,1.0,0.5718365941360878,0.5718365941360878,1.0,0.6075030146313574,0.6075030146313574
1473455,2025,2025-04-05,Rajasthan Royals,Punjab Kings,Rajasthan Royals,Punjab Kings,Rajasthan Royals,1,0.417844295501709,0,0.582155704498291,0.7516521770577215,1,0.7516521770577215,0,0.4100379344950208,0.5899620655049792,0,0.4362413730321434,0.5637586269678566,0,0.4447943478963558,0.5552056521036441,0.0,0.498921970558788,0.501078029441212,1.0,0.5940296714669985,0.5940296714669985,1,0.6503432013442124,0.6503432013442124,1,0.7552230601303751,0.7552230601303751,1.0,0.9212065293441711,0.9212065293441711,1.0,0.8657713546500883,0.8657713546500883
1473456,2025,2025-04-08,Lucknow Super Giants,Kolkata Knight Riders,Lucknow Super Giants,Kolkata Knight Riders,Lucknow Super Giants,1,0.4812706410884857,0,0.5187293589115143,0.8409094532599396,1,0.8409094532599396,0,0.36819016562883355,0.6318098343711664,0,0.4643839488126977,0.5356160511873023,0,0.4951964680849764,0.5048035319150236,1.0,0.5605495246542643,0.5605495246542643,1.0,0.7287746719278989,0.7287746719278989,1,0.7541140208201873,0.7541140208201873,1,0.7650801153726026,0.7650801153726026,1.0,0.8722467650674199,0.8722467650674199,1.0,0.919720449277946,0.919720449277946
1473457,2025,2025-04-06,Sunrisers Hyderabad,Gujarat Titans,Sunrisers Hyderabad,Gujarat Titans,Gujarat Titans,0,0.4184873700141907,1,0.5815126299858093,0.316879845267847,1,0.683120154732153,1,0.3673102248322236,0.6326897751677765,1,0.36313906337950874,0.6368609366204913,1,0.3534661805652652,0.6465338194347348,1.0,0.3640190041761187,0.6359809958238813,1.0,0.3716791564025925,0.6283208435974075,1,0.3640190041761187,0.6359809958238813,1,0.3716791564025925,0.6283208435974075,1.0,0.24107931320171233,0.7589206867982876,1.0,0.1495319451479901,0.8504680548520099
1473458,2025,2025-04-07,Royal Challengers Bengaluru,Mumbai Indians,Royal Challengers Bengaluru,Mumbai Indians,Royal Challengers Bengaluru,1,0.5361022353172302,1,0.5361022353172302,0.8499444325367014,1,0.8499444325367014,1,0.5087432914335535,0.5087432914335535,1,0.5475564965196648,0.5475564965196648,1,0.604511880882789,0.604511880882789,1.0,0.5988350172258128,0.5988350172258128,1.0,0.745374763296283,0.745374763296283,1,0.773415630935822,0.773415630935822,1,0.8170660847029939,0.8170660847029939,1.0,0.8415688648267554,0.8415688648267554,1.0,0.8235312281360052,0.8235312281360052
1473459,2025,2025-04-08,Punjab Kings,Chennai Super Kings,Punjab Kings,Chennai Super Kings,Punjab Kings,1,0.5271884202957153,1,0.5271884202957153,0.3705311820606086,0,0.6294688179393915,0,0.343794875677171,0.6562051243228291,0,0.40833199923692626,0.5916680007630737,0,0.36987519767283644,0.6301248023271635,0.0,0.42237330222570224,0.5776266977742978,0.0,0.494218705901236,0.505781294098764,0,0.46611894815537597,0.533881051844624,0,0.4309364356817428,0.5690635643182572,0.0,0.40483063426521326,0.5951693657347867,0.0,0.36814357069651404,0.631856429303486
1473460,2025,2025-04-09,Gujarat Titans,Rajasthan Royals,Gujarat Titans,Rajasthan Royals,Gujarat Titans,1,0.5228912234306335,1,0.5228912234306335,0.8685664233385673,1,0.8685664233385673,0,0.36972577744845914,0.6302742225515409,0,0.4428189502448844,0.5571810497551156,0,0.4677859827410587,0.5322140172589414,0.0,0.4677859827410587,0.5322140172589414,1.0,0.5972039462261634,0.5972039462261634,1,0.7194228875259908,0.7194228875259908,1,0.6706208997432089,0.6706208997432089,1.0,0.7962435954432401,0.7962435954432401,1.0,0.7962435954432401,0.7962435954432401
1473461,2025,2025-04-10,Royal Challengers Bengaluru,Delhi Capitals,Royal Challengers Bengaluru,Delhi Capitals,Delhi Capitals,0,0.5396263599395752,0,0.5396263599395752,0.13655853614170477,1,0.8634414638582952,0,0.5733297242486062,0.5733297242486062,0,0.5835295952995411,0.5835295952995411,0,0.5542408741266632,0.5542408741266632,1.0,0.42713036635209606,0.572869633647904,1.0,0.39575160395410836,0.6042483960458916,1,0.4449487498692887,0.5550512501307113,1,0.44582869066589864,0.5541713093341014,1.0,0.44582869066589864,0.5541713093341014,1.0,0.41493175972157736,0.5850682402784226
1473462,2025,2025-04-11,Chennai Super Kings,Kolkata Knight Riders,Chennai Super Kings,Kolkata Knight Riders,Kolkata Knight Riders,0,0.5269318222999573,0,0.5269318222999573,0.09197688696530683,1,0.9080231130346932,1,0.3640190041761187,0.6359809958238813,1,0.35225051513907346,0.6477494848609265,1,0.3534661805652652,0.6465338194347348,1.0,0.1114735018430332,0.8885264981569668,1.0,0.05897994069422641,0.9410200593057736,1,0.0,1.0,1,0.0,1.0,1.0,0.0,1.0,,,
1473463,2025,2025-04-12,Gujarat Titans,Lucknow Super Giants,Gujarat Titans,Lucknow Super Giants,Lucknow Super Giants,0,0.504758358001709,0,0.504758358001709,0.27988130073941814,1,0.7201186992605819,0,0.6196171085832881,0.6196171085832881,0,0.6266226030887826,0.6266226030887826,0,0.7488138458715557,0.7488138458715557,0.0,0.6329816088481353,0.6329816088481353,0.0,0.6290561479548066,0.6290561479548066,0,0.5461701830816018,0.5461701830816018,0,0.5057263632216342,0.5057263632216342,1.0,0.384135861037847,0.615864138962153,1.0,0.30659078239406073,0.6934092176059392
1473464,2025,2025-04-12,Punjab Kings,Sunrisers Hyderabad,Punjab Kings,Sunrisers Hyderabad,Sunrisers Hyderabad,0,0.5039044618606567,0,0.5039044618606567,0.3364595673740518,1,0.6635404326259482,0,0.5091691580487222,0.5091691580487222,0,0.5224696891327584,0.5224696891327584,0,0.5141674851279298,0.5141674851279298,0.0,0.5141674851279298,0.5141674851279298,0.0,0.6557940080094515,0.6557940080094515,0,0.714772951876055,0.714772951876055,0,0.7133628461181233,0.7133628461181233,0.0,0.7089130382810556,0.7089130382810556,0.0,0.604209680564491,0.604209680564491
1473465,2025,2025-04-13,Rajasthan Royals,Royal Challengers Bengaluru,Rajasthan Royals,Royal Challengers Bengaluru,Royal Challengers Bengaluru,0,0.47919338941574097,1,0.520806610584259,0.302009108056458,1,0.697990891943542,0,0.5426545096464176,0.5426545096464176,0,0.5426545096464176,0.5426545096464176,0,0.553468799958616,0.553468799958616,0.0,0.553468799958616,0.553468799958616,0.0,0.5678981498219418,0.5678981498219418,1,0.47811590624887546,0.5218840937511245,1,0.467671926403027,0.532328073596973,1.0,0.39758980948701206,0.6024101905129879,1.0,0.36972577744845914,0.6302742225515409
1473466,2025,2025-04-13,Mumbai Indians,Delhi Capitals,Mumbai Indians,Delhi Capitals,Mumbai Indians,1,0.5214865207672119,1,0.5214865207672119,0.9276588769301259,1,0.9276588769301259,1,0.7682935582913434,0.7682935582913434,1,0.66076921893895,0.66076921893895,1,0.6887069147663192,0.6887069147663192,1.0,0.6949216040318558,0.6949216040318558,1.0,0.7713737864718813,0.7713737864718813,1,0.6382766092953122,0.6382766092953122,1,0.5851931323085573,0.5851931323085573,1.0,0.5226489304313693,0.5226489304313693,1.0,0.5126719708352595,0.5126719708352595
1473467,2025,2025-04-14,Lucknow Super Giants,Chennai Super Kings,Lucknow Super Giants,Chennai Super Kings,Chennai Super Kings,0,0.46696969866752625,1,0.5330303013324738,0.14454721543706706,1,0.8554527845629329,1,0.425975415871828,0.5740245841281719,1,0.44375938011918736,0.5562406198808126,1,0.41909367473537973,0.5809063252646203,1.0,0.4005190767490814,0.5994809232509186,1.0,0.4327079357423658,0.5672920642576342,1,0.37991947790421354,0.6200805220957865,1,0.3995285513399513,0.6004714486600486,1.0,0.4515008573408658,0.5484991426591341,1.0,0.49650865094121494,0.5034913490587851
1473468,2025,2025-04-15,Punjab Kings,Kolkata Knight Riders,Punjab Kings,Kolkata Knight Riders,Punjab Kings,1,0.395485520362854,0,0.604514479637146,0.8365841296566449,1,0.8365841296566449,0,0.4785586747973044,0.5214413252026956,0,0.39634762899024256,0.6036523710097574,0,0.34423605295744997,0.65576394704255,0.0,0.3305936313969098,0.6694063686030902,,,,0,0.07257369304310872,0.9274263069568913,0,0.0034482758620689655,0.996551724137931,0.0,0.03950914470318344,0.9604908552968165,0.0,0.08005179854632989,0.9199482014536701
1473470,2025,2025-04-17,Sunrisers Hyderabad,Mumbai Indians,Sunrisers Hyderabad,Mumbai Indians,Mumbai Indians,0,0.481613427400589,1,0.518386572599411,0.4696604791098265,1,0.5303395208901736,1,0.4647968280131476,0.5352031719868524,1,0.4872391456591245,0.5127608543408755,1,0.46689210481426296,0.5331078951857371,1.0,0.3783731997653482,0.6216268002346518,1.0,0.3606054982354262,0.6393945017645738,1,0.3773785457473913,0.6226214542526087,1,0.32124871299140667,0.6787512870085933,1.0,0.3038920156836675,0.6961079843163325,1.0,0.14503632326514387,0.8549636767348561
1473471,2025,2025-04-18,Royal Challengers Bengaluru,Punjab Kings,Royal Challengers Bengaluru,Punjab Kings,Punjab Kings,0,0.4657611548900604,1,0.5342388451099396,0.40889608966658253,1,0.5911039103334175,1,0.39461399461793967,0.6053860053820603,1,0.3412676434573735,0.6587323565426265,1,0.15826263229189436,0.8417373677081057,,,,,,,1,0.01411764705882353,0.9858823529411764,1,0.010989010989010988,0.989010989010989,1.0,0.01411764705882353,0.9858823529411764,,,
1473472,2025,2025-04-19,Delhi Capitals,Gujarat Titans,Delhi Capitals,Gujarat Titans,Gujarat Titans,0,0.5231142044067383,0,0.5231142044067383,0.3203529397480713,1,0.6796470602519287,1,0.4635862565800343,0.5364137434199657,0,0.7065333557037284,0.7065333557037284,0,0.7065333557037284,0.7065333557037284,0.0,0.7231183327907976,0.7231183327907976,0.0,0.6684833015607674,0.6684833015607674,0,0.5885107980432857,0.5885107980432857,0,0.5468487672697412,0.5468487672697412,0.0,0.6238360326690016,0.6238360326690016,0.0,0.5311208032691297,0.5311208032691297
1473473,2025,2025-04-19,Lucknow Super Giants,Rajasthan Royals,Lucknow Super Giants,Rajasthan Royals,Lucknow Super Giants,1,0.49577796459198,0,0.50422203540802,0.4313816285960484,0,0.5686183714039517,1,0.5576982787710069,0.5576982787710069,1,0.5576982787710069,0.5576982787710069,1,0.5411314590766703,0.5411314590766703,1.0,0.5733297242486062,0.5733297242486062,1.0,0.553468799958616,0.553468799958616,1,0.5073857625390344,0.5073857625390344,1,0.5030561491527514,0.5030561491527514,0.0,0.43249293839279507,0.5675070616072049,0.0,0.3534849042201597,0.6465150957798402
1473474,2025,2025-04-20,Punjab Kings,Royal Challengers Bengaluru,Punjab Kings,Royal Challengers Bengaluru,Royal Challengers Bengaluru,0,0.5145273804664612,0,0.5145273804664612,0.2410953378022597,1,0.7589046621977403,1,0.40840749971241214,0.5915925002875879,1,0.4877314636420042,0.5122685363579957,1,0.40339943500221825,0.5966005649977817,1.0,0.36485191540736095,0.635148084592639,1.0,0.36834090618112,0.63165909381888,1,0.35731150311478144,0.6426884968852186,1,0.22148805174998581,0.7785119482500142,1.0,0.1370452519234104,0.8629547480765896,1.0,0.08887780753326972,0.9111221924667303
1473475,2025,2025-04-20,Chennai Super Kings,Mumbai Indians,Chennai Super Kings,Mumbai Indians,Mumbai Indians,0,0.483151912689209,1,0.516848087310791,0.2770464835085063,1,0.7229535164914938,1,0.44582869066589864,0.5541713093341014,1,0.48725193236095465,0.5127480676390453,1,0.44081178281859745,0.5591882171814025,1.0,0.43545374495340533,0.5645462550465947,0.0,0.5070703172977483,0.5070703172977483,1,0.4822350245136534,0.5177649754863466,1,0.4822350245136534,0.5177649754863466,1.0,0.47979943225268185,0.5202005677473182,1.0,0.3582049592665588,0.6417950407334412
1473476,2025,2025-04-21,Gujarat Titans,Kolkata Knight Riders,Gujarat Titans,Kolkata Knight Riders,Gujarat Titans,1,0.5320299863815308,1,0.5320299863815308,0.6154212082375424,1,0.6154212082375424,0,0.356624881406001,0.643375118593999,0,0.34711804006448627,0.6528819599355138,0,0.41283714322525106,0.5871628567747489,0.0,0.41283714322525106,0.5871628567747489,0.0,0.4356851700642498,0.5643148299357502,0,0.4623009326364915,0.5376990673635085,0,0.4482865703325373,0.5517134296674626,1.0,0.5750454383035551,0.5750454383035551,1.0,0.614940417779,0.614940417779
1473477,2025,2025-04-22,Lucknow Super Giants,Delhi Capitals,Lucknow Super Giants,Delhi Capitals,Delhi Capitals,0,0.4615916311740875,1,0.5384083688259125,0.22235783446739257,1,0.7776421655326075,0,0.5204790978479785,0.5204790978479785,0,0.5630120516713427,0.5630120516713427,0,0.6084389195440488,0.6084389195440488,0.0,0.5263092587916116,0.5263092587916116,0.0,0.524678824009003,0.524678824009003,1,0.384135861037847,0.615864138962153,1,0.41516715200866355,0.5848328479913365,1.0,0.4138499313677385,0.5861500686322615,1.0,0.32444553588791203,0.675554464112088
1473478,2025,2025-04-23,Sunrisers Hyderabad,Mumbai Indians,Sunrisers Hyderabad,Mumbai Indians,Mumbai Indians,0,0.4501476585865021,1,0.5498523414134979,0.25162038727285596,1,0.748379612727144,1,0.37644089362795824,0.6235591063720418,1,0.34313837731403085,0.6568616226859691,1,0.3446178476319385,0.6553821523680615,1.0,0.335935490226825,0.664064509773175,1.0,0.3787385693793698,0.6212614306206302,1,0.32057798074476773,0.6794220192552323,1,0.2401401658258268,0.7598598341741731,1.0,0.2857367828510153,0.7142632171489847,1.0,0.13607337988547769,0.8639266201145224
1473479,2025,2025-04-24,Royal Challengers Bengaluru,Rajasthan Royals,Royal Challengers Bengaluru,Rajasthan Royals,Royal Challengers Bengaluru,1,0.48970291018486023,0,0.5102970898151398,0.9149072837967968,1,0.9149072837967968,0,0.37582107301943973,0.6241789269805602,0,0.42234205531398705,0.577657944686013,0,0.3903617470524262,0.6096382529475738,0.0,0.4735394474441728,0.5264605525558272,0.0,0.4735394474441728,0.5264605525558272,0,0.37838537047665427,0.6216146295233458,0,0.40303361834996726,0.5969663816500328,0.0,0.35037145429978506,0.6496285457002149,0.0,0.4105930279833858,0.5894069720166142
1473480,2025,2025-04-25,Chennai Super Kings,Sunrisers Hyderabad,Chennai Super Kings,Sunrisers Hyderabad,Sunrisers Hyderabad,0,0.4852461814880371,1,0.5147538185119629,0.16358181013646178,1,0.8364181898635382,1,0.40470654969337644,0.5952934503066236,1,0.41523323410295754,0.5847667658970425,1,0.39947878073723747,0.6005212192627625,1.0,0.45274450924523074,0.5472554907547693,1.0,0.39947878073723747,0.6005212192627625,1,0.4046404675990824,0.5953595324009175,1,0.40704100656794984,0.5929589934320502,1.0,0.4251407032954459,0.574859296704554,1.0,0.41785897719458964,0.5821410228054104
1473482,2025,2025-04-27,Mumbai Indians,Lucknow Super Giants,Mumbai Indians,Lucknow Super Giants,Mumbai Indians,1,0.50418621301651,1,0.50418621301651,0.8373882541488459,1,0.8373882541488459,1,0.6732516127115997,0.6732516127115997,1,0.5899064440993789,0.5899064440993789,1,0.6942303805869491,0.6942303805869491,1.0,0.6957951032043033,0.6957951032043033,1.0,0.7275817529888634,0.7275817529888634,1,0.8762584092510635,0.8762584092510635,1,0.8762584092510635,0.8762584092510635,1.0,0.9205038329368602,0.9205038329368602,1.0,0.9529650290409043,0.9529650290409043
1473483,2025,2025-04-27,Delhi Capitals,Royal Challengers Bengaluru,Delhi Capitals,Royal Challengers Bengaluru,Royal Challengers Bengaluru,0,0.4887688159942627,1,0.5112311840057373,0.31131157857667785,1,0.6886884214233222,0,0.604142243520885,0.604142243520885,1,0.4647968280131476,0.5352031719868524,1,0.3956530708565582,0.6043469291434418,1.0,0.35588941712389427,0.6441105828761058,1.0,0.4388474454363708,0.5611525545636292,1,0.44582869066589864,0.5541713093341014,1,0.4752217550317702,0.5247782449682298,0.0,0.5344519948426889,0.5344519948426889,1.0,0.43623117127510785,0.5637688287248921
1473484,2025,2025-04-28,Gujarat Titans,Rajasthan Royals,Gujarat Titans,Rajasthan Royals,Rajasthan Royals,0,0.5452369451522827,0,0.5452369451522827,0.21137106103526807,1,0.788628938964732,0,0.5402270767298424,0.5402270767298424,0,0.5552836325562617,0.5552836325562617,0,0.570915078033861,0.570915078033861,0.0,0.5748405389271898,0.5748405389271898,0.0,0.6474603418505696,0.6474603418505696,0,0.7193896362142904,0.7193896362142904,0,0.5961254088364047,0.5961254088364047,1.0,0.4634643036739187,0.5365356963260812,1.0,0.42341054936663847,0.5765894506333615
1473485,2025,2025-04-29,Kolkata Knight Riders,Delhi Capitals,Kolkata Knight Riders,Delhi Capitals,Kolkata Knight Riders,1,0.5045960545539856,1,0.5045960545539856,0.8320479554111228,1,0.8320479554111228,1,0.6372203920814675,0.6372203920814675,1,0.6406052007080015,0.6406052007080015,1,0.6394083841329358,0.6394083841329358,1.0,0.6228629180129999,0.6228629180129999,1.0,0.5849450120078055,0.5849450120078055,1,0.5263789044415736,0.5263789044415736,1,0.5244278881213252,0.5244278881213252,1.0,0.5605008140749922,0.5605008140749922,1.0,0.5749992495912253,0.5749992495912253
1473486,2025,2025-04-30,Chennai Super Kings,Punjab Kings,Chennai Super Kings,Punjab Kings,Punjab Kings,0,0.4925009310245514,1,0.5074990689754486,0.3774248120829231,1,0.6225751879170769,1,0.39580609944412465,0.6041939005558754,1,0.39580609944412465,0.6041939005558754,1,0.4601670202471128,0.5398329797528871,1.0,0.4601670202471128,0.5398329797528871,1.0,0.4797760936828507,0.5202239063171493,1,0.48639046605862013,0.5136095339413799,0,0.5013494034753634,0.5013494034753634,1.0,0.4780468721155203,0.5219531278844797,1.0,0.4600569796666211,0.5399430203333788
1473487,2025,2025-05-01,Mumbai Indians,Rajasthan Royals,Mumbai Indians,Rajasthan Royals,Mumbai Indians,1,0.5495344996452332,1,0.5495344996452332,0.8698853949968407,1,0.8698853949968407,0,0.4422486327997895,0.5577513672002106,1,0.5015245579022494,0.5015245579022494,1,0.537526721606028,0.537526721606028,1.0,0.5565256899439402,0.5565256899439402,1.0,0.5805012761505524,0.5805012761505524,1,0.7202799376532809,0.7202799376532809,1,0.6971989340041882,0.6971989340041882,1.0,0.8863203517837086,0.8863203517837086,1.0,0.8983155296016712,0.8983155296016712
1473488,2025,2025-05-02,Gujarat Titans,Sunrisers Hyderabad,Gujarat Titans,Sunrisers Hyderabad,Gujarat Titans,1,0.4933401644229889,0,0.5066598355770111,0.27977227789425413,0,0.7202277221057458,1,0.514685155748467,0.514685155748467,1,0.5288104876927305,0.5288104876927305,1,0.5380064280919368,0.5380064280919368,1.0,0.5380064280919368,0.5380064280919368,1.0,0.8496988903411367,0.8496988903411367,1,0.7975791503821721,0.7975791503821721,1,0.8358489285563098,0.8358489285563098,1.0,0.9420228202786323,0.9420228202786323,1.0,0.9420228202786323,0.9420228202786323
1473489,2025,2025-05-03,Royal Challengers Bengaluru,Chennai Super Kings,Royal Challengers Bengaluru,Chennai Super Kings,Royal Challengers Bengaluru,1,0.4429543912410736,0,0.5570456087589264,0.34406124970206325,0,0.6559387502979368,0,0.33903733367314687,0.6609626663268531,0,0.3716522601709701,0.6283477398290299,0,0.40008673785867827,0.5999132621413217,0.0,0.40008673785867827,0.5999132621413217,0.0,0.40008673785867827,0.5999132621413217,1,0.5385022940277369,0.5385022940277369,0,0.46044396727518383,0.5395560327248161,0.0,0.38146900120194277,0.6185309987980572,0.0,0.3675883157492863,0.6324116842507137
1473490,2025,2025-05-04,Kolkata Knight Riders,Rajasthan Royals,Kolkata Knight Riders,Rajasthan Royals,Kolkata Knight Riders,1,0.5110330581665039,1,0.5110330581665039,0.8334880119552462,1,0.8334880119552462,0,0.3520668276481399,0.6479331723518601,0,0.3865364000067144,0.6134635999932856,0,0.3875269254158445,0.6124730745841556,0.0,0.384135861037847,0.615864138962153,0.0,0.49047983167203163,0.5095201683279684,1,0.8609748161628061,0.8609748161628061,1,0.7147622064482093,0.7147622064482093,1.0,0.8609748161628061,0.8609748161628061,1.0,0.6742188816723973,0.6742188816723973
1473491,2025,2025-05-04,Punjab Kings,Lucknow Super Giants,Punjab Kings,Lucknow Super Giants,Punjab Kings,1,0.4627652168273926,0,0.5372347831726074,0.8565554789131947,1,0.8565554789131947,0,0.46782921619295215,0.5321707838070479,1,0.5186106166417958,0.5186106166417958,1,0.6343325942311645,0.6343325942311645,1.0,0.6802634661588212,0.6802634661588212,1.0,0.961972694965349,0.961972694965349,1,0.9714965044891585,0.9714965044891585,1,1.0,1.0,1.0,1.0,1.0,1.0,1.0,1.0
1473493,2025,2025-05-06,Mumbai Indians,Gujarat Titans,Mumbai Indians,Gujarat Titans,Gujarat Titans,0,0.5264602303504944,0,0.5264602303504944,0.6652611554337416,0,0.6652611554337416,1,0.48274492015780196,0.517255079842198,0,0.5120343888603331,0.5120343888603331,1,0.4983763656354013,0.5016236343645988,1.0,0.4803302739430567,0.5196697260569433,1.0,0.48029505275398937,0.5197049472460107,1,0.48031748724122664,0.5196825127587734,1,0.48024998601393154,0.5197500139860685,1.0,0.45735380477880466,0.5426461952211954,1.0,0.4725467638770848,0.5274532361229152
1473494,2025,2025-05-07,Kolkata Knight Riders,Chennai Super Kings,Kolkata Knight Riders,Chennai Super Kings,Chennai Super Kings,0,0.5326588749885559,0,0.5326588749885559,0.8865466794577488,0,0.8865466794577488,1,0.33411409190371366,0.6658859080962863,1,0.4026362611397202,0.5973637388602798,1,0.38379578645018675,0.6162042135498133,1.0,0.3675925338413878,0.6324074661586122,1.0,0.40744400034676975,0.5925559996532302,1,0.31830465539720054,0.6816953446027995,1,0.3525153317229635,0.6474846682770365,1.0,0.31830465539720054,0.6816953446027995,1.0,0.27899224142827594,0.7210077585717241
1473497,2025,2025-05-18,Punjab Kings,Rajasthan Royals,Punjab Kings,Rajasthan Royals,Punjab Kings,1,0.5642081499099731,1,0.5642081499099731,0.8593606284494596,1,0.8593606284494596,1,0.5748405389271898,0.5748405389271898,1,0.5552836325562617,0.5552836325562617,1,0.6344179897916189,0.6344179897916189,1.0,0.6378306882043173,0.6378306882043173,1.0,0.7978566756984022,0.7978566756984022,1,0.6003169455945743,0.6003169455945743,1,0.5940897832983161,0.5940897832983161,1.0,0.5648516876163796,0.5648516876163796,1.0,0.6596876478607111,0.6596876478607111
1473498,2025,2025-05-18,Delhi Capitals,Gujarat Titans,Delhi Capitals,Gujarat Titans,Gujarat Titans,0,0.44631433486938477,1,0.5536856651306152,0.25655458464136555,1,0.7434454153586345,1,0.41146367187674004,0.58853632812326,1,0.38232717771674674,0.6176728222832533,1,0.44753718693130323,0.5524628130686968,1.0,0.46940916788469833,0.5305908321153017,0.0,0.6427659503168041,0.6427659503168041,1,0.49929841129030555,0.5007015887096944,1,0.4803963560373508,0.5196036439626492,0.0,0.5269063957098978,0.5269063957098978,1.0,0.3727648795150233,0.6272351204849766
1473499,2025,2025-05-19,Lucknow Super Giants,Sunrisers Hyderabad,Lucknow Super Giants,Sunrisers Hyderabad,Sunrisers Hyderabad,0,0.4866146445274353,1,0.5133853554725647,0.17709162076434518,1,0.8229083792356549,0,0.5924187849569971,0.5924187849569971,0,0.7110523867277515,0.7110523867277515,0,0.783806023652665,0.783806023652665,0.0,0.7685827109952202,0.7685827109952202,0.0,0.7065333557037284,0.7065333557037284,0,0.6745256830694574,0.6745256830694574,0,0.6936841918199258,0.6936841918199258,0.0,0.5532122560571111,0.5532122560571111,1.0,0.4200390712458413,0.5799609287541587
1473500,2025,2025-05-20,Chennai Super Kings,Rajasthan Royals,Chennai Super Kings,Rajasthan Royals,Rajasthan Royals,0,0.47502267360687256,1,0.5249773263931274,0.1468244098380127,1,0.8531755901619873,1,0.4158651556863364,0.5841348443136636,0,0.6323968574768422,0.6323968574768422,0,0.577255185141935,0.577255185141935,0.0,0.6132533595770808,0.6132533595770808,0.0,0.5552836325562617,0.5552836325562617,1,0.44425207418723806,0.555747925812762,0,0.5055236121479039,0.5055236121479039,1.0,0.4366926645538195,0.5633073354461805,1.0,0.3880943014796693,0.6119056985203307
1473501,2025,2025-05-21,Mumbai Indians,Delhi Capitals,Mumbai Indians,Delhi Capitals,Mumbai Indians,1,0.5040680766105652,1,0.5040680766105652,0.9101293035144183,1,0.9101293035144183,0,0.473916180087851,0.5260838199121489,0,0.49896048081490585,0.5010395191850942,0,0.473916180087851,0.5260838199121489,0.0,0.4763308263025962,0.5236691736974037,1.0,0.5385098625418727,0.5385098625418727,1,0.5385098625418727,0.5385098625418727,1,0.5245596910075058,0.5245596910075058,1.0,0.6989278836463538,0.6989278836463538,1.0,0.7589221483008819,0.7589221483008819
1473502,2025,2025-05-22,Lucknow Super Giants,Gujarat Titans,Lucknow Super Giants,Gujarat Titans,Lucknow Super Giants,1,0.4111701548099518,0,0.5888298451900482,0.8222752231580617,1,0.8222752231580617,1,0.5885782350868917,0.5885782350868917,1,0.5814844668865422,0.5814844668865422,1,0.6438838222365607,0.6438838222365607,1.0,0.7868930715949229,0.7868930715949229,1.0,0.9884959924563885,0.9884959924563885,1,0.976500814638426,0.976500814638426,1,0.976500814638426,0.976500814638426,1.0,0.9725490196078432,0.9725490196078432,1.0,0.998019801980198,0.998019801980198
1473503,2025,2025-05-23,Sunrisers Hyderabad,Royal Challengers Bengaluru,Sunrisers Hyderabad,Royal Challengers Bengaluru,Sunrisers Hyderabad,1,0.5092886090278625,1,0.5092886090278625,0.916695835524254,1,0.916695835524254,1,0.8145892941145568,0.8145892941145568,1,0.8145892941145568,0.8145892941145568,1,0.8825727984541014,0.8825727984541014,1.0,0.9120464826646278,0.9120464826646278,1.0,1.0,1.0,1,1.0,1.0,1,1.0,1.0,1.0,0.9574767025089607,0.9574767025089607,1.0,0.9574767025089607,0.9574767025089607
1473504,2025,2025-05-25,Chennai Super Kings,Gujarat Titans,Chennai Super Kings,Gujarat Titans,Chennai Super Kings,1,0.3933385908603668,0,0.6066614091396332,0.9284852953576596,1,0.9284852953576596,1,0.8046420033703022,0.8046420033703022,1,0.8016671749950162,0.8016671749950162,1,0.8145892941145568,0.8145892941145568,1.0,0.8145255476433793,0.8145255476433793,1.0,0.9951994343247751,0.9951994343247751,1,0.9519577151671884,0.9519577151671884,1,0.9904761904761905,0.9904761904761905,1.0,1.0,1.0,1.0,1.0,1.0
1473505,2025,2025-05-25,Sunrisers Hyderabad,Kolkata Knight Riders,Sunrisers Hyderabad,Kolkata Knight Riders,Sunrisers Hyderabad,1,0.4674767255783081,0,0.5325232744216919,0.95,1,0.95,1,0.6746617184695316,0.6746617184695316,1,0.6870407313990841,0.6870407313990841,1,0.7250866649515691,0.7250866649515691,1.0,0.7359992283356787,0.7359992283356787,1.0,0.9519577151671884,0.9519577151671884,1,0.9499775171473864,0.9499775171473864,1,0.9884959924563885,0.9884959924563885,1.0,1.0,1.0,1.0,1.0,1.0
1473506,2025,2025-05-26,Mumbai Indians,Punjab Kings,Mumbai Indians,Punjab Kings,Punjab Kings,0,0.5364596843719482,0,0.5364596843719482,0.3068509101394115,1,0.6931490898605885,0,0.5343844936153939,0.5343844936153939,0,0.5552836325562617,0.5552836325562617,0,0.5510413670420407,0.5510413670420407,0.0,0.5357112340444802,0.5357112340444802,0.0,0.570915078033861,0.570915078033861,0,0.5890628313143267,0.5890628313143267,0,0.583145671551013,0.583145671551013,0.0,0.5510189325548034,0.5510189325548034,1.0,0.35341279085347166,0.6465872091465283
1473507,2025,2025-05-27,Lucknow Super Giants,Royal Challengers Bengaluru,Lucknow Super Giants,Royal Challengers Bengaluru,Royal Challengers Bengaluru,0,0.4364866316318512,1,0.5635133683681488,0.2673472896814158,1,0.7326527103185843,0,0.7197620014188338,0.7197620014188338,0,0.7197620014188338,0.7197620014188338,0,0.760796542259899,0.760796542259899,0.0,0.7968403623391775,0.7968403623391775,0.0,0.95,0.95,0,0.9234767025089606,0.9234767025089606,0,0.968,0.968,0.0,0.9554965044891585,0.9554965044891585,0.0,0.9447359411088769,0.9447359411088769
1473508,2025,2025-05-29,Punjab Kings,Royal Challengers Bengaluru,Punjab Kings,Royal Challengers Bengaluru,Royal Challengers Bengaluru,0,0.5220179557800293,0,0.5220179557800293,0.2659812559802614,1,0.7340187440197385,1,0.39884520151068875,0.6011547984893113,1,0.3526818734851519,0.6473181265148481,1,0.3328984264775219,0.6671015735224781,,,,,,,1,0.014437286851079955,0.9855627131489201,1,0.0,1.0,1.0,0.0034482758620689655,0.996551724137931,,,
1473509,2025,2025-05-30,Mumbai Indians,Gujarat Titans,Mumbai Indians,Gujarat Titans,Mumbai Indians,1,0.45394158363342285,0,0.5460584163665771,0.5247574954097218,1,0.5247574954097218,0,0.48968837060092607,0.5103116293990739,1,0.5850647572884353,0.5850647572884353,1,0.5769210006068671,0.5769210006068671,1.0,0.6057528526525373,0.6057528526525373,1.0,0.8465367402124075,0.8465367402124075,1,0.9085067347750316,0.9085067347750316,1,0.8751971517869068,0.8751971517869068,1.0,0.896030376638721,0.896030376638721,1.0,0.95,0.95
1473510,2025,2025-06-01,Mumbai Indians,Punjab Kings,Mumbai Indians,Punjab Kings,Punjab Kings,0,0.48767682909965515,1,0.5123231709003448,0.29348102341336413,1,0.7065189765866359,0,0.6211909787384129,0.6211909787384129,0,0.5423993889081213,0.5423993889081213,0,0.5416116250358775,0.5416116250358775,0.0,0.6611156386883994,0.6611156386883994,0.0,0.7851563914246276,0.7851563914246276,0,0.6776715774503722,0.6776715774503722,0,0.6198906518394272,0.6198906518394272,0.0,0.6706117420323909,0.6706117420323909,0.0,0.5592090934495905,0.5592090934495905
1473511,2025,2025-06-03,Royal Challengers Bengaluru,Punjab Kings,Royal Challengers Bengaluru,Punjab Kings,Royal Challengers Bengaluru,1,0.47595885396003723,0,0.5240411460399628,0.456969897775803,0,0.543030102224197,0,0.4428189502448844,0.5571810497551156,0,0.45615470251798795,0.543845297482012,0,0.4653713365263136,0.5346286634736864,0.0,0.4611716103652892,0.5388283896347108,0.0,0.4677859827410587,0.5322140172589414,0,0.48274492015780196,0.517255079842198,1,0.5804625451081925,0.5804625451081925,1.0,0.6332281404540442,0.6332281404540442,1.0,0.6918696423109745,0.6918696423109745
1485779,2025,2025-05-24,Punjab Kings,Delhi Capitals,Punjab Kings,Delhi Capitals,Delhi Capitals,0,0.49024978280067444,1,0.5097502171993256,0.18334582789907916,1,0.8166541721009208,0,0.5049396792363312,0.5049396792363312,0,0.5561752282012593,0.5561752282012593,0,0.620844183448897,0.620844183448897,0.0,0.620844183448897,0.620844183448897,0.0,0.6347769897730078,0.6347769897730078,0,0.5748405389271898,0.5748405389271898,1,0.4635234805354836,0.5364765194645165,0.0,0.5032168181936092,0.5032168181936092,1.0,0.357948519645237,0.642051480354763
