file_id,season,team1,team2,winner,oos,pre_correct,pre_prob,pt_correct,pt_prob,live1_correct,live1_prob,live2_correct,live2_prob
1216492,2021,Mumbai Indians,Chennai Super Kings,Chennai Super Kings,False,0,0.5080455541610718,1,0.5580072999000549,,,,
1216493,2021,Delhi Capitals,Kings XI Punjab,Delhi Capitals,False,1,0.6354278326034546,1,0.6083182096481323,,,,
1216534,2021,Royal Challengers Bengaluru,Sunrisers Hyderabad,Royal Challengers Bengaluru,False,1,0.5517908930778503,1,0.5400402545928955,,,,
1216496,2021,Rajasthan Royals,Chennai Super Kings,Rajasthan Royals,False,1,0.6527748107910156,1,0.6404943466186523,,,,
1216508,2021,Mumbai Indians,Kolkata Knight Riders,Mumbai Indians,False,1,0.6146854162216187,1,0.5966886878013611,,,,
1216510,2021,Kings XI Punjab,Royal Challengers Bengaluru,Kings XI Punjab,False,1,0.5689020156860352,1,0.5279415845870972,,,,
1216539,2021,Delhi Capitals,Chennai Super Kings,Delhi Capitals,False,1,0.6466302871704102,1,0.6605334281921387,,,,
1216545,2021,Sunrisers Hyderabad,Kolkata Knight Riders,Kolkata Knight Riders,False,0,0.564709484577179,0,0.5121695399284363,,,,
1216527,2021,Kings XI Punjab,Rajasthan Royals,Rajasthan Royals,False,1,0.6345195472240448,1,0.6899991631507874,,,,
1216547,2021,Royal Challengers Bengaluru,Mumbai Indians,Royal Challengers Bengaluru,False,1,0.6767901182174683,1,0.6680282354354858,,,,
1216532,2021,Sunrisers Hyderabad,Delhi Capitals,Sunrisers Hyderabad,False,1,0.6147849559783936,1,0.5879669785499573,,,,
1216504,2021,Kolkata Knight Riders,Rajasthan Royals,Kolkata Knight Riders,False,1,0.6562156677246094,1,0.6351642608642578,,,,
1216503,2021,Mumbai Indians,Kings XI Punjab,Mumbai Indians,False,1,0.6323691606521606,1,0.5748958587646484,,,,
1216516,2021,Sunrisers Hyderabad,Chennai Super Kings,Sunrisers Hyderabad,False,1,0.6460931897163391,1,0.6240134835243225,,,,
1216514,2021,Rajasthan Royals,Royal Challengers Bengaluru,Royal Challengers Bengaluru,False,1,0.5352233946323395,1,0.5947383642196655,,,,
1216515,2021,Delhi Capitals,Kolkata Knight Riders,Delhi Capitals,False,1,0.6492672562599182,1,0.6286875605583191,,,,
1216513,2021,Kings XI Punjab,Chennai Super Kings,Chennai Super Kings,False,0,0.6116913557052612,0,0.5576083064079285,,,,
1216538,2021,Mumbai Indians,Sunrisers Hyderabad,Mumbai Indians,False,1,0.5768053531646729,1,0.549338161945343,,,,
1216519,2021,Delhi Capitals,Royal Challengers Bengaluru,Delhi Capitals,False,1,0.6606587767601013,1,0.6167804002761841,,,,
1216511,2021,Mumbai Indians,Rajasthan Royals,Mumbai Indians,False,1,0.5920250415802002,1,0.5730420351028442,,,,
1216501,2021,Kolkata Knight Riders,Chennai Super Kings,Kolkata Knight Riders,False,1,0.5791148543357849,1,0.5622090697288513,,,,
1216542,2021,Sunrisers Hyderabad,Kings XI Punjab,Sunrisers Hyderabad,False,1,0.6517810821533203,1,0.6084378361701965,,,,
1216500,2021,Delhi Capitals,Rajasthan Royals,Delhi Capitals,False,1,0.5677672624588013,1,0.5572379231452942,,,,
1216525,2021,Royal Challengers Bengaluru,Chennai Super Kings,Royal Challengers Bengaluru,False,1,0.6870998740196228,1,0.6588191390037537,,,,
1216523,2021,Kolkata Knight Riders,Kings XI Punjab,Kolkata Knight Riders,False,1,0.5466840863227844,0,0.509505420923233,,,,
1216507,2021,Sunrisers Hyderabad,Rajasthan Royals,Rajasthan Royals,False,0,0.5796496272087097,0,0.5452211499214172,,,,
1216529,2021,Delhi Capitals,Mumbai Indians,Mumbai Indians,False,0,0.5755693912506104,0,0.5073325634002686,,,,
1216540,2021,Royal Challengers Bengaluru,Kolkata Knight Riders,Royal Challengers Bengaluru,False,1,0.5016424655914307,0,0.5197346210479736,,,,
1216528,2021,Chennai Super Kings,Sunrisers Hyderabad,Chennai Super Kings,False,1,0.5982695817947388,1,0.5880458354949951,,,,
1216543,2021,Delhi Capitals,Rajasthan Royals,Delhi Capitals,False,1,0.6537333130836487,1,0.634757936000824,,,,
1216531,2021,Royal Challengers Bengaluru,Kings XI Punjab,Kings XI Punjab,False,1,0.5643762350082397,1,0.5902839004993439,,,,
1216526,2021,Kolkata Knight Riders,Mumbai Indians,Mumbai Indians,False,1,0.549053430557251,1,0.5896613001823425,,,,
1216522,2021,Rajasthan Royals,Royal Challengers Bengaluru,Royal Challengers Bengaluru,False,1,0.5295639932155609,1,0.628429651260376,,,,
1216509,2021,Chennai Super Kings,Delhi Capitals,Delhi Capitals,False,1,0.5308323800563812,1,0.5750322341918945,,,,
1216517,2021,Mumbai Indians,Kings XI Punjab,Kings XI Punjab,False,1,0.5648236274719238,1,0.641401082277298,,,,
1216512,2021,Kolkata Knight Riders,Sunrisers Hyderabad,Kolkata Knight Riders,False,1,0.5189251899719238,1,0.502032458782196,,,,
1216533,2021,Chennai Super Kings,Rajasthan Royals,Rajasthan Royals,False,1,0.5546324551105499,1,0.5765753388404846,,,,
1216546,2021,Delhi Capitals,Kings XI Punjab,Kings XI Punjab,False,1,0.5729145109653473,1,0.6406393051147461,,,,
1216494,2021,Kolkata Knight Riders,Royal Challengers Bengaluru,Royal Challengers Bengaluru,False,1,0.5475582778453827,1,0.6328200995922089,,,,
1216518,2021,Rajasthan Royals,Sunrisers Hyderabad,Sunrisers Hyderabad,False,1,0.5677480697631836,1,0.6186205148696899,,,,
1216521,2021,Chennai Super Kings,Mumbai Indians,Mumbai Indians,False,1,0.6457719802856445,1,0.6952880918979645,,,,
1216497,2021,Kolkata Knight Riders,Delhi Capitals,Kolkata Knight Riders,False,1,0.5433026552200317,1,0.5109535455703735,,,,
1216498,2021,Kings XI Punjab,Sunrisers Hyderabad,Kings XI Punjab,False,1,0.5496037006378174,1,0.5448090434074402,,,,
1216541,2021,Mumbai Indians,Rajasthan Royals,Rajasthan Royals,False,0,0.5003167986869812,1,0.5589763224124908,,,,
1216544,2021,Royal Challengers Bengaluru,Chennai Super Kings,Chennai Super Kings,False,0,0.5056200623512268,1,0.5316466689109802,,,,
1216520,2021,Kolkata Knight Riders,Kings XI Punjab,Kings XI Punjab,False,1,0.5642971396446228,1,0.6269389986991882,,,,
1216524,2021,Sunrisers Hyderabad,Delhi Capitals,Sunrisers Hyderabad,False,1,0.5914150476455688,1,0.5806747674942017,,,,
1216499,2021,Royal Challengers Bengaluru,Mumbai Indians,Mumbai Indians,False,1,0.6734334826469421,1,0.731330007314682,,,,
1216536,2021,Kolkata Knight Riders,Chennai Super Kings,Chennai Super Kings,False,1,0.5585629045963287,1,0.5962603688240051,,,,
1216537,2021,Kings XI Punjab,Rajasthan Royals,Rajasthan Royals,False,1,0.5927022695541382,1,0.6432049572467804,,,,
1216535,2021,Delhi Capitals,Mumbai Indians,Mumbai Indians,False,1,0.5450836718082428,1,0.594312459230423,,,,
1216502,2021,Royal Challengers Bengaluru,Sunrisers Hyderabad,Sunrisers Hyderabad,False,1,0.5855674147605896,1,0.6186641454696655,,,,
1216530,2021,Kolkata Knight Riders,Rajasthan Royals,Kolkata Knight Riders,False,1,0.5385130643844604,1,0.5287516117095947,,,,
1216506,2021,Kings XI Punjab,Chennai Super Kings,Chennai Super Kings,False,1,0.5459683835506439,1,0.6111539602279663,,,,
1216505,2021,Royal Challengers Bengaluru,Delhi Capitals,Delhi Capitals,False,1,0.5741731822490692,1,0.6092176139354706,,,,
1216495,2021,Mumbai Indians,Sunrisers Hyderabad,Sunrisers Hyderabad,False,1,0.528598427772522,1,0.5732763409614563,,,,
1237177,2021,Mumbai Indians,Delhi Capitals,Mumbai Indians,False,1,0.5595402121543884,1,0.5253191590309143,,,,
1237178,2021,Royal Challengers Bengaluru,Sunrisers Hyderabad,Sunrisers Hyderabad,False,0,0.5316159129142761,1,0.5338301956653595,,,,
1237180,2021,Delhi Capitals,Sunrisers Hyderabad,Delhi Capitals,False,1,0.621650218963623,1,0.5773949027061462,,,,
1237181,2021,Delhi Capitals,Mumbai Indians,Mumbai Indians,False,1,0.5582515895366669,1,0.6008944511413574,,,,
1254058,2021,Mumbai Indians,Royal Challengers Bengaluru,Royal Challengers Bengaluru,False,1,0.5570221245288849,1,0.6437251269817352,1.0,0.5170273400602486,1.0,0.5576911482293626
1254059,2021,Chennai Super Kings,Delhi Capitals,Delhi Capitals,False,1,0.5324346721172333,1,0.5712224245071411,1.0,0.6358521442649139,1.0,0.6644815451494949
1254060,2021,Kolkata Knight Riders,Sunrisers Hyderabad,Kolkata Knight Riders,False,1,0.6481218934059143,1,0.6276596188545227,0.0,0.5021015541050875,1.0,0.654026604846277
1254061,2021,Kings XI Punjab,Rajasthan Royals,Kings XI Punjab,False,1,0.5285804867744446,0,0.5460686981678009,1.0,0.528666444355691,0.0,0.9897435897435898
1254062,2021,Mumbai Indians,Kolkata Knight Riders,Mumbai Indians,False,1,0.5896952152252197,1,0.5824797749519348,1.0,0.5915139488758591,0.0,0.5890165790777908
1254063,2021,Royal Challengers Bengaluru,Sunrisers Hyderabad,Royal Challengers Bengaluru,False,1,0.6199917197227478,1,0.6230358481407166,1.0,0.5166388520371031,1.0,0.5413908870039512
1254064,2021,Delhi Capitals,Rajasthan Royals,Rajasthan Royals,False,1,0.5417398512363434,1,0.6135281622409821,1.0,0.7154567452970653,1.0,0.5733125786807459
1254065,2021,Kings XI Punjab,Chennai Super Kings,Chennai Super Kings,False,1,0.5996456146240234,1,0.6616165041923523,1.0,0.7466970985733976,1.0,1.0
1254066,2021,Mumbai Indians,Sunrisers Hyderabad,Mumbai Indians,False,1,0.6016980409622192,1,0.576173722743988,1.0,0.6632452790015168,1.0,0.5134071429500653
1254067,2021,Royal Challengers Bengaluru,Kolkata Knight Riders,Royal Challengers Bengaluru,False,1,0.612784743309021,1,0.5989663600921631,0.0,0.6553851399099935,0.0,0.8817852373974151
1254068,2021,Kings XI Punjab,Delhi Capitals,Delhi Capitals,False,1,0.5091760158538818,1,0.5746667385101318,1.0,0.569376606459809,1.0,0.6337362528110339
1254069,2021,Chennai Super Kings,Rajasthan Royals,Chennai Super Kings,False,1,0.5411446690559387,0,0.5142600834369659,0.0,0.5701865420313862,1.0,0.5433566508847691
1254070,2021,Mumbai Indians,Delhi Capitals,Delhi Capitals,False,1,0.5229531228542328,1,0.5687798261642456,1.0,0.5161923065386407,1.0,0.6109089605585152
1254072,2021,Chennai Super Kings,Kolkata Knight Riders,Chennai Super Kings,False,1,0.5437204837799072,1,0.5039335489273071,0.0,0.5701865420313862,1.0,0.9307090609276564
1254071,2021,Kings XI Punjab,Sunrisers Hyderabad,Sunrisers Hyderabad,False,1,0.5445457696914673,1,0.611202597618103,1.0,0.6690136593917537,1.0,0.824261784435405
1254073,2021,Rajasthan Royals,Royal Challengers Bengaluru,Royal Challengers Bengaluru,False,1,0.5663651525974274,1,0.6429764926433563,1.0,0.6388877071137061,1.0,0.8964098845765441
1254074,2021,Mumbai Indians,Kings XI Punjab,Kings XI Punjab,False,1,0.5673520267009735,1,0.6226440370082855,1.0,0.6301718689046291,1.0,0.6729504731000042
1254075,2021,Kolkata Knight Riders,Rajasthan Royals,Rajasthan Royals,False,1,0.5803276300430298,1,0.636606901884079,1.0,0.668864633454393,1.0,0.925597346967256
1254077,2021,Delhi Capitals,Sunrisers Hyderabad,Delhi Capitals,False,1,0.5526930093765259,0,0.5001912713050842,1.0,0.5802168215634653,0.0,0.6254603514502667
1254076,2021,Chennai Super Kings,Royal Challengers Bengaluru,Chennai Super Kings,False,1,0.5549629330635071,0,0.5052101314067841,0.0,0.5677155984970218,1.0,0.6280362373935229
1254078,2021,Kings XI Punjab,Kolkata Knight Riders,Kolkata Knight Riders,False,1,0.5836480557918549,1,0.6443637013435364,1.0,0.6988426642931662,1.0,0.8816900365233628
1254079,2021,Royal Challengers Bengaluru,Delhi Capitals,Royal Challengers Bengaluru,False,1,0.5824761390686035,1,0.5350136756896973,1.0,0.5631955703953019,0.0,0.6472201582341498
1254080,2021,Sunrisers Hyderabad,Chennai Super Kings,Chennai Super Kings,False,1,0.6703674793243408,1,0.7379611730575562,1.0,0.6208515245855466,1.0,0.7050649524824181
1254081,2021,Rajasthan Royals,Mumbai Indians,Mumbai Indians,False,1,0.5807128846645355,1,0.6400758326053619,1.0,0.6174281937908741,1.0,0.6370877851239839
1254082,2021,Kolkata Knight Riders,Delhi Capitals,Delhi Capitals,False,1,0.5493635535240173,1,0.6082616746425629,1.0,0.6227274374354512,1.0,0.9953488372093023
1254083,2021,Kings XI Punjab,Royal Challengers Bengaluru,Kings XI Punjab,False,1,0.5739107131958008,1,0.5358335375785828,1.0,0.5478342801649306,0.0,0.6019517611848496
1254084,2021,Chennai Super Kings,Mumbai Indians,Mumbai Indians,False,0,0.5144751667976379,1,0.547101765871048,1.0,0.6410347029935619,1.0,0.7092625865641817
1254085,2021,Rajasthan Royals,Sunrisers Hyderabad,Rajasthan Royals,False,1,0.5998625755310059,1,0.5645619630813599,0.0,0.606128821293363,1.0,0.8633063712221947
1254086,2021,Kings XI Punjab,Delhi Capitals,Delhi Capitals,False,1,0.6335212290287018,1,0.6969934105873108,1.0,0.5948335436342173,1.0,0.6910932743833101
1254104,2021,Chennai Super Kings,Mumbai Indians,Chennai Super Kings,False,1,0.5009713768959045,0,0.5333294868469238,0.0,0.5915704248535638,1.0,0.5893470056032458
1254087,2021,Royal Challengers Bengaluru,Kolkata Knight Riders,Kolkata Knight Riders,False,1,0.559008777141571,1,0.6114577054977417,1.0,0.7024424228879762,1.0,1.0
1254111,2021,Rajasthan Royals,Kings XI Punjab,Rajasthan Royals,False,1,0.5591983795166016,1,0.5594004988670349,1.0,0.5301871101124307,1.0,0.5530967248942268
1254105,2021,Sunrisers Hyderabad,Delhi Capitals,Delhi Capitals,False,1,0.6120823323726654,1,0.6674702763557434,1.0,0.6367317582319016,1.0,0.8142824992436769
1254096,2021,Mumbai Indians,Kolkata Knight Riders,Kolkata Knight Riders,False,1,0.5772874057292938,1,0.6442965865135193,1.0,0.5966887850704818,1.0,0.9953488372093023
1254113,2021,Royal Challengers Bengaluru,Chennai Super Kings,Chennai Super Kings,False,1,0.6737491190433502,1,0.724424421787262,1.0,0.5745712376595936,1.0,0.6807965342845882
1254097,2021,Delhi Capitals,Rajasthan Royals,Delhi Capitals,False,1,0.6171614527702332,1,0.5836008191108704,0.0,0.6171849008632371,1.0,0.5293247292319754
1254107,2021,Kings XI Punjab,Sunrisers Hyderabad,Kings XI Punjab,False,1,0.5771164298057556,1,0.5435047149658203,0.0,0.5138794022652176,0.0,0.6881989087819098
1254098,2021,Kolkata Knight Riders,Chennai Super Kings,Chennai Super Kings,False,1,0.6062335669994354,1,0.6728984415531158,1.0,0.6174281937908741,1.0,0.6663712564869626
1254108,2021,Royal Challengers Bengaluru,Mumbai Indians,Royal Challengers Bengaluru,False,0,0.5732564032077789,0,0.6062200665473938,0.0,0.5879581923530719,0.0,0.5316771301278151
1254100,2021,Rajasthan Royals,Sunrisers Hyderabad,Sunrisers Hyderabad,False,1,0.5411708652973175,1,0.5703866481781006,1.0,0.5708064205781964,1.0,0.7245798095546956
1254092,2021,Delhi Capitals,Kolkata Knight Riders,Kolkata Knight Riders,False,1,0.6247254610061646,1,0.6877577304840088,1.0,0.6155782472247879,1.0,0.7542143275530101
1254099,2021,Kings XI Punjab,Mumbai Indians,Mumbai Indians,False,1,0.5934561789035797,1,0.6483754217624664,1.0,0.6165485798238863,1.0,0.6473520802634144
1254103,2021,Rajasthan Royals,Royal Challengers Bengaluru,Royal Challengers Bengaluru,False,1,0.6059284508228302,1,0.6727309823036194,1.0,0.5823418124547121,1.0,0.726283432026292
1254091,2021,Sunrisers Hyderabad,Chennai Super Kings,Chennai Super Kings,False,1,0.5504938662052155,1,0.622507631778717,1.0,0.7432926229554464,1.0,0.945519244734931
1254102,2021,Kolkata Knight Riders,Kings XI Punjab,Kings XI Punjab,False,1,0.5637106001377106,1,0.6138357818126678,1.0,0.6092501296413582,1.0,0.6092501296413582
1254112,2021,Mumbai Indians,Delhi Capitals,Delhi Capitals,False,1,0.589812308549881,1,0.6355117559432983,1.0,0.5436911115170291,1.0,0.5756912525126484
1254089,2021,Chennai Super Kings,Rajasthan Royals,Rajasthan Royals,False,1,0.5700719654560089,1,0.6411168873310089,1.0,0.5774849922139144,1.0,0.9953488372093023
1254090,2021,Royal Challengers Bengaluru,Kings XI Punjab,Royal Challengers Bengaluru,False,1,0.6336769461631775,1,0.6225541830062866,0.0,0.5354168109499226,1.0,0.5248886679200078
1254109,2021,Sunrisers Hyderabad,Kolkata Knight Riders,Kolkata Knight Riders,False,1,0.6057574450969696,1,0.6537097692489624,1.0,0.7241649414863931,1.0,0.9131190113727948
1254110,2021,Chennai Super Kings,Delhi Capitals,Delhi Capitals,False,1,0.5549761950969696,1,0.6269740760326385,1.0,0.6332279182466826,1.0,0.8614818880078053
1254093,2021,Rajasthan Royals,Mumbai Indians,Mumbai Indians,False,1,0.6163652837276459,1,0.6760477423667908,1.0,0.6400683337322126,,
1254095,2021,Sunrisers Hyderabad,Royal Challengers Bengaluru,Sunrisers Hyderabad,False,1,0.5467327237129211,0,0.5029787719249725,0.0,0.5736795512214694,0.0,0.5499839554849809
1254094,2021,Chennai Super Kings,Kings XI Punjab,Kings XI Punjab,False,1,0.5658078789710999,1,0.6499277353286743,1.0,0.6988426642931662,1.0,0.9400397926801365
1254106,2021,Kolkata Knight Riders,Rajasthan Royals,Kolkata Knight Riders,False,1,0.5182358622550964,0,0.5261196196079254,0.0,0.5766273701234021,1.0,0.9477010241882763
1254088,2021,Mumbai Indians,Sunrisers Hyderabad,Mumbai Indians,False,1,0.5436910390853882,0,0.5070458352565765,0.0,0.5019645528868939,1.0,0.9682138447010967
1254101,2021,Delhi Capitals,Royal Challengers Bengaluru,Royal Challengers Bengaluru,False,0,0.5005976557731628,1,0.5648583769798279,1.0,0.6174281937908741,0.0,0.51352452516753
1254114,2021,Delhi Capitals,Chennai Super Kings,Chennai Super Kings,False,1,0.6142514050006866,1,0.6829060614109039,1.0,0.6174281937908741,1.0,0.6217311385525344
1254115,2021,Royal Challengers Bengaluru,Kolkata Knight Riders,Kolkata Knight Riders,False,1,0.6285671591758728,1,0.6862739324569702,1.0,0.6262094076542696,1.0,0.818358466637193
1254116,2021,Delhi Capitals,Kolkata Knight Riders,Kolkata Knight Riders,False,1,0.6033149361610413,1,0.6671998500823975,1.0,0.6022428144276092,1.0,0.945519244734931
1254117,2021,Chennai Super Kings,Kolkata Knight Riders,Chennai Super Kings,False,1,0.5229706764221191,0,0.5352212190628052,0.0,0.5490571737661731,1.0,0.6671989359036713
1304047,2022,Chennai Super Kings,Kolkata Knight Riders,Kolkata Knight Riders,False,1,0.6390077471733093,1,0.7080518305301666,1.0,0.6812610183544262,1.0,0.9301346293503157
1304049,2022,Royal Challengers Bengaluru,Kings XI Punjab,Kings XI Punjab,False,1,0.619250476360321,1,0.6564514338970184,1.0,0.6520545146800317,1.0,0.6327264569330384
1304048,2022,Mumbai Indians,Delhi Capitals,Delhi Capitals,False,1,0.726018637418747,1,0.7705488801002502,1.0,0.665873353233096,1.0,0.5578340856668469
1304050,2022,Lucknow Super Giants,Gujarat Titans,Gujarat Titans,False,1,0.5707164406776428,1,0.6483631432056427,1.0,0.7453867842750355,1.0,0.5955380073404399
1304051,2022,Rajasthan Royals,Sunrisers Hyderabad,Rajasthan Royals,False,1,0.5509638786315918,1,0.5253322720527649,0.0,0.5385008903895372,1.0,0.9784702549575071
1304052,2022,Kolkata Knight Riders,Royal Challengers Bengaluru,Royal Challengers Bengaluru,False,1,0.598256528377533,1,0.6782647967338562,1.0,0.5766750566423371,1.0,0.6454870656892097
1304053,2022,Chennai Super Kings,Lucknow Super Giants,Lucknow Super Giants,False,1,0.6109060049057007,1,0.6531170010566711,1.0,0.6259189314055308,1.0,0.6825890215215804
1304054,2022,Kings XI Punjab,Kolkata Knight Riders,Kolkata Knight Riders,False,1,0.6128325760364532,1,0.6667775213718414,1.0,0.5745267008803202,1.0,0.7117410832504663
1304056,2022,Gujarat Titans,Delhi Capitals,Gujarat Titans,False,1,0.6394157409667969,1,0.6120093464851379,0.0,0.5505785243796111,1.0,0.6442804108860003
1304055,2022,Rajasthan Royals,Mumbai Indians,Rajasthan Royals,False,1,0.642818033695221,1,0.6184129118919373,0.0,0.5300519573656677,1.0,0.5535132231523109
1304057,2022,Kings XI Punjab,Chennai Super Kings,Kings XI Punjab,False,1,0.5853952169418335,1,0.5575678944587708,0.0,0.5006024961762706,0.0,0.8774555733438071
1304058,2022,Lucknow Super Giants,Sunrisers Hyderabad,Lucknow Super Giants,False,1,0.626864492893219,1,0.6039925217628479,0.0,0.5405617012046646,0.0,0.5238823514986806
1304059,2022,Rajasthan Royals,Royal Challengers Bengaluru,Royal Challengers Bengaluru,False,1,0.5700458288192749,1,0.6499934494495392,1.0,0.6092501296413582,1.0,0.5646826574218308
1304060,2022,Mumbai Indians,Kolkata Knight Riders,Kolkata Knight Riders,False,0,0.551659345626831,1,0.5341014266014099,1.0,0.8346010495743116,1.0,0.7581660770518722
1304061,2022,Delhi Capitals,Lucknow Super Giants,Lucknow Super Giants,False,1,0.5106796324253082,1,0.5570209324359894,1.0,0.5413387231245437,1.0,0.6323831374529578
1304062,2022,Kings XI Punjab,Gujarat Titans,Gujarat Titans,False,1,0.5684190094470978,1,0.6250216960906982,1.0,0.6120638953953661,1.0,0.6711260414998608
1304063,2022,Chennai Super Kings,Sunrisers Hyderabad,Sunrisers Hyderabad,False,1,0.5091972649097443,1,0.5865823924541473,1.0,0.5159418140354235,1.0,0.5535071923254021
1304064,2022,Mumbai Indians,Royal Challengers Bengaluru,Royal Challengers Bengaluru,False,1,0.5184341073036194,1,0.593978762626648,1.0,0.7394160770518723,1.0,0.7156128855625106
1304065,2022,Delhi Capitals,Kolkata Knight Riders,Delhi Capitals,False,1,0.5835396647453308,1,0.5481704473495483,0.0,0.5108331216926341,1.0,0.9737643726045659
1304066,2022,Rajasthan Royals,Lucknow Super Giants,Rajasthan Royals,False,1,0.6522362232208252,1,0.6222448348999023,0.0,0.6039038223903965,1.0,0.620207409357928
1304067,2022,Gujarat Titans,Sunrisers Hyderabad,Sunrisers Hyderabad,False,1,0.5483853220939636,1,0.620333343744278,1.0,0.6018498789098298,1.0,0.6402940673517983
1304068,2022,Chennai Super Kings,Royal Challengers Bengaluru,Chennai Super Kings,False,1,0.6443371176719666,1,0.5893779993057251,0.0,0.5489275162546212,1.0,0.9952941176470589
1304069,2022,Kings XI Punjab,Mumbai Indians,Kings XI Punjab,False,1,0.5780436992645264,1,0.5565669536590576,0.0,0.517548231691265,0.0,0.7118488285030884
1304070,2022,Gujarat Titans,Rajasthan Royals,Gujarat Titans,False,1,0.6335311532020569,1,0.5848809480667114,0.0,0.5817310209457494,0.0,0.5350704861440283
1304071,2022,Kolkata Knight Riders,Sunrisers Hyderabad,Sunrisers Hyderabad,False,1,0.6039665341377258,1,0.6679250597953796,1.0,0.7269600272389831,1.0,0.6677748923295164
1304073,2022,Royal Challengers Bengaluru,Delhi Capitals,Royal Challengers Bengaluru,False,1,0.5707841515541077,1,0.5148203372955322,1.0,0.5425024168200823,0.0,0.6454679866566059
1304072,2022,Lucknow Super Giants,Mumbai Indians,Lucknow Super Giants,False,1,0.5837160348892212,1,0.5621318221092224,0.0,0.5352344745089648,1.0,0.7528250468067401
1304074,2022,Kings XI Punjab,Sunrisers Hyderabad,Sunrisers Hyderabad,False,1,0.559441089630127,1,0.6267123818397522,1.0,0.6486740229279001,1.0,0.6257624733496925
1304075,2022,Chennai Super Kings,Gujarat Titans,Gujarat Titans,False,1,0.5032975375652313,1,0.5442133545875549,1.0,0.7349942298550959,1.0,0.535195401743765
1304076,2022,Rajasthan Royals,Kolkata Knight Riders,Rajasthan Royals,False,1,0.606793224811554,1,0.5965206027030945,0.0,0.5740384151883078,1.0,0.8641991402802596
1304077,2022,Royal Challengers Bengaluru,Lucknow Super Giants,Royal Challengers Bengaluru,False,1,0.6355347633361816,1,0.6018502712249756,1.0,0.585850807263871,0.0,0.5657615107525702
1304078,2022,Kings XI Punjab,Delhi Capitals,Delhi Capitals,False,1,0.5360642373561859,1,0.6176958382129669,1.0,0.7170858633612033,1.0,1.0
1304079,2022,Mumbai Indians,Chennai Super Kings,Chennai Super Kings,False,1,0.5091920793056488,1,0.5776561796665192,1.0,0.6688345795839904,1.0,0.6144946363433197
1304080,2022,Rajasthan Royals,Delhi Capitals,Rajasthan Royals,False,1,0.6240061521530151,1,0.5699487924575806,0.0,0.6057811228294021,1.0,0.808632609092464
1304081,2022,Gujarat Titans,Kolkata Knight Riders,Gujarat Titans,False,1,0.6433742642402649,1,0.6027846336364746,0.0,0.5683447330692365,1.0,0.5657615107525702
1304082,2022,Royal Challengers Bengaluru,Sunrisers Hyderabad,Sunrisers Hyderabad,False,1,0.5386287271976471,1,0.6258277893066406,1.0,0.7433003904404795,,
1304083,2022,Lucknow Super Giants,Mumbai Indians,Lucknow Super Giants,False,1,0.6052148342132568,1,0.582876443862915,0.0,0.5720642192759656,1.0,0.5463046370712681
1304084,2022,Kings XI Punjab,Chennai Super Kings,Kings XI Punjab,False,1,0.5617207884788513,0,0.5140391886234283,1.0,0.5842990950025164,0.0,0.8540222063169466
1304085,2022,Rajasthan Royals,Royal Challengers Bengaluru,Rajasthan Royals,False,1,0.583836555480957,1,0.5350457429885864,0.0,0.5706118196180856,0.0,0.5489275162546212
1304086,2022,Sunrisers Hyderabad,Gujarat Titans,Gujarat Titans,False,0,0.5001392364501953,1,0.5581311583518982,1.0,0.6208515245855466,1.0,0.6259189314055308
1304087,2022,Kolkata Knight Riders,Delhi Capitals,Delhi Capitals,False,0,0.5077129602432251,1,0.5309596657752991,1.0,0.6936312581968044,1.0,0.9717806575007717
1304088,2022,Lucknow Super Giants,Kings XI Punjab,Lucknow Super Giants,False,1,0.6940258145332336,1,0.7038668990135193,1.0,0.5071580186054063,1.0,0.5524165440377237
1304089,2022,Royal Challengers Bengaluru,Gujarat Titans,Gujarat Titans,False,1,0.5390611886978149,1,0.6178425550460815,1.0,0.6098394006607966,1.0,0.5842049648854175
1304090,2022,Rajasthan Royals,Mumbai Indians,Mumbai Indians,False,1,0.5095880627632141,1,0.5929819047451019,1.0,0.6359911225901379,1.0,0.639460129402094
1304091,2022,Lucknow Super Giants,Delhi Capitals,Lucknow Super Giants,False,1,0.6411799788475037,1,0.6140224933624268,0.0,0.5255836648513124,1.0,0.5565164540445724
1304092,2022,Chennai Super Kings,Sunrisers Hyderabad,Chennai Super Kings,False,1,0.5758740305900574,1,0.5651004910469055,1.0,0.5802109045932653,1.0,0.7085055757276479
1304093,2022,Rajasthan Royals,Kolkata Knight Riders,Kolkata Knight Riders,False,0,0.5191637873649597,1,0.5399425327777863,1.0,0.683911517567515,1.0,0.6384550122883603
1304094,2022,Gujarat Titans,Kings XI Punjab,Kings XI Punjab,False,1,0.5201356112957001,1,0.5860906541347504,1.0,0.6477944089609123,1.0,0.7561838877704242
1304095,2022,Royal Challengers Bengaluru,Chennai Super Kings,Royal Challengers Bengaluru,False,1,0.6957795023918152,1,0.6911993622779846,0.0,0.523070443423262,0.0,0.5720031614318798
1304096,2022,Delhi Capitals,Sunrisers Hyderabad,Delhi Capitals,False,1,0.611431896686554,1,0.6043185591697693,0.0,0.5723396626330778,1.0,0.9737643726045659
1304097,2022,Mumbai Indians,Gujarat Titans,Mumbai Indians,False,1,0.5846078991889954,1,0.5382038950920105,1.0,0.5878954908773948,0.0,0.5826106349127371
1304098,2022,Kings XI Punjab,Rajasthan Royals,Rajasthan Royals,False,1,0.5245056748390198,1,0.5891839265823364,1.0,0.589882142061029,1.0,0.6285889666983481
1304099,2022,Lucknow Super Giants,Kolkata Knight Riders,Lucknow Super Giants,False,1,0.7485566735267639,1,0.7283457517623901,1.0,0.602747121050047,1.0,0.8069924907550867
1304101,2022,Chennai Super Kings,Delhi Capitals,Chennai Super Kings,False,1,0.5991397500038147,1,0.5472490787506104,0.0,0.5489275162546212,1.0,0.938597958631495
1304100,2022,Royal Challengers Bengaluru,Sunrisers Hyderabad,Royal Challengers Bengaluru,False,1,0.5971218943595886,1,0.5840207934379578,1.0,0.5828553018430032,0.0,0.7241824398755836
1304102,2022,Kolkata Knight Riders,Mumbai Indians,Kolkata Knight Riders,False,1,0.5902365446090698,1,0.5383061766624451,0.0,0.5774849922139144,1.0,0.5230907269934922
1304103,2022,Gujarat Titans,Lucknow Super Giants,Gujarat Titans,False,1,0.6729390621185303,1,0.6518813371658325,0.0,0.586871275590385,0.0,0.5108323730871331
1304104,2022,Rajasthan Royals,Delhi Capitals,Delhi Capitals,False,0,0.5038822889328003,1,0.5524617731571198,1.0,0.6174281937908741,1.0,0.6271650056515797
1304105,2022,Chennai Super Kings,Mumbai Indians,Mumbai Indians,False,1,0.5368340313434601,1,0.6063339412212372,1.0,0.7648167566930557,1.0,1.0
1304106,2022,Kings XI Punjab,Royal Challengers Bengaluru,Kings XI Punjab,False,1,0.6122748255729675,1,0.5662143230438232,0.0,0.5032689075831487,0.0,0.9123663624511081
1304107,2022,Kolkata Knight Riders,Sunrisers Hyderabad,Kolkata Knight Riders,False,1,0.7134310007095337,1,0.7220431566238403,1.0,0.5110488696202646,1.0,0.6532949018848215
1304108,2022,Chennai Super Kings,Gujarat Titans,Gujarat Titans,False,1,0.5517285764217377,1,0.6369342803955078,1.0,0.6208515245855466,1.0,0.9953488372093023
1304109,2022,Rajasthan Royals,Lucknow Super Giants,Rajasthan Royals,False,1,0.6639335751533508,1,0.62993985414505,1.0,0.5190870152625049,1.0,0.7893010202288202
1304110,2022,Delhi Capitals,Kings XI Punjab,Delhi Capitals,False,1,0.6339053511619568,1,0.593063235282898,0.0,0.5733940346201978,1.0,0.5519416675701269
1304111,2022,Sunrisers Hyderabad,Mumbai Indians,Sunrisers Hyderabad,False,1,0.558757483959198,1,0.5214232802391052,0.0,0.5624185484754228,1.0,0.6592710782123266
1304112,2022,Lucknow Super Giants,Kolkata Knight Riders,Lucknow Super Giants,False,1,0.5829911231994629,1,0.526225745677948,0.0,0.6001888709470424,1.0,0.8048342858091052
1304113,2022,Gujarat Titans,Royal Challengers Bengaluru,Royal Challengers Bengaluru,False,1,0.6323948800563812,1,0.7035248875617981,1.0,0.6004770212215612,1.0,0.7094344616557159
1304114,2022,Chennai Super Kings,Rajasthan Royals,Rajasthan Royals,False,1,0.6767398118972778,1,0.7286712825298309,1.0,0.5987695205507174,1.0,0.7815918949482441
1304115,2022,Delhi Capitals,Mumbai Indians,Mumbai Indians,False,1,0.5605796575546265,1,0.6400851309299469,1.0,0.7200645070818086,1.0,0.6089597866938088
1304116,2022,Sunrisers Hyderabad,Kings XI Punjab,Kings XI Punjab,False,1,0.5999900102615356,1,0.6604321002960205,1.0,0.6165485798238863,1.0,0.9615686274509804
1312197,2022,Rajasthan Royals,Gujarat Titans,Gujarat Titans,False,1,0.5957272052764893,1,0.6903689503669739,1.0,0.6174281937908741,1.0,0.6437630741637543
1312198,2022,Royal Challengers Bengaluru,Lucknow Super Giants,Royal Challengers Bengaluru,False,1,0.6255008578300476,1,0.6124712824821472,1.0,0.585850807263871,0.0,0.8754543739825781
1312199,2022,Royal Challengers Bengaluru,Rajasthan Royals,Rajasthan Royals,False,1,0.5869522094726562,1,0.6546328365802765,1.0,0.6174281937908741,1.0,1.0
1312200,2022,Rajasthan Royals,Gujarat Titans,Gujarat Titans,False,1,0.6385776698589325,1,0.7218244671821594,1.0,0.6174281937908741,1.0,0.6699748030998919
1359475,2023,Chennai Super Kings,Gujarat Titans,Gujarat Titans,True,1,0.5655265152454376,1,0.6080268621444702,1.0,0.6039460280335173,1.0,0.647421194509346
1359477,2023,Lucknow Super Giants,Delhi Capitals,Lucknow Super Giants,True,0,0.5929524302482605,0,0.6542782485485077,0.0,0.5509256653919294,1.0,0.7568926185857623
1359476,2023,Kings XI Punjab,Kolkata Knight Riders,Kings XI Punjab,True,0,0.5997402667999268,0,0.6467412710189819,1.0,0.6047137579619737,0.0,0.6087210541406702
1359478,2023,Rajasthan Royals,Sunrisers Hyderabad,Rajasthan Royals,True,0,0.5610996186733246,0,0.623679518699646,0.0,0.6122313636540346,1.0,0.911889351584151
1359479,2023,Mumbai Indians,Royal Challengers Bengaluru,Royal Challengers Bengaluru,True,1,0.6493960916996002,1,0.6881129741668701,1.0,0.6990376885843222,1.0,0.641696611988704
1359480,2023,Chennai Super Kings,Lucknow Super Giants,Chennai Super Kings,True,1,0.5475568175315857,1,0.5369011163711548,1.0,0.5179496723355083,1.0,0.8498669907428924
1359481,2023,Delhi Capitals,Gujarat Titans,Gujarat Titans,True,1,0.5596559047698975,1,0.6314361989498138,1.0,0.6174281937908741,1.0,0.6727274780099879
1359482,2023,Kings XI Punjab,Rajasthan Royals,Kings XI Punjab,True,0,0.5783870816230774,0,0.6274539828300476,1.0,0.574323490774923,0.0,0.5658069409641886
1359483,2023,Kolkata Knight Riders,Royal Challengers Bengaluru,Kolkata Knight Riders,True,1,0.5742583274841309,1,0.5113162994384766,0.0,0.5829130503314232,1.0,0.8238846892449733
1359484,2023,Sunrisers Hyderabad,Lucknow Super Giants,Lucknow Super Giants,True,0,0.5469615459442139,0,0.5413691401481628,1.0,0.7744467603465227,1.0,0.9615686274509804
1359485,2023,Rajasthan Royals,Delhi Capitals,Rajasthan Royals,True,1,0.5894643664360046,1,0.5496554374694824,0.0,0.5642746493198862,1.0,0.8705889055376961
1359486,2023,Mumbai Indians,Chennai Super Kings,Chennai Super Kings,True,1,0.5155288577079773,1,0.562318742275238,1.0,0.5652367078748083,1.0,0.9276974625567131
1359487,2023,Gujarat Titans,Kolkata Knight Riders,Kolkata Knight Riders,True,0,0.5955371856689453,0,0.5333400964736938,1.0,0.6249124626562617,0.0,0.5439833527699754
1359488,2023,Kings XI Punjab,Sunrisers Hyderabad,Sunrisers Hyderabad,True,1,0.5530820488929749,1,0.6146985292434692,1.0,0.6238146853066581,1.0,0.6921196958730593
1359489,2023,Royal Challengers Bengaluru,Lucknow Super Giants,Lucknow Super Giants,True,0,0.5857449769973755,0,0.5564075112342834,1.0,0.5750630459129901,0.0,0.9737643726045659
1359490,2023,Delhi Capitals,Mumbai Indians,Mumbai Indians,True,1,0.5421749353408813,1,0.5977380573749542,1.0,0.5809539990258703,1.0,0.6596433078101093
1359491,2023,Rajasthan Royals,Chennai Super Kings,Rajasthan Royals,True,1,0.5988367199897766,1,0.5146651268005371,0.0,0.5344479922884179,0.0,0.5209507324607463
1359492,2023,Kings XI Punjab,Gujarat Titans,Gujarat Titans,True,0,0.5173093676567078,1,0.5517725646495819,1.0,0.603436836401286,1.0,0.746235281211146
1359493,2023,Sunrisers Hyderabad,Kolkata Knight Riders,Sunrisers Hyderabad,True,0,0.5217737257480621,0,0.5758835673332214,0.0,0.5436532697505045,1.0,0.9952941176470589
1359494,2023,Royal Challengers Bengaluru,Delhi Capitals,Royal Challengers Bengaluru,True,1,0.5050212740898132,0,0.5799997448921204,1.0,0.6025409504782684,0.0,0.6344504737670119
1359495,2023,Lucknow Super Giants,Kings XI Punjab,Kings XI Punjab,True,0,0.5522100329399109,1,0.508974552154541,1.0,0.5622460045681292,1.0,0.5004518758108494
1359496,2023,Kolkata Knight Riders,Mumbai Indians,Mumbai Indians,True,0,0.6130343079566956,0,0.5504276752471924,1.0,0.6036578777589986,1.0,0.6874775116552824
1359497,2023,Gujarat Titans,Rajasthan Royals,Rajasthan Royals,True,0,0.5252740979194641,1,0.5364074110984802,1.0,0.5735647558025956,0.0,0.6642882464335261
1359498,2023,Chennai Super Kings,Royal Challengers Bengaluru,Chennai Super Kings,True,0,0.5075718462467194,0,0.5728291869163513,0.0,0.6080758001277793,1.0,0.7424221472826585
1359499,2023,Mumbai Indians,Sunrisers Hyderabad,Mumbai Indians,True,1,0.5033301711082458,0,0.5354547798633575,0.0,0.5758649781545622,1.0,0.7961518778450215
1359500,2023,Lucknow Super Giants,Rajasthan Royals,Lucknow Super Giants,True,0,0.5010743737220764,0,0.5364504456520081,0.0,0.5644596859549292,0.0,0.6130795730119303
1359501,2023,Royal Challengers Bengaluru,Kings XI Punjab,Royal Challengers Bengaluru,True,0,0.5046447217464447,0,0.5564465820789337,1.0,0.5969217555616725,1.0,0.5632655799377929
1359502,2023,Kolkata Knight Riders,Delhi Capitals,Delhi Capitals,True,0,0.521442711353302,1,0.5367107391357422,1.0,0.6806701263075956,1.0,0.9029660532455693
1359503,2023,Sunrisers Hyderabad,Chennai Super Kings,Chennai Super Kings,True,1,0.5062927901744843,1,0.5838286280632019,1.0,0.5212927193338242,1.0,0.97204760297629
1359504,2023,Gujarat Titans,Lucknow Super Giants,Gujarat Titans,True,1,0.5993277430534363,1,0.6019954681396484,0.0,0.533230646027508,0.0,0.8739362822428776
1359505,2023,Kings XI Punjab,Mumbai Indians,Kings XI Punjab,True,1,0.5173354148864746,0,0.5397287309169769,1.0,0.5906427925721298,0.0,0.8222393542809676
1359506,2023,Royal Challengers Bengaluru,Rajasthan Royals,Royal Challengers Bengaluru,True,0,0.542217493057251,0,0.6044584810733795,1.0,0.5730694009004159,1.0,0.6098394006607966
1359507,2023,Chennai Super Kings,Kolkata Knight Riders,Chennai Super Kings,True,1,0.5030567646026611,0,0.541831910610199,0.0,0.5383184515982717,1.0,1.0
1359508,2023,Delhi Capitals,Sunrisers Hyderabad,Delhi Capitals,True,1,0.5495004653930664,1,0.5293684005737305,0.0,0.6027437264192237,0.0,0.6238146853066581
1359509,2023,Gujarat Titans,Mumbai Indians,Gujarat Titans,True,1,0.589966893196106,1,0.5734767317771912,1.0,0.5228357064945692,1.0,0.9411113113800761
1359510,2023,Kolkata Knight Riders,Royal Challengers Bengaluru,Kolkata Knight Riders,True,1,0.5355344414710999,0,0.5302456021308899,0.0,0.5240806000784873,1.0,0.5411771613110922
1359511,2023,Rajasthan Royals,Chennai Super Kings,Rajasthan Royals,True,0,0.5041598379611969,0,0.5498681664466858,0.0,0.5280651014199467,1.0,0.7898704807742687
1359512,2023,Lucknow Super Giants,Kings XI Punjab,Lucknow Super Giants,True,0,0.6181454360485077,0,0.6697068512439728,0.0,0.5535071923254021,1.0,0.9792172739541162
1359513,2023,Kolkata Knight Riders,Gujarat Titans,Gujarat Titans,True,0,0.543230414390564,1,0.5347969830036163,1.0,0.5969217555616725,1.0,0.6218445149192959
1359514,2023,Sunrisers Hyderabad,Delhi Capitals,Sunrisers Hyderabad,True,0,0.5145504474639893,0,0.584481954574585,0.0,0.6039460280335173,0.0,0.6263399654172545
1359515,2023,Chennai Super Kings,Kings XI Punjab,Kings XI Punjab,True,0,0.586991548538208,0,0.5720064640045166,1.0,0.5159418140354235,1.0,0.5654235624734767
1359516,2023,Rajasthan Royals,Mumbai Indians,Mumbai Indians,True,0,0.5841014385223389,0,0.5256217122077942,1.0,0.5377521340521707,0.0,0.8658002554950549
1359517,2023,Royal Challengers Bengaluru,Lucknow Super Giants,Royal Challengers Bengaluru,True,1,0.5821908712387085,1,0.5489640831947327,0.0,0.5123448360777079,1.0,0.6175844092001765
1359518,2023,Delhi Capitals,Gujarat Titans,Delhi Capitals,True,0,0.5045227110385895,0,0.5834349393844604,0.0,0.6169156283537733,0.0,0.5079957583975551
1359520,2023,Kings XI Punjab,Mumbai Indians,Mumbai Indians,True,1,0.5496156215667725,1,0.592273622751236,1.0,0.6165485798238863,0.0,0.8430528036078524
1359521,2023,Kolkata Knight Riders,Sunrisers Hyderabad,Kolkata Knight Riders,True,1,0.5568187236785889,1,0.5112593173980713,0.0,0.5817310209457494,0.0,0.5603828880393141
1359522,2023,Rajasthan Royals,Gujarat Titans,Gujarat Titans,True,0,0.5477351546287537,1,0.5035176277160645,1.0,0.5928882280914836,1.0,0.925597346967256
1359524,2023,Royal Challengers Bengaluru,Delhi Capitals,Delhi Capitals,True,0,0.592047393321991,0,0.543041467666626,1.0,0.6008843145914016,1.0,0.8793036701860232
1359523,2023,Mumbai Indians,Chennai Super Kings,Chennai Super Kings,True,0,0.5131796598434448,1,0.5384303331375122,1.0,0.5029696276278504,1.0,0.8831480581213201
1359525,2023,Gujarat Titans,Lucknow Super Giants,Gujarat Titans,True,1,0.5533974170684814,1,0.5219789743423462,0.0,0.5920100785957445,1.0,0.5800087745317283
1359526,2023,Rajasthan Royals,Sunrisers Hyderabad,Sunrisers Hyderabad,True,0,0.5983853936195374,0,0.5834268927574158,1.0,0.5650967676149931,0.0,0.9145605835771707
1359527,2023,Kings XI Punjab,Kolkata Knight Riders,Kolkata Knight Riders,True,1,0.5240431427955627,1,0.5729967057704926,1.0,0.5391408317519081,0.0,0.5336121257932623
1359528,2023,Royal Challengers Bengaluru,Mumbai Indians,Mumbai Indians,True,1,0.5543732047080994,1,0.6003409028053284,1.0,0.6165485798238863,1.0,0.6077585141459935
1359529,2023,Chennai Super Kings,Delhi Capitals,Chennai Super Kings,True,1,0.5837538242340088,1,0.5344304442405701,0.0,0.5880344082559896,1.0,0.5306405845433497
1359530,2023,Kolkata Knight Riders,Rajasthan Royals,Rajasthan Royals,True,1,0.5026673078536987,1,0.5709213316440582,1.0,0.5807359580734615,1.0,0.9839506172839506
1359531,2023,Mumbai Indians,Gujarat Titans,Mumbai Indians,True,0,0.5137398540973663,0,0.5968984365463257,0.0,0.6486770982131028,1.0,0.8360651434275924
1359532,2023,Sunrisers Hyderabad,Lucknow Super Giants,Lucknow Super Giants,True,0,0.5217573642730713,0,0.5112985968589783,1.0,0.6098394006607966,0.0,0.5542109981008135
1359533,2023,Kings XI Punjab,Delhi Capitals,Kings XI Punjab,True,0,0.5516762137413025,0,0.6069306135177612,1.0,0.589319814075827,1.0,0.6883743447339375
1359534,2023,Royal Challengers Bengaluru,Rajasthan Royals,Royal Challengers Bengaluru,True,0,0.5657167732715607,0,0.5921717286109924,1.0,0.5748954749245196,0.0,0.8305946929474978
1359535,2023,Chennai Super Kings,Kolkata Knight Riders,Kolkata Knight Riders,True,0,0.6084449291229248,0,0.5955034494400024,1.0,0.5092982103650604,1.0,0.5435899112608453
1359536,2023,Gujarat Titans,Sunrisers Hyderabad,Gujarat Titans,True,1,0.5032404065132141,0,0.5397492349147797,0.0,0.5374812308220673,1.0,0.8698224171241489
1359537,2023,Lucknow Super Giants,Mumbai Indians,Lucknow Super Giants,True,0,0.5353584289550781,0,0.5813587307929993,1.0,0.5690502720700945,0.0,0.606327079405826
1359538,2023,Delhi Capitals,Kings XI Punjab,Delhi Capitals,True,1,0.5687123537063599,1,0.5438500642776489,0.0,0.5386347443208351,1.0,0.9345308610181131
1359539,2023,Sunrisers Hyderabad,Royal Challengers Bengaluru,Royal Challengers Bengaluru,True,0,0.5497040748596191,1,0.5049594938755035,1.0,0.5995477225716422,1.0,0.6961531808560377
1359540,2023,Kings XI Punjab,Rajasthan Royals,Rajasthan Royals,True,1,0.5527188181877136,1,0.5900525748729706,1.0,0.6132406351325743,1.0,0.5341965849210885
1359542,2023,Lucknow Super Giants,Kolkata Knight Riders,Lucknow Super Giants,True,1,0.5246521234512329,0,0.5262804925441742,1.0,0.5307762439578262,1.0,0.5031281467324045
1359541,2023,Chennai Super Kings,Delhi Capitals,Chennai Super Kings,True,1,0.5423768162727356,0,0.5124327540397644,0.0,0.5585398478754879,1.0,0.9591036414565826
1359543,2023,Sunrisers Hyderabad,Mumbai Indians,Mumbai Indians,True,1,0.6671841740608215,1,0.7189560830593109,1.0,0.6165485798238863,1.0,0.6446426881307421
1359544,2023,Royal Challengers Bengaluru,Gujarat Titans,Gujarat Titans,True,0,0.502243161201477,1,0.5662752985954285,1.0,0.5380111292174728,0.0,0.5213841917687182
1370350,2023,Chennai Super Kings,Gujarat Titans,Chennai Super Kings,True,0,0.5592474937438965,0,0.6268989741802216,0.0,0.5443652733529747,0.0,0.5417464424709459
1370351,2023,Mumbai Indians,Lucknow Super Giants,Mumbai Indians,True,0,0.5175724625587463,0,0.5246344804763794,0.0,0.5697170254844719,1.0,0.5293492734260111
1370352,2023,Gujarat Titans,Mumbai Indians,Gujarat Titans,True,1,0.5192432999610901,0,0.5255337953567505,0.0,0.5380907576703002,1.0,0.9423120628671116
1370353,2023,Gujarat Titans,Chennai Super Kings,Chennai Super Kings,True,1,0.5357986688613892,1,0.5945385992527008,1.0,0.5740808264300418,0.0,0.8349502068386331
1422119,2024,Royal Challengers Bengaluru,Chennai Super Kings,Chennai Super Kings,True,1,0.5568608641624451,1,0.5858809947967529,1.0,0.528666444355691,1.0,0.6210674929994169
1422120,2024,Delhi Capitals,Kings XI Punjab,Kings XI Punjab,True,1,0.6746790707111359,1,0.6951070129871368,1.0,0.555298566603088,1.0,0.5981923296993246
1422121,2024,Kolkata Knight Riders,Sunrisers Hyderabad,Kolkata Knight Riders,True,0,0.514026403427124,0,0.5417517125606537,0.0,0.5709635639512654,0.0,0.5197824520125692
1422122,2024,Rajasthan Royals,Lucknow Super Giants,Rajasthan Royals,True,1,0.5678731799125671,1,0.5643933415412903,0.0,0.6165485798238863,1.0,0.7160337814582685
1422123,2024,Gujarat Titans,Mumbai Indians,Gujarat Titans,True,0,0.5233941376209259,0,0.5488768517971039,0.0,0.562486365344883,0.0,0.5975508901338873
1422124,2024,Kings XI Punjab,Royal Challengers Bengaluru,Royal Challengers Bengaluru,True,1,0.5315990746021271,1,0.5813928246498108,1.0,0.5818897443934619,1.0,0.5425024168200823
1422125,2024,Chennai Super Kings,Gujarat Titans,Chennai Super Kings,True,0,0.5361327528953552,0,0.5619194507598877,1.0,0.5134953335901458,1.0,0.861889351584151
1422126,2024,Sunrisers Hyderabad,Mumbai Indians,Sunrisers Hyderabad,True,0,0.5701487064361572,0,0.6169912219047546,1.0,0.6081785894686242,1.0,0.8984203370391264
1422127,2024,Rajasthan Royals,Delhi Capitals,Rajasthan Royals,True,0,0.5258550643920898,0,0.5764045417308807,0.0,0.6806701263075956,0.0,0.6630666386047819
1422128,2024,Royal Challengers Bengaluru,Kolkata Knight Riders,Kolkata Knight Riders,True,1,0.5014016032218933,1,0.5648856461048126,1.0,0.5801621638454544,1.0,0.9151609415696103
1422129,2024,Lucknow Super Giants,Kings XI Punjab,Lucknow Super Giants,True,1,0.6055391430854797,1,0.5603880882263184,1.0,0.5134953335901458,0.0,0.5542607636883251
1422131,2024,Delhi Capitals,Chennai Super Kings,Delhi Capitals,True,0,0.6420121192932129,0,0.7104398608207703,1.0,0.5436976570177128,1.0,0.8515855630313462
1422130,2024,Sunrisers Hyderabad,Gujarat Titans,Gujarat Titans,True,1,0.6078568696975708,1,0.6583718657493591,1.0,0.5920272038256253,1.0,0.655332775162152
1422132,2024,Mumbai Indians,Rajasthan Royals,Rajasthan Royals,True,0,0.5383170247077942,1,0.528161883354187,1.0,0.6577585767293879,1.0,0.8816900365233628
1422133,2024,Lucknow Super Giants,Royal Challengers Bengaluru,Lucknow Super Giants,True,0,0.5180494785308838,0,0.576587587594986,0.0,0.5385085654563708,1.0,0.6826736082980517
1422134,2024,Kolkata Knight Riders,Delhi Capitals,Kolkata Knight Riders,True,1,0.6116746068000793,1,0.5793445110321045,0.0,0.5923255333630524,1.0,0.977542638357118
1422135,2024,Gujarat Titans,Kings XI Punjab,Kings XI Punjab,True,0,0.5073099136352539,1,0.5248757302761078,1.0,0.6100840675910625,0.0,0.607014514648917
1422136,2024,Chennai Super Kings,Sunrisers Hyderabad,Sunrisers Hyderabad,True,1,0.552048534154892,1,0.5745511949062347,1.0,0.5762508752553913,1.0,1.0
1422137,2024,Royal Challengers Bengaluru,Rajasthan Royals,Rajasthan Royals,True,1,0.5261486172676086,1,0.575389176607132,1.0,0.6130795730119303,1.0,0.6640568263864856
1422138,2024,Mumbai Indians,Delhi Capitals,Mumbai Indians,True,1,0.533698558807373,0,0.5183669328689575,0.0,0.5546013245166176,1.0,0.9497435897435897
1422139,2024,Lucknow Super Giants,Gujarat Titans,Lucknow Super Giants,True,1,0.6604726910591125,1,0.6002160906791687,0.0,0.5818336129928581,0.0,0.5332177863747559
1426260,2024,Kolkata Knight Riders,Chennai Super Kings,Chennai Super Kings,True,0,0.5334234237670898,0,0.5061901807785034,1.0,0.5617878133297315,1.0,0.889320897627493
1426261,2024,Sunrisers Hyderabad,Kings XI Punjab,Sunrisers Hyderabad,True,0,0.5191134512424469,0,0.5411858260631561,0.0,0.6165485798238863,1.0,0.7120393237324675
1426262,2024,Rajasthan Royals,Gujarat Titans,Gujarat Titans,True,0,0.5635740160942078,0,0.5291960835456848,1.0,0.616534308415695,0.0,0.5262445409659833
1426263,2024,Royal Challengers Bengaluru,Mumbai Indians,Mumbai Indians,True,1,0.541546106338501,1,0.6049858927726746,1.0,0.6395527896379639,1.0,0.7417857284709624
1426264,2024,Lucknow Super Giants,Delhi Capitals,Delhi Capitals,True,0,0.6682975888252258,0,0.6633568406105042,1.0,0.5888875122507258,1.0,0.6403397433690817
1426265,2024,Kings XI Punjab,Rajasthan Royals,Rajasthan Royals,True,1,0.608687162399292,1,0.6667368412017822,1.0,0.696026772879045,1.0,0.696026772879045
1426267,2024,Chennai Super Kings,Mumbai Indians,Chennai Super Kings,True,1,0.5738254189491272,1,0.5251933932304382,0.0,0.6248828593827047,0.0,0.5887498476362237
1426266,2024,Lucknow Super Giants,Kolkata Knight Riders,Kolkata Knight Riders,True,0,0.5156571865081787,1,0.5492192506790161,1.0,0.5351333031701421,1.0,0.7003704502834682
1426268,2024,Sunrisers Hyderabad,Royal Challengers Bengaluru,Sunrisers Hyderabad,True,0,0.5206480026245117,0,0.5657812356948853,0.0,0.5685325682429531,1.0,0.5503304807986982
1426269,2024,Kolkata Knight Riders,Rajasthan Royals,Rajasthan Royals,True,0,0.5269057750701904,1,0.5337541401386261,1.0,0.5760292263863463,0.0,0.9818181818181818
1426270,2024,Gujarat Titans,Delhi Capitals,Delhi Capitals,True,1,0.5175682604312897,1,0.5594012141227722,1.0,0.8731161439597372,,
1426271,2024,Mumbai Indians,Kings XI Punjab,Mumbai Indians,True,1,0.5129814147949219,0,0.5201446712017059,1.0,0.5444936526680962,1.0,0.8854320768941847
1426272,2024,Chennai Super Kings,Lucknow Super Giants,Lucknow Super Giants,True,0,0.6182641386985779,0,0.6171291470527649,0.0,0.5126329527096903,1.0,0.5602109022648198
1426273,2024,Sunrisers Hyderabad,Delhi Capitals,Sunrisers Hyderabad,True,0,0.5600604116916656,0,0.6013150811195374,0.0,0.5984133710570372,1.0,0.7278916794636775
1426274,2024,Kolkata Knight Riders,Royal Challengers Bengaluru,Kolkata Knight Riders,True,1,0.5161141753196716,0,0.5379725098609924,0.0,0.5823200177150982,0.0,0.5161684127729342
1426275,2024,Kings XI Punjab,Gujarat Titans,Gujarat Titans,True,1,0.5616744756698608,1,0.6233608424663544,1.0,0.6248828593827047,1.0,0.7327715110797218
1426276,2024,Mumbai Indians,Rajasthan Royals,Rajasthan Royals,True,0,0.5393003821372986,1,0.5023924708366394,1.0,0.591558556979681,1.0,0.5934950713681268
1426277,2024,Chennai Super Kings,Lucknow Super Giants,Lucknow Super Giants,True,1,0.5282450318336487,1,0.5433157682418823,1.0,0.5220388827087812,0.0,0.9737643726045659
1426278,2024,Delhi Capitals,Gujarat Titans,Delhi Capitals,True,0,0.5148680210113525,0,0.5834046900272369,0.0,0.6144326883700063,1.0,0.7696578734380928
1426279,2024,Royal Challengers Bengaluru,Sunrisers Hyderabad,Royal Challengers Bengaluru,True,0,0.5596602857112885,0,0.580617755651474,1.0,0.5906713801697249,1.0,0.9166710372260859
1426280,2024,Kolkata Knight Riders,Kings XI Punjab,Kings XI Punjab,True,0,0.5247911810874939,1,0.5369559526443481,1.0,0.615339256078906,0.0,0.6326313458756678
1426281,2024,Delhi Capitals,Mumbai Indians,Delhi Capitals,True,0,0.5192935764789581,0,0.5732346177101135,0.0,0.5460327550565001,1.0,0.9897435897435898
1426282,2024,Lucknow Super Giants,Rajasthan Royals,Rajasthan Royals,True,0,0.52994304895401,1,0.5345116257667542,0.0,0.5461229984363788,0.0,0.7351766074695745
1426284,2024,Chennai Super Kings,Sunrisers Hyderabad,Chennai Super Kings,True,1,0.5526037812232971,1,0.5579930543899536,1.0,0.5536728559862363,1.0,0.9952941176470589
1426283,2024,Gujarat Titans,Royal Challengers Bengaluru,Royal Challengers Bengaluru,True,1,0.5282822847366333,1,0.5750728249549866,1.0,0.6545259274130278,1.0,0.6362279291933695
1426285,2024,Delhi Capitals,Kolkata Knight Riders,Kolkata Knight Riders,True,1,0.5182704031467438,1,0.5695724785327911,1.0,0.5667873668164116,1.0,0.9301900943348661
1426286,2024,Mumbai Indians,Lucknow Super Giants,Lucknow Super Giants,True,0,0.5499935746192932,1,0.5018120110034943,1.0,0.7925760711434251,1.0,0.9197067611603538
1426287,2024,Chennai Super Kings,Kings XI Punjab,Kings XI Punjab,True,1,0.546903133392334,1,0.5800010859966278,1.0,0.5391408317519081,1.0,0.7154567452970653
1426288,2024,Sunrisers Hyderabad,Rajasthan Royals,Sunrisers Hyderabad,True,0,0.5782831311225891,0,0.6280068159103394,0.0,0.5189669319697636,1.0,0.571398828569234
1426289,2024,Kolkata Knight Riders,Mumbai Indians,Kolkata Knight Riders,True,1,0.5723342299461365,1,0.5412379503250122,0.0,0.6214595285880321,1.0,0.524161370992069
1426290,2024,Gujarat Titans,Royal Challengers Bengaluru,Royal Challengers Bengaluru,True,1,0.5328285992145538,1,0.5654595792293549,1.0,0.6873930947277025,1.0,1.0
1426291,2024,Chennai Super Kings,Kings XI Punjab,Chennai Super Kings,True,1,0.5378421545028687,1,0.5094829201698303,0.0,0.6310943143521374,0.0,0.5676813382218423
1426292,2024,Kolkata Knight Riders,Lucknow Super Giants,Kolkata Knight Riders,True,1,0.509316623210907,0,0.5378937721252441,0.0,0.5764942141158828,1.0,0.9952941176470589
1426293,2024,Sunrisers Hyderabad,Mumbai Indians,Mumbai Indians,True,1,0.5102218389511108,1,0.5422261357307434,1.0,0.6125296651807141,1.0,0.6464685700926073
1426294,2024,Delhi Capitals,Rajasthan Royals,Delhi Capitals,True,0,0.565996915102005,0,0.61996990442276,0.0,0.5922035963718306,1.0,0.8816287584496554
1426295,2024,Lucknow Super Giants,Sunrisers Hyderabad,Sunrisers Hyderabad,True,1,0.6010977625846863,1,0.6263226866722107,1.0,0.643491464199252,1.0,0.9839506172839506
1426296,2024,Royal Challengers Bengaluru,Kings XI Punjab,Royal Challengers Bengaluru,True,1,0.5084882378578186,0,0.5121277570724487,1.0,0.5138343342188607,1.0,0.9897435897435898
1426297,2024,Gujarat Titans,Chennai Super Kings,Gujarat Titans,True,0,0.5119780004024506,0,0.5722245275974274,0.0,0.5899383986878994,1.0,0.9558974358974359
1426298,2024,Kolkata Knight Riders,Mumbai Indians,Kolkata Knight Riders,True,1,0.5867987275123596,1,0.5339947938919067,0.0,0.5901537520255312,0.0,0.7891788704801204
1426299,2024,Rajasthan Royals,Chennai Super Kings,Chennai Super Kings,True,0,0.579589307308197,0,0.5668801665306091,1.0,0.6165485798238863,1.0,0.7886940823165979
1426300,2024,Royal Challengers Bengaluru,Delhi Capitals,Royal Challengers Bengaluru,True,0,0.5033321380615234,0,0.5607194006443024,0.0,0.5974153077794455,0.0,0.5258544660101397
1426302,2024,Delhi Capitals,Lucknow Super Giants,Delhi Capitals,True,0,0.5017777979373932,0,0.5322509407997131,0.0,0.5348390623637933,1.0,0.904806630446425
1426303,2024,Rajasthan Royals,Kings XI Punjab,Kings XI Punjab,True,0,0.6653974056243896,0,0.6497134566307068,1.0,0.9053659144570607,1.0,0.9784711652291561
1426305,2024,Lucknow Super Giants,Mumbai Indians,Lucknow Super Giants,True,0,0.536560595035553,0,0.567640483379364,0.0,0.6146235928659456,1.0,0.8983403848276369
1426306,2024,Royal Challengers Bengaluru,Chennai Super Kings,Royal Challengers Bengaluru,True,0,0.5371745228767395,0,0.5700555741786957,0.0,0.6174281937908741,1.0,0.5288175208176354
1426307,2024,Kings XI Punjab,Sunrisers Hyderabad,Sunrisers Hyderabad,True,1,0.5606985986232758,1,0.5804268717765808,1.0,0.5062838244355499,0.0,0.6670991777253089
1426309,2024,Sunrisers Hyderabad,Kolkata Knight Riders,Kolkata Knight Riders,True,1,0.6315647959709167,1,0.680088222026825,1.0,0.5842049648854175,1.0,0.9645796064400716
1426310,2024,Royal Challengers Bengaluru,Rajasthan Royals,Rajasthan Royals,True,1,0.5972439348697662,1,0.6400839388370514,1.0,0.6174281937908741,1.0,0.6689111063285719
1426311,2024,Sunrisers Hyderabad,Rajasthan Royals,Sunrisers Hyderabad,True,0,0.569438636302948,0,0.6007186472415924,0.0,0.5617878133297315,0.0,0.5159418140354235
1426312,2024,Sunrisers Hyderabad,Kolkata Knight Riders,Kolkata Knight Riders,True,1,0.6257808208465576,1,0.6789238452911377,1.0,0.6577585767293879,1.0,1.0
1473438,2025,Kolkata Knight Riders,Royal Challengers Bengaluru,Royal Challengers Bengaluru,True,0,0.5109520554542542,1,0.5467983782291412,1.0,0.5505993104122309,1.0,0.8550398076295547
1473439,2025,Sunrisers Hyderabad,Rajasthan Royals,Sunrisers Hyderabad,True,0,0.5208476781845093,0,0.5512779057025909,0.0,0.6671962967212879,1.0,0.5542093500287836
1473440,2025,Mumbai Indians,Chennai Super Kings,Chennai Super Kings,True,1,0.6049318015575409,1,0.6396253407001495,1.0,0.5495686689665318,1.0,0.9307993966817496
1473441,2025,Lucknow Super Giants,Delhi Capitals,Delhi Capitals,True,1,0.5227051377296448,1,0.5480058491230011,1.0,0.55499402244707,1.0,0.5082730369871465
1473442,2025,Kings XI Punjab,Gujarat Titans,Kings XI Punjab,True,0,0.5753061175346375,0,0.6163205504417419,1.0,0.5774849922139144,0.0,0.9423120628671116
1473443,2025,Rajasthan Royals,Kolkata Knight Riders,Kolkata Knight Riders,True,0,0.5038362145423889,1,0.5489789247512817,1.0,0.5885759231715151,1.0,0.7384040430150945
1473444,2025,Sunrisers Hyderabad,Lucknow Super Giants,Lucknow Super Giants,True,1,0.6322761476039886,1,0.6498953402042389,1.0,0.6459530838761853,1.0,1.0
1473445,2025,Royal Challengers Bengaluru,Chennai Super Kings,Royal Challengers Bengaluru,True,1,0.5159865617752075,0,0.5283185243606567,1.0,0.5012208980921665,1.0,0.9477010241882763
1473446,2025,Gujarat Titans,Mumbai Indians,Gujarat Titans,True,0,0.5669377446174622,0,0.5959310829639435,0.0,0.5602447349709591,1.0,0.626350802216356
1473448,2025,Rajasthan Royals,Chennai Super Kings,Rajasthan Royals,True,0,0.504072904586792,0,0.5627432465553284,1.0,0.5494187289614729,1.0,0.5683252828586399
1473447,2025,Sunrisers Hyderabad,Delhi Capitals,Delhi Capitals,True,0,0.5527036786079407,0,0.5097046494483948,1.0,0.5809539990258703,1.0,0.9373712901271957
1473449,2025,Kolkata Knight Riders,Mumbai Indians,Mumbai Indians,True,0,0.5543281435966492,1,0.5049953162670135,1.0,0.6306429101789148,1.0,1.0
1473450,2025,Lucknow Super Giants,Kings XI Punjab,Kings XI Punjab,True,1,0.5012829601764679,1,0.5422530770301819,1.0,0.6410347029935619,1.0,0.9685660018993353
1473451,2025,Royal Challengers Bengaluru,Gujarat Titans,Gujarat Titans,True,1,0.508019208908081,1,0.5503337681293488,1.0,0.6431182497476856,1.0,0.6817229228016657
1473452,2025,Kolkata Knight Riders,Sunrisers Hyderabad,Kolkata Knight Riders,True,1,0.5247054696083069,1,0.5054588913917542,0.0,0.5498334719972389,1.0,0.9477010241882763
1473453,2025,Lucknow Super Giants,Mumbai Indians,Lucknow Super Giants,True,1,0.5157536864280701,0,0.5458692908287048,0.0,0.5598746523575587,0.0,0.5854280527952549
1473454,2025,Delhi Capitals,Chennai Super Kings,Delhi Capitals,True,1,0.5505091547966003,0,0.5012110769748688,0.0,0.5653509502587865,1.0,0.6806217675165044
1473455,2025,Rajasthan Royals,Kings XI Punjab,Rajasthan Royals,True,0,0.6007172465324402,0,0.6447734534740448,0.0,0.5001867557621921,1.0,0.9477010241882763
1473457,2025,Sunrisers Hyderabad,Gujarat Titans,Gujarat Titans,True,1,0.5950747430324554,1,0.6557709872722626,1.0,0.6372381998022921,1.0,0.7605562786463923
1473458,2025,Royal Challengers Bengaluru,Mumbai Indians,Royal Challengers Bengaluru,True,1,0.5652590990066528,1,0.5087293386459351,0.0,0.5882491267953316,1.0,0.7281138024127589
1473456,2025,Lucknow Super Giants,Kolkata Knight Riders,Lucknow Super Giants,True,0,0.5148667395114899,0,0.5696060061454773,0.0,0.5654394104755258,1.0,0.9330402930402931
1473459,2025,Kings XI Punjab,Chennai Super Kings,Kings XI Punjab,True,1,0.5175207853317261,0,0.56218421459198,1.0,0.5351895227314408,0.0,0.9299495448983356
1473460,2025,Gujarat Titans,Rajasthan Royals,Gujarat Titans,True,1,0.5100023150444031,0,0.5247740745544434,0.0,0.6054907798818527,1.0,0.7438249946809232
1473461,2025,Royal Challengers Bengaluru,Delhi Capitals,Delhi Capitals,True,0,0.5487122535705566,0,0.5061792731285095,1.0,0.5843010337990414,1.0,0.5533205465579598
1473462,2025,Chennai Super Kings,Kolkata Knight Riders,Kolkata Knight Riders,True,0,0.5189748406410217,1,0.5310440063476562,1.0,0.5961383862187579,1.0,1.0
1473463,2025,Gujarat Titans,Lucknow Super Giants,Lucknow Super Giants,True,1,0.5080095827579498,1,0.5428743958473206,1.0,0.5603828880393141,1.0,0.807409688390547
1473464,2025,Kings XI Punjab,Sunrisers Hyderabad,Sunrisers Hyderabad,True,0,0.5001250505447388,1,0.5243160724639893,1.0,0.5579004905701109,0.0,0.7383188083136014
1473465,2025,Rajasthan Royals,Royal Challengers Bengaluru,Royal Challengers Bengaluru,True,1,0.5020221471786499,1,0.5369088053703308,0.0,0.5242241880181828,1.0,0.7035813980386934
1473466,2025,Mumbai Indians,Delhi Capitals,Mumbai Indians,True,1,0.5201869606971741,0,0.5431439578533173,1.0,0.5384876949700892,1.0,0.5376420496723096
1473467,2025,Lucknow Super Giants,Chennai Super Kings,Chennai Super Kings,True,1,0.5369086563587189,1,0.6055122017860413,1.0,0.6597433187173756,1.0,0.6578849847063806
1473468,2025,Kings XI Punjab,Kolkata Knight Riders,Kings XI Punjab,True,0,0.6285167336463928,0,0.6813394725322723,1.0,0.5995866062205447,1.0,1.0
1473469,2025,Delhi Capitals,Rajasthan Royals,Delhi Capitals,True,0,0.5236827433109283,0,0.5706539452075958,0.0,0.6130795730119303,0.0,0.5984133710570372
1473470,2025,Sunrisers Hyderabad,Mumbai Indians,Mumbai Indians,True,1,0.5478079319000244,1,0.6046817302703857,1.0,0.5955802129835607,1.0,0.9232805996892685
1473471,2025,Royal Challengers Bengaluru,Kings XI Punjab,Kings XI Punjab,True,0,0.534415602684021,0,0.5050448179244995,1.0,0.8226439649038836,1.0,1.0
1473472,2025,Delhi Capitals,Gujarat Titans,Gujarat Titans,True,0,0.5129147171974182,1,0.5490317642688751,0.0,0.518280820855735,0.0,0.6657566834042787
1473473,2025,Lucknow Super Giants,Rajasthan Royals,Lucknow Super Giants,True,1,0.5144733786582947,0,0.5081108808517456,0.0,0.5207023055168769,0.0,0.6287501285163263
1473474,2025,Kings XI Punjab,Royal Challengers Bengaluru,Royal Challengers Bengaluru,True,0,0.5572341084480286,0,0.5229369401931763,0.0,0.586990028787433,1.0,0.7968696909966587
1473475,2025,Chennai Super Kings,Mumbai Indians,Mumbai Indians,True,1,0.5318275094032288,1,0.5848940908908844,1.0,0.6016613365112806,1.0,0.6321672419342129
1473476,2025,Gujarat Titans,Kolkata Knight Riders,Gujarat Titans,True,1,0.5553249716758728,0,0.5109318792819977,0.0,0.62315423177433,1.0,0.5506254475841961
1473477,2025,Lucknow Super Giants,Delhi Capitals,Delhi Capitals,True,1,0.53351891040802,1,0.5752981901168823,1.0,0.6022428144276092,1.0,0.6587636938431215
1473478,2025,Sunrisers Hyderabad,Mumbai Indians,Mumbai Indians,True,1,0.5682663023471832,1,0.6328055262565613,1.0,0.6757896621017917,1.0,0.8766766173727463
1473479,2025,Royal Challengers Bengaluru,Rajasthan Royals,Royal Challengers Bengaluru,True,1,0.56676185131073,1,0.5232789516448975,0.0,0.6165485798238863,0.0,0.7033406333459826
1473480,2025,Chennai Super Kings,Sunrisers Hyderabad,Sunrisers Hyderabad,True,1,0.5184025466442108,0,0.5018266439437866,0.0,0.5200832906009525,0.0,0.577581572569178
1473482,2025,Mumbai Indians,Lucknow Super Giants,Mumbai Indians,True,1,0.5065299868583679,0,0.5218412280082703,0.0,0.6025409504782684,1.0,0.7696578734380928
1473483,2025,Delhi Capitals,Royal Challengers Bengaluru,Royal Challengers Bengaluru,True,1,0.524201363325119,1,0.5729585587978363,1.0,0.5902715898824857,0.0,0.5344863143049909
1473484,2025,Gujarat Titans,Rajasthan Royals,Rajasthan Royals,True,0,0.5141158103942871,1,0.5188793540000916,1.0,0.517833869916228,1.0,0.5710672611313724
1473485,2025,Kolkata Knight Riders,Delhi Capitals,Kolkata Knight Riders,True,1,0.51310133934021,0,0.5264181792736053,0.0,0.5035277166210079,1.0,0.5472537150871128
1473486,2025,Chennai Super Kings,Kings XI Punjab,Kings XI Punjab,True,1,0.5231244564056396,1,0.5646012723445892,0.0,0.5225319801375005,0.0,0.5072652184877601
1473487,2025,Mumbai Indians,Rajasthan Royals,Mumbai Indians,True,1,0.5538156628608704,1,0.5297859907150269,0.0,0.5602649871528298,1.0,0.9040723554600367
1473488,2025,Gujarat Titans,Sunrisers Hyderabad,Gujarat Titans,True,0,0.5153478384017944,0,0.5437356531620026,0.0,0.5986681086046545,1.0,0.9112272502438374
1473489,2025,Royal Challengers Bengaluru,Chennai Super Kings,Royal Challengers Bengaluru,True,0,0.5180004239082336,0,0.5553441047668457,0.0,0.6613665618665681,0.0,0.6305080835438295
1473490,2025,Kolkata Knight Riders,Rajasthan Royals,Kolkata Knight Riders,True,1,0.5121789574623108,0,0.5277813673019409,0.0,0.589319814075827,1.0,0.9049149749485114
1473491,2025,Kings XI Punjab,Lucknow Super Giants,Kings XI Punjab,True,0,0.5471096932888031,0,0.564757764339447,1.0,0.5187543433762777,0.0,0.9784702549575071
1473493,2025,Mumbai Indians,Gujarat Titans,Gujarat Titans,True,0,0.5569862723350525,1,0.5031802356243134,1.0,0.6101297436083459,1.0,0.6327848403623235
1473494,2025,Kolkata Knight Riders,Chennai Super Kings,Chennai Super Kings,True,0,0.577075183391571,0,0.5240305066108704,1.0,0.6807965342845882,1.0,0.7174148645082724
1473497,2025,Kings XI Punjab,Rajasthan Royals,Kings XI Punjab,True,1,0.5723833441734314,1,0.5565435290336609,0.0,0.5229040182428095,0.0,0.7584656593261705
1473498,2025,Delhi Capitals,Gujarat Titans,Gujarat Titans,True,1,0.5893508493900299,1,0.6534233093261719,1.0,0.5974153077794455,1.0,0.5341507393409539
1473499,2025,Lucknow Super Giants,Sunrisers Hyderabad,Sunrisers Hyderabad,True,1,0.5343549251556396,1,0.540590912103653,1.0,0.5803118584800927,1.0,0.6410347029935619
1473500,2025,Chennai Super Kings,Rajasthan Royals,Rajasthan Royals,True,1,0.5461586117744446,1,0.588932454586029,1.0,0.5186929340151865,1.0,0.5984133710570372
1473501,2025,Mumbai Indians,Delhi Capitals,Mumbai Indians,True,1,0.5037773251533508,0,0.5421125888824463,0.0,0.6214595285880321,1.0,0.5036010222902699
1473502,2025,Lucknow Super Giants,Gujarat Titans,Lucknow Super Giants,True,0,0.5970653891563416,0,0.6254732608795166,1.0,0.6150521732151796,1.0,0.9818181818181818
1473503,2025,Sunrisers Hyderabad,Royal Challengers Bengaluru,Sunrisers Hyderabad,True,0,0.5033813118934631,0,0.5530565083026886,0.0,0.5393053748835159,1.0,0.8802803046535637
1485779,2025,Kings XI Punjab,Delhi Capitals,Delhi Capitals,True,1,0.5116523206233978,1,0.5484345853328705,1.0,0.5528124305993718,1.0,0.5234809108544374
1473505,2025,Sunrisers Hyderabad,Kolkata Knight Riders,Sunrisers Hyderabad,True,0,0.5255672931671143,0,0.598209798336029,1.0,0.5364111074526694,1.0,1.0
1473504,2025,Chennai Super Kings,Gujarat Titans,Chennai Super Kings,True,0,0.6474899053573608,0,0.6921229064464569,1.0,0.5277266407164395,1.0,1.0
1473506,2025,Mumbai Indians,Kings XI Punjab,Kings XI Punjab,True,0,0.5570585131645203,0,0.5283768177032471,1.0,0.5021015541050875,1.0,0.531963956599645
1473507,2025,Lucknow Super Giants,Royal Challengers Bengaluru,Royal Challengers Bengaluru,True,1,0.5581118762493134,1,0.602759838104248,0.0,0.5194421567701154,0.0,0.8975617484222596
1473508,2025,Kings XI Punjab,Royal Challengers Bengaluru,Royal Challengers Bengaluru,True,1,0.5052754878997803,1,0.5372080206871033,1.0,0.6367317582319016,1.0,1.0
1473509,2025,Mumbai Indians,Gujarat Titans,Mumbai Indians,True,0,0.5716757774353027,0,0.634070485830307,0.0,0.558528313189716,1.0,0.8722619137240215
1473510,2025,Mumbai Indians,Kings XI Punjab,Kings XI Punjab,True,0,0.5036115646362305,1,0.5245895385742188,1.0,0.558991487310665,0.0,0.6403587936993137
1473511,2025,Royal Challengers Bengaluru,Kings XI Punjab,Royal Challengers Bengaluru,True,0,0.5217530727386475,0,0.5405423939228058,0.0,0.5701865420313862,1.0,0.6742758430071862
