file_id,matchup_advantage_bf,matchup_advantage_diff
1426295,0.4824,-0.0176
1216518,0.4915,-0.0085
729297,0.5812,0.0812
392199,0.5024,0.0024
1178409,0.3299,-0.1701
501233,0.449,-0.051
1178426,0.3797,-0.1203
1136616,0.4957,-0.0043
1422125,0.527,0.027
1216495,0.4034,-0.0966
1254117,0.6076,0.1076
1082593,0.4111,-0.0889
829807,0.4639,-0.0361
980991,0.4354,-0.0646
392211,0.5023,0.0023
1473502,0.4478,-0.0522
1426299,0.4375,-0.0625
548378,0.599,0.099
336024,0.5887,0.0887
548327,0.5843,0.0843
734029,0.6076,0.1076
548346,0.3927,-0.1073
734019,0.5,0.0
980981,0.5447,0.0447
1359520,0.3996,-0.1004
1359512,0.453,-0.047
392202,0.4237,-0.0763
1304073,0.465,-0.035
1216547,0.5049,0.0049
981019,0.4746,-0.0254
980955,0.5075,0.0075
1216537,0.57,0.07
829791,0.494,-0.006
501249,0.4912,-0.0088
1216539,0.4486,-0.0514
1254084,0.5764,0.0764
1473468,0.4025,-0.0975
1254095,0.4031,-0.0969
501263,0.4285,-0.0715
336040,0.4791,-0.0209
392209,0.6454,0.1454
734015,0.5282,0.0282
1178396,0.4275,-0.0725
1082603,0.438,-0.062
1304052,0.5165,0.0165
1485779,0.3541,-0.1459
1216528,0.5374,0.0374
1304088,0.5397,0.0397
1304108,0.5453,0.0453
392223,0.6401,0.1401
829803,0.4108,-0.0892
980909,0.5432,0.0432
1216536,0.5313,0.0313
1254109,0.5972,0.0972
1359503,0.5237,0.0237
980959,0.4112,-0.0888
1359481,0.5699,0.0699
419138,0.5279,0.0279
501234,0.4878,-0.0122
1136585,0.59,0.09
1216497,0.4956,-0.0044
548316,0.4895,-0.0105
734037,0.4675,-0.0325
501242,0.5102,0.0102
729313,0.5,0.0
829723,0.5422,0.0422
1304071,0.4311,-0.0689
1426278,0.5569,0.0569
1082598,0.3915,-0.1085
1254058,0.5122,0.0122
598043,0.4435,-0.0565
548329,0.4953,-0.0047
548344,0.5264,0.0264
980937,0.3862,-0.1138
1216508,0.5759,0.0759
1254083,0.5745,0.0745
729287,0.5023,0.0023
1136584,0.4979,-0.0021
1082636,0.4505,-0.0495
419137,0.5039,0.0039
501204,0.4367,-0.0633
548325,0.5052,0.0052
598022,0.4576,-0.0424
1254102,0.5564,0.0564
1082600,0.5478,0.0478
1359513,0.5307,0.0307
1359518,0.5444,0.0444
392198,0.4251,-0.0749
419130,0.6454,0.1454
1359508,0.4507,-0.0493
501222,0.6365,0.1365
419133,0.3823,-0.1177
1216511,0.5093,0.0093
1426290,0.4556,-0.0444
392197,0.5851,0.0851
980987,0.5753,0.0753
548369,0.599,0.099
1473444,0.4201,-0.0799
598066,0.5487,0.0487
1136573,0.4741,-0.0259
336014,0.6188,0.1188
1082642,0.4497,-0.0503
1473491,0.5,0.0
501206,0.5491,0.0491
1304055,0.538,0.038
501240,0.493,-0.007
501252,0.5709,0.0709
548309,0.6879,0.1879
1216499,0.4124,-0.0876
1426272,0.5293,0.0293
1473441,0.5355,0.0355
1082597,0.5155,0.0155
548331,0.5079,0.0079
598070,0.5115,0.0115
1216515,0.5367,0.0367
1082602,0.5784,0.0784
1426310,0.4118,-0.0882
733973,0.6022,0.1022
501253,0.6587,0.1587
1082610,0.4718,-0.0282
1426262,0.4927,-0.0073
981015,0.4398,-0.0602
1359524,0.5058,0.0058
598065,0.4892,-0.0108
1178405,0.4004,-0.0996
598023,0.6295,0.1295
1359490,0.5952,0.0952
336018,0.4791,-0.0209
1136592,0.4744,-0.0256
598048,0.513,0.013
392232,0.5279,0.0279
1082601,0.4811,-0.0189
419162,0.5035,0.0035
1304081,0.6133,0.1133
1359525,0.4573,-0.0427
1136581,0.4067,-0.0933
1254070,0.3595,-0.1405
1359528,0.4758,-0.0242
734009,0.4746,-0.0254
1473446,0.5662,0.0662
1473482,0.39,-0.11
1473483,0.4971,-0.0029
1178404,0.521,0.021
335988,0.4937,-0.0063
392224,0.5035,0.0035
1178423,0.5285,0.0285
598019,0.5788,0.0788
392208,0.448,-0.052
1136589,0.4434,-0.0566
501245,0.5137,0.0137
981007,0.436,-0.064
1175369,0.4551,-0.0449
1082626,0.3558,-0.1442
1426298,0.5814,0.0814
733999,0.5062,0.0062
1473484,0.4766,-0.0234
1473453,0.5603,0.0603
1370350,0.5055,0.0055
501260,0.5543,0.0543
1426291,0.4158,-0.0842
392191,0.5185,0.0185
980919,0.4628,-0.0372
1312199,0.421,-0.079
1178430,0.5985,0.0985
336031,0.4933,-0.0067
419107,0.501,0.001
419115,0.4799,-0.0201
336034,0.5557,0.0557
1216524,0.3929,-0.1071
1359542,0.2983,-0.2017
829725,0.6462,0.1462
392185,0.5071,0.0071
980953,0.5086,0.0086
336019,0.48,-0.02
336012,0.4729,-0.0271
501215,0.4344,-0.0656
598059,0.5931,0.0931
1136562,0.473,-0.027
981013,0.5369,0.0369
1237177,0.4445,-0.0555
1473458,0.588,0.088
733997,0.5059,0.0059
1473440,0.5132,0.0132
1254091,0.5525,0.0525
729289,0.4584,-0.0416
829737,0.4868,-0.0132
1426273,0.4702,-0.0298
1426303,0.5061,0.0061
1304106,0.4986,-0.0014
1370351,0.5896,0.0896
419161,0.59,0.09
1254100,0.4418,-0.0582
829797,0.5442,0.0442
1254115,0.5047,0.0047
1304051,0.506,0.006
1304114,0.494,-0.006
734041,0.5747,0.0747
1082618,0.5383,0.0383
1178398,0.5185,0.0185
1136611,0.4525,-0.0475
1082622,0.4611,-0.0389
336015,0.5514,0.0514
548345,0.4841,-0.0159
734049,0.4759,-0.0241
1473505,0.4114,-0.0886
1216531,0.6554,0.1554
1473487,0.354,-0.146
1473506,0.5401,0.0401
419134,0.5012,0.0012
548358,0.5552,0.0552
598061,0.4977,-0.0023
1426281,0.6101,0.1101
336025,0.4822,-0.0178
392206,0.4873,-0.0127
1178410,0.4798,-0.0202
335984,0.4729,-0.0271
1237180,0.4878,-0.0122
1359522,0.5157,0.0157
419118,0.5441,0.0441
1304047,0.4254,-0.0746
980941,0.3845,-0.1155
598031,0.4824,-0.0176
829731,0.46,-0.04
729295,0.5196,0.0196
1304113,0.5103,0.0103
1254063,0.5103,0.0103
419128,0.5267,0.0267
1304082,0.3768,-0.1232
501229,0.4941,-0.0059
1426266,0.3797,-0.1203
1254060,0.4482,-0.0518
1426309,0.4643,-0.0357
392218,0.5464,0.0464
1473460,0.4529,-0.0471
729301,0.6067,0.1067
598036,0.5261,0.0261
733985,0.4631,-0.0369
981005,0.4067,-0.0933
1136602,0.3574,-0.1426
1359505,0.5458,0.0458
1422139,0.474,-0.026
829799,0.5136,0.0136
1254113,0.544,0.044
1473454,0.4686,-0.0314
598057,0.5105,0.0105
501208,0.4842,-0.0158
829759,0.4804,-0.0196
1254108,0.602,0.102
1359478,0.4974,-0.0026
548353,0.5088,0.0088
598040,0.5052,0.0052
980977,0.4603,-0.0397
1178422,0.679,0.179
829817,0.4894,-0.0106
1426300,0.4905,-0.0095
1082628,0.587,0.087
1136620,0.5624,0.0624
1426263,0.6299,0.1299
392203,0.5851,0.0851
1216505,0.4297,-0.0703
1136579,0.4398,-0.0602
548355,0.5149,0.0149
733983,0.4831,-0.0169
980933,0.5953,0.0953
501212,0.6357,0.1357
598063,0.3872,-0.1128
392227,0.5553,0.0553
419155,0.5383,0.0383
1473455,0.3912,-0.1088
1359502,0.4765,-0.0235
392225,0.618,0.118
336009,0.4881,-0.0119
1254059,0.4682,-0.0318
419143,0.4693,-0.0307
501271,0.5883,0.0883
1304089,0.6423,0.1423
1473510,0.428,-0.072
548307,0.4507,-0.0493
548347,0.6412,0.1412
1359540,0.4777,-0.0223
1359491,0.5,0.0
1473508,0.5221,0.0221
829765,0.544,0.044
548312,0.572,0.072
1422122,0.5531,0.0531
1175361,0.6027,0.1027
392183,0.5081,0.0081
1359531,0.5683,0.0683
336017,0.514,0.014
829793,0.5282,0.0282
1473442,0.5198,0.0198
548368,0.382,-0.118
392190,0.6585,0.1585
419116,0.573,0.073
1304058,0.5003,0.0003
1082633,0.4004,-0.0996
1254074,0.5518,0.0518
1178429,0.4506,-0.0494
1426279,0.5469,0.0469
548352,0.4834,-0.0166
419152,0.4974,-0.0026
1136599,0.4735,-0.0265
501224,0.4429,-0.0571
980903,0.5167,0.0167
1254092,0.623,0.123
733979,0.4657,-0.0343
1304083,0.7552,0.2552
548319,0.4173,-0.0827
419113,0.6507,0.1507
501201,0.4755,-0.0245
598071,0.5153,0.0153
392214,0.519,0.019
1254093,0.5972,0.0972
1359526,0.5,0.0
1216544,0.5338,0.0338
829721,0.405,-0.095
1136575,0.4705,-0.0295
419129,0.4748,-0.0252
548314,0.4863,-0.0137
1082605,0.4533,-0.0467
829789,0.5037,0.0037
1304084,0.5521,0.0521
501213,0.6041,0.1041
1175359,0.4984,-0.0016
1254086,0.379,-0.121
1359530,0.4761,-0.0239
1426284,0.5,0.0
1473467,0.5,0.0
419154,0.5741,0.0741
1304104,0.5987,0.0987
501228,0.4987,-0.0013
501241,0.5,0.0
548334,0.6206,0.1206
1254088,0.5,0.0
1216506,0.5515,0.0515
501238,0.5,0.0
1359489,0.4301,-0.0699
548323,0.4717,-0.0283
1216502,0.5467,0.0467
501247,0.4749,-0.0251
598012,0.3797,-0.1203
1359494,0.4391,-0.0609
1304090,0.6837,0.1837
501257,0.6136,0.1136
1359507,0.5305,0.0305
1216503,0.5,0.0
1082623,0.5038,0.0038
1082650,0.465,-0.035
1422121,0.4792,-0.0208
548337,0.5069,0.0069
392221,0.5035,0.0035
1082595,0.4977,-0.0023
1359529,0.4582,-0.0418
1082625,0.605,0.105
548311,0.4749,-0.0251
548330,0.5742,0.0742
598030,0.4749,-0.0251
1426276,0.3599,-0.1401
598054,0.5225,0.0225
598046,0.4735,-0.0265
729315,0.4564,-0.0436
548351,0.5393,0.0393
1359495,0.4561,-0.0439
598038,0.625,0.125
729285,0.5841,0.0841
1254072,0.5477,0.0477
980921,0.5368,0.0368
1304085,0.4522,-0.0478
1136588,0.468,-0.032
419142,0.479,-0.021
392200,0.6369,0.1369
501205,0.3839,-0.1161
980927,0.4916,-0.0084
1136566,0.5664,0.0664
829821,0.4582,-0.0418
1136571,0.4601,-0.0399
1254111,0.5,0.0
1304110,0.4707,-0.0293
1136593,0.4473,-0.0527
598067,0.5379,0.0379
1082621,0.3652,-0.1348
335997,0.4916,-0.0084
829761,0.4985,-0.0015
392210,0.525,0.025
1422131,0.5,0.0
548372,0.5806,0.0806
598073,0.4937,-0.0063
1426302,0.45,-0.05
392216,0.5804,0.0804
729307,0.5246,0.0246
1216512,0.4414,-0.0586
1254105,0.3587,-0.1413
1216534,0.4539,-0.0461
336022,0.5112,0.0112
419160,0.5455,0.0455
598053,0.5949,0.0949
734017,0.5364,0.0364
548343,0.5157,0.0157
980931,0.5167,0.0167
1082627,0.4632,-0.0368
1426260,0.5589,0.0589
1359501,0.5,0.0
1136603,0.5435,0.0435
392192,0.623,0.123
598035,0.5833,0.0833
1175366,0.4967,-0.0033
829707,0.5451,0.0451
829729,0.5159,0.0159
1216519,0.4233,-0.0767
980925,0.458,-0.042
1473498,0.4582,-0.0418
335983,0.4931,-0.0069
1178407,0.4443,-0.0557
548363,0.5023,0.0023
729293,0.5401,0.0401
733989,0.4442,-0.0558
829739,0.4974,-0.0026
598060,0.5501,0.0501
501200,0.4869,-0.0131
598004,0.4296,-0.0704
729303,0.4908,-0.0092
335992,0.484,-0.016
336037,0.5841,0.0841
1304087,0.5835,0.0835
392217,0.416,-0.084
1082630,0.4584,-0.0416
1359537,0.5524,0.0524
1178393,0.5497,0.0497
1473438,0.4736,-0.0264
419141,0.5665,0.0665
1216510,0.4058,-0.0942
829741,0.4943,-0.0057
1254066,0.4782,-0.0218
1304103,0.3999,-0.1001
1359515,0.4192,-0.0808
1422137,0.4714,-0.0286
1178427,0.5304,0.0304
1216545,0.4521,-0.0479
1304056,0.5066,0.0066
548335,0.5244,0.0244
980961,0.5062,0.0062
598072,0.5665,0.0665
548321,0.5468,0.0468
1359500,0.4501,-0.0499
1181764,0.6228,0.1228
419165,0.6631,0.1631
548324,0.4317,-0.0683
548375,0.491,-0.009
733993,0.4718,-0.0282
1082647,0.5644,0.0644
419109,0.4936,-0.0064
1178414,0.4701,-0.0299
1370352,0.4167,-0.0833
392229,0.6375,0.1375
1136604,0.4629,-0.0371
980957,0.5641,0.0641
734013,0.4127,-0.0873
1216513,0.4611,-0.0389
1082596,0.3317,-0.1683
1422136,0.4262,-0.0738
1304054,0.4636,-0.0364
1359509,0.4937,-0.0063
1359532,0.3998,-0.1002
1216501,0.5001,0.0001
1216500,0.6713,0.1713
1426268,0.5835,0.0835
419127,0.4892,-0.0108
336039,0.4901,-0.0099
733991,0.4528,-0.0472
1473497,0.533,0.033
419123,0.4409,-0.0591
1422138,0.4646,-0.0354
336002,0.4918,-0.0082
1304109,0.5438,0.0438
1304063,0.5985,0.0985
1178412,0.5527,0.0527
1473478,0.6157,0.1157
419132,0.4919,-0.0081
419159,0.5,-0.0
392220,0.4401,-0.0599
548308,0.5933,0.0933
419148,0.511,0.011
335986,0.6935,0.1935
501261,0.4308,-0.0692
1473443,0.5405,0.0405
1359486,0.5312,0.0312
335982,0.5,0.0
1254094,0.5405,0.0405
336013,0.4798,-0.0202
1216532,0.3651,-0.1349
1422123,0.5598,0.0598
1216535,0.4982,-0.0018
980913,0.5745,0.0745
1304050,0.5993,0.0993
1216492,0.413,-0.087
598024,0.5025,0.0025
1082614,0.5137,0.0137
981011,0.5336,0.0336
1473476,0.3657,-0.1343
597999,0.5605,0.0605
734039,0.5294,0.0294
1473465,0.543,0.043
548349,0.5483,0.0483
336008,0.6006,0.1006
1254101,0.4263,-0.0737
1254104,0.4257,-0.0743
1216493,0.5212,0.0212
1359498,0.5609,0.0609
598042,0.6338,0.1338
829717,0.4969,-0.0031
1473507,0.5989,0.0989
501254,0.5921,0.0921
1359480,0.5713,0.0713
734001,0.5429,0.0429
1359523,0.4959,-0.0041
1422134,0.4969,-0.0031
1370353,0.4809,-0.0191
501202,0.5314,0.0314
734031,0.4863,-0.0137
548341,0.5377,0.0377
1473499,0.5,0.0
980979,0.4848,-0.0152
392234,0.4443,-0.0557
419124,0.4832,-0.0168
980967,0.49,-0.01
1304049,0.5,0.0
419135,0.6289,0.1289
335990,0.4911,-0.0089
829795,0.5419,0.0419
1359536,0.5,0.0
1359544,0.5368,0.0368
419110,0.5213,0.0213
1082629,0.5902,0.0902
981017,0.4802,-0.0198
598058,0.48,-0.02
1082634,0.4972,-0.0028
419145,0.5643,0.0643
734023,0.4542,-0.0458
1254078,0.5253,0.0253
598069,0.4695,-0.0305
1473452,0.4375,-0.0625
1473450,0.4812,-0.0188
419156,0.5106,0.0106
829771,0.5556,0.0556
1082620,0.4926,-0.0074
1178399,0.6321,0.1321
1254076,0.4257,-0.0743
419114,0.5107,0.0107
501198,0.5922,0.0922
598047,0.4864,-0.0136
1178411,0.4303,-0.0697
1216522,0.4795,-0.0205
419126,0.4983,-0.0017
598056,0.431,-0.069
1082624,0.4346,-0.0654
1136567,0.4623,-0.0377
1304086,0.5616,0.0616
1359497,0.4147,-0.0853
598064,0.5613,0.0613
829781,0.5094,0.0094
1304048,0.5059,0.0059
1216496,0.4549,-0.0451
598005,0.5677,0.0677
1136608,0.4675,-0.0325
1473461,0.4733,-0.0267
336028,0.6076,0.1076
1422127,0.5058,0.0058
1254075,0.4026,-0.0974
1304098,0.3915,-0.1085
598008,0.5023,0.0023
1426274,0.5657,0.0657
1422126,0.5389,0.0389
1136580,0.5,0.0
501267,0.5,-0.0
1136564,0.379,-0.121
548370,0.5309,0.0309
734025,0.5471,0.0471
829753,0.5109,0.0109
1254061,0.5241,0.0241
548348,0.5357,0.0357
729311,0.4443,-0.0557
829773,0.531,0.031
336006,0.5051,0.0051
548350,0.6357,0.1357
829715,0.4608,-0.0392
1359499,0.4966,-0.0034
548379,0.5406,0.0406
1359541,0.4221,-0.0779
419136,0.5325,0.0325
1359496,0.6256,0.1256
598000,0.5518,0.0518
548315,0.438,-0.062
1473464,0.5884,0.0884
501230,0.5881,0.0881
1136570,0.536,0.036
734007,0.5,0.0
1136606,0.5432,0.0432
1254099,0.618,0.118
1216523,0.5212,0.0212
336035,0.6584,0.1584
1473503,0.5665,0.0665
1359533,0.4906,-0.0094
335995,0.4866,-0.0134
1422135,0.4845,-0.0155
1426294,0.4339,-0.0661
1136568,0.4728,-0.0272
1178395,0.5502,0.0502
1304070,0.4737,-0.0263
1254081,0.6156,0.1156
1359534,0.49,-0.01
1426261,0.4449,-0.0551
1422130,0.4346,-0.0654
1216498,0.5271,0.0271
548313,0.7065,0.2065
1473463,0.4489,-0.0511
733971,0.4201,-0.0799
829747,0.5259,0.0259
980947,0.5882,0.0882
1304066,0.4326,-0.0674
1359516,0.5178,0.0178
419131,0.6452,0.1452
548320,0.4733,-0.0267
548373,0.4916,-0.0084
1473501,0.4478,-0.0522
829785,0.4275,-0.0725
980949,0.5229,0.0229
1359477,0.4096,-0.0904
392201,0.4997,-0.0003
548339,0.526,0.026
598016,0.5573,0.0573
729281,0.4644,-0.0356
1216538,0.4431,-0.0569
419149,0.5498,0.0498
419108,0.5058,0.0058
1216529,0.4937,-0.0063
1304059,0.4488,-0.0512
1304095,0.3958,-0.1042
1359514,0.4883,-0.0117
501209,0.4957,-0.0043
335996,0.4868,-0.0132
1304096,0.5647,0.0647
548359,0.5,0.0
1254077,0.5962,0.0962
1422119,0.5,0.0
1422124,0.6243,0.1243
598026,0.4664,-0.0336
598039,0.4878,-0.0122
598055,0.5292,0.0292
1136576,0.5384,0.0384
548381,0.5534,0.0534
1136583,0.6555,0.1555
392213,0.4931,-0.0069
501270,0.5689,0.0689
598014,0.4026,-0.0974
1175372,0.4487,-0.0513
336011,0.4849,-0.0151
1178401,0.4364,-0.0636
501246,0.5795,0.0795
548306,0.5469,0.0469
598017,0.5988,0.0988
419122,0.4733,-0.0267
1254067,0.4691,-0.0309
1422132,0.4913,-0.0087
336032,0.5166,0.0166
598002,0.4793,-0.0207
501262,0.5035,0.0035
597998,0.5751,0.0751
729279,0.5387,0.0387
419120,0.5074,0.0074
1473477,0.5308,0.0308
1473509,0.5488,0.0488
598010,0.4607,-0.0393
1304068,0.546,0.046
980917,0.4112,-0.0888
980983,0.5547,0.0547
1216533,0.6122,0.1122
1136600,0.4588,-0.0412
501211,0.5,0.0
598037,0.5598,0.0598
1426286,0.4428,-0.0572
336005,0.4902,-0.0098
1237181,0.634,0.134
1082646,0.5665,0.0665
1473489,0.5,0.0
419146,0.4274,-0.0726
1254103,0.3996,-0.1004
501237,0.7038,0.2038
1082612,0.5546,0.0546
1082615,0.4886,-0.0114
1426282,0.4597,-0.0403
392194,0.5058,0.0058
501227,0.5883,0.0883
501214,0.495,-0.005
1136565,0.4815,-0.0185
1304099,0.4617,-0.0383
419153,0.4904,-0.0096
1304065,0.5437,0.0437
1175360,0.4882,-0.0118
501203,0.5488,0.0488
548354,0.6931,0.1931
829783,0.5488,0.0488
1254068,0.325,-0.175
501236,0.5211,0.0211
734045,0.5964,0.0964
829733,0.4449,-0.0551
1359482,0.44,-0.06
829743,0.507,0.007
1178416,0.4542,-0.0458
501226,0.5377,0.0377
1312197,0.6016,0.1016
1216521,0.5163,0.0163
1216514,0.4208,-0.0792
1082604,0.395,-0.105
419164,0.4499,-0.0501
829719,0.4814,-0.0186
1136619,0.4384,-0.0616
980971,0.5623,0.0623
1359517,0.5777,0.0777
1082640,0.6154,0.1154
336036,0.4982,-0.0018
419150,0.4548,-0.0452
548374,0.523,0.023
734003,0.5787,0.0787
1136609,0.4837,-0.0163
1216517,0.6534,0.1534
548376,0.447,-0.053
1426293,0.5736,0.0736
548310,0.5897,0.0897
598001,0.5315,0.0315
1082608,0.4439,-0.0561
1181767,0.4223,-0.0777
829767,0.4573,-0.0427
1254062,0.5129,0.0129
1426296,0.5,0.0
336010,0.4983,-0.0017
734011,0.5001,0.0001
1254106,0.4909,-0.0091
1178400,0.4979,-0.0021
1304076,0.5269,0.0269
1304094,0.3707,-0.1293
548356,0.6125,0.1125
1304105,0.5527,0.0527
1178420,0.5752,0.0752
392222,0.4013,-0.0987
501248,0.494,-0.006
829787,0.4382,-0.0618
733977,0.4806,-0.0194
336007,0.5432,0.0432
1422128,0.5794,0.0794
336026,0.5059,0.0059
1136590,0.4967,-0.0033
1082631,0.5455,0.0455
1082599,0.4474,-0.0526
501256,0.541,0.041
1304091,0.5083,0.0083
1178413,0.4743,-0.0257
501207,0.5377,0.0377
729283,0.5011,0.0011
980975,0.5345,0.0345
392236,0.6611,0.1611
1175357,0.4925,-0.0075
1254069,0.5052,0.0052
392196,0.6031,0.1031
1136615,0.6504,0.1504
1254107,0.4779,-0.0221
501255,0.5814,0.0814
1082643,0.4664,-0.0336
336016,0.4204,-0.0796
1473504,0.5761,0.0761
1426312,0.4171,-0.0829
1473480,0.5019,0.0019
1473488,0.5528,0.0528
336021,0.4896,-0.0104
501223,0.6797,0.1797
598049,0.4392,-0.0608
734027,0.4403,-0.0597
1473479,0.5925,0.0925
335985,0.5,0.0
829769,0.4296,-0.0704
1082607,0.5139,0.0139
1082644,0.4968,-0.0032
336001,0.4961,-0.0039
419140,0.4514,-0.0486
829711,0.4836,-0.0164
729309,0.6101,0.1101
335999,0.4933,-0.0067
1082613,0.3816,-0.1184
1426287,0.4002,-0.0998
1473469,0.5832,0.0832
598027,0.5453,0.0453
733987,0.4657,-0.0343
1136595,0.5019,0.0019
1178418,0.5886,0.0886
419117,0.4866,-0.0134
501258,0.5007,0.0007
501235,0.5579,0.0579
1082637,0.3498,-0.1502
501220,0.455,-0.045
1304093,0.5339,0.0339
1178431,0.5137,0.0137
1082648,0.3845,-0.1155
336038,0.5166,0.0166
548377,0.52,0.02
598025,0.4886,-0.0114
1254064,0.5844,0.0844
980963,0.4733,-0.0267
419119,0.566,0.066
1136612,0.4957,-0.0043
598052,0.4679,-0.0321
392228,0.6519,0.1519
1136597,0.446,-0.054
1216530,0.5679,0.0679
1359475,0.6143,0.1143
1359511,0.5,0.0
1082649,0.567,0.067
335993,0.4985,-0.0015
829779,0.4759,-0.0241
981001,0.2849,-0.2151
419111,0.5593,0.0593
419147,0.5861,0.0861
1304092,0.5173,0.0173
392184,0.5557,0.0557
1473471,0.43,-0.07
829819,0.4026,-0.0974
1473448,0.4945,-0.0055
1178417,0.526,0.026
598032,0.4878,-0.0122
392238,0.485,-0.015
1359476,0.4357,-0.0643
548342,0.4961,-0.0039
548333,0.5086,0.0086
1216516,0.5159,0.0159
1359521,0.524,0.024
1473445,0.4499,-0.0501
1304062,0.5251,0.0251
1426307,0.5,0.0
1216520,0.5342,0.0342
501239,0.4478,-0.0522
1136614,0.5019,0.0019
598028,0.5084,0.0084
548328,0.5886,0.0886
1359510,0.4884,-0.0116
1216507,0.598,0.098
1304075,0.6316,0.1316
392212,0.6397,0.1397
1304107,0.3658,-0.1342
501266,0.5549,0.0549
598011,0.6301,0.1301
829705,0.464,-0.036
1136578,0.5403,0.0403
1426305,0.5445,0.0445
1178403,0.461,-0.039
1304112,0.5601,0.0601
1426288,0.4428,-0.0572
1473474,0.5652,0.0652
392226,0.494,-0.006
1304072,0.6144,0.1144
1178421,0.4402,-0.0598
392230,0.4688,-0.0312
734047,0.5527,0.0527
1175370,0.5469,0.0469
419144,0.4948,-0.0052
1254073,0.4407,-0.0593
1175356,0.5988,0.0988
1473490,0.6196,0.1196
598009,0.3558,-0.1442
1082594,0.4412,-0.0588
1181768,0.4276,-0.0724
1359543,0.4333,-0.0667
336023,0.5325,0.0325
1473456,0.5311,0.0311
1178394,0.5713,0.0713
392182,0.449,-0.051
980999,0.4815,-0.0185
1304097,0.6114,0.1114
1304057,0.5,0.0
1254112,0.4382,-0.0618
1473494,0.4867,-0.0133
336029,0.4949,-0.0051
1136617,0.54,0.04
598006,0.4645,-0.0355
419163,0.5832,0.0832
829757,0.7035,0.2035
980943,0.5245,0.0245
829805,0.4747,-0.0253
1304053,0.4447,-0.0553
1304100,0.4942,-0.0058
1426289,0.4831,-0.0169
1216543,0.5771,0.0771
336027,0.4902,-0.0098
1254114,0.4793,-0.0207
598015,0.4458,-0.0542
733975,0.395,-0.105
829749,0.4308,-0.0692
1136563,0.4009,-0.0991
1254096,0.5635,0.0635
1473493,0.5536,0.0536
501243,0.599,0.099
1175364,0.5152,0.0152
1216509,0.3873,-0.1127
548367,0.4672,-0.0328
548318,0.5197,0.0197
1082606,0.5665,0.0665
548365,0.5686,0.0686
501216,0.6058,0.1058
501219,0.5605,0.0605
392205,0.5248,0.0248
1304101,0.4067,-0.0933
501268,0.4494,-0.0506
335987,0.488,-0.012
1136586,0.4112,-0.0888
1359539,0.4949,-0.0051
1237178,0.5086,0.0086
501269,0.4686,-0.0314
1473500,0.5277,0.0277
1426269,0.5073,0.0073
1175365,0.513,0.013
1426311,0.4275,-0.0725
336020,0.6382,0.1382
1216541,0.5571,0.0571
1254116,0.4938,-0.0062
548364,0.3767,-0.1233
392237,0.5551,0.0551
598041,0.6015,0.1015
501251,0.5277,0.0277
1426277,0.6014,0.1014
1178408,0.4809,-0.0191
1473451,0.4486,-0.0514
1473511,0.3781,-0.1219
829709,0.5054,0.0054
1136569,0.5933,0.0933
980939,0.4494,-0.0506
1359488,0.4647,-0.0353
980945,0.507,0.007
598044,0.4325,-0.0675
1426264,0.5267,0.0267
980929,0.4989,-0.0011
1216526,0.4392,-0.0608
392215,0.4997,-0.0003
981003,0.4926,-0.0074
419121,0.611,0.111
1426275,0.5945,0.0945
1216546,0.6335,0.1335
1178419,0.5759,0.0759
1473462,0.5335,0.0335
1304064,0.5212,0.0212
1304061,0.5669,0.0669
1136618,0.5199,0.0199
1422129,0.4498,-0.0502
1136561,0.5313,0.0313
336000,0.6747,0.1747
501264,0.6393,0.1393
1178402,0.3875,-0.1125
501250,0.4953,-0.0047
598029,0.5283,0.0283
980965,0.5292,0.0292
1304077,0.3983,-0.1017
1082591,0.4838,-0.0162
548362,0.5518,0.0518
1426292,0.5387,0.0387
598007,0.5037,0.0037
335989,0.5955,0.0955
1082616,0.4887,-0.0113
392233,0.6901,0.1901
1426280,0.4269,-0.0731
1359527,0.4368,-0.0632
1359487,0.5001,0.0001
1254090,0.5277,0.0277
1136598,0.5859,0.0859
1254079,0.3696,-0.1304
1136574,0.419,-0.081
1175367,0.4761,-0.0239
1426267,0.5987,0.0987
829727,0.462,-0.038
548371,0.5078,0.0078
980923,0.466,-0.034
1304116,0.4529,-0.0471
1216540,0.5833,0.0833
1175368,0.4576,-0.0424
392231,0.6129,0.1129
1473470,0.5915,0.0915
1426271,0.4455,-0.0545
1082617,0.4298,-0.0702
335994,0.5,0.0
1254065,0.5935,0.0935
1254080,0.5035,0.0035
336033,0.5035,0.0035
1473486,0.4684,-0.0316
1304067,0.4662,-0.0338
1136572,0.5662,0.0662
829809,0.548,0.048
1082638,0.3942,-0.1058
1136594,0.584,0.084
1254098,0.4908,-0.0092
419139,0.4971,-0.0029
1082632,0.5017,0.0017
1136605,0.5158,0.0158
598018,0.6402,0.1402
1136596,0.409,-0.091
829745,0.5614,0.0614
980935,0.5616,0.0616
548380,0.599,0.099
729299,0.5273,0.0273
336003,0.6439,0.1439
1359535,0.4211,-0.0789
1082639,0.4783,-0.0217
729305,0.6117,0.1117
1359485,0.4765,-0.0235
1304111,0.5716,0.0716
1473457,0.5239,0.0239
1254085,0.5442,0.0442
734043,0.5383,0.0383
1082592,0.4469,-0.0531
1136591,0.5604,0.0604
335998,0.4895,-0.0105
501232,0.5,0.0
1216494,0.4278,-0.0722
1473439,0.4827,-0.0173
1082635,0.4981,-0.0019
1178428,0.4984,-0.0016
419106,0.6036,0.1036
829811,0.4626,-0.0374
598050,0.4006,-0.0994
1473459,0.4905,-0.0095
598045,0.4061,-0.0939
1304074,0.4788,-0.0212
1422133,0.4957,-0.0043
548317,0.4829,-0.0171
392189,0.4889,-0.0111
980905,0.5183,0.0183
1359506,0.3606,-0.1394
548332,0.474,-0.026
392239,0.4822,-0.0178
980997,0.5389,0.0389
829751,0.4185,-0.0815
1082641,0.5329,0.0329
1082611,0.5706,0.0706
1426285,0.5266,0.0266
1473466,0.4895,-0.0105
548357,0.4767,-0.0233
1473473,0.5049,0.0049
548361,0.425,-0.075
1175371,0.5507,0.0507
980951,0.4359,-0.0641
980989,0.4459,-0.0541
980993,0.4588,-0.0412
1426306,0.4375,-0.0625
1359484,0.5773,0.0773
392219,0.5094,0.0094
1473475,0.5975,0.0975
1304069,0.4985,-0.0015
392235,0.5097,0.0097
419125,0.4602,-0.0398
1422120,0.4483,-0.0517
598003,0.6362,0.1362
734035,0.4731,-0.0269
419151,0.441,-0.059
598020,0.4803,-0.0197
1216527,0.5925,0.0925
980973,0.5336,0.0336
392186,0.685,0.185
548360,0.689,0.189
501225,0.4877,-0.0123
501231,0.4764,-0.0236
1312198,0.4099,-0.0901
392181,0.4592,-0.0408
1136613,0.419,-0.081
1426270,0.523,0.023
501221,0.5288,0.0288
1136577,0.5262,0.0262
501244,0.5316,0.0316
980911,0.5703,0.0703
1175358,0.5799,0.0799
1304080,0.4614,-0.0386
1254082,0.4709,-0.0291
1359492,0.5557,0.0557
548336,0.4799,-0.0201
1175363,0.4552,-0.0448
598021,0.5363,0.0363
729317,0.4979,-0.0021
734033,0.5289,0.0289
419112,0.5277,0.0277
829777,0.5352,0.0352
392207,0.5779,0.0779
1178397,0.6506,0.1506
829801,0.5783,0.0783
1175362,0.4941,-0.0059
1254110,0.3799,-0.1201
1473447,0.4806,-0.0194
1254071,0.5432,0.0432
1304078,0.4858,-0.0142
501218,0.5767,0.0767
1216525,0.4638,-0.0362
1216542,0.5,0.0
1136610,0.4439,-0.0561
1426265,0.4461,-0.0539
501210,0.3907,-0.1093
1426283,0.5482,0.0482
598068,0.4448,-0.0552
733981,0.4175,-0.0825
1359504,0.4246,-0.0754
1473449,0.5337,0.0337
548326,0.4839,-0.0161
980969,0.4616,-0.0384
1136587,0.5609,0.0609
548322,0.5693,0.0693
1473472,0.505,0.005
392188,0.56,0.06
734021,0.5594,0.0594
980995,0.3832,-0.1168
829815,0.559,0.059
829775,0.5109,0.0109
1254089,0.5358,0.0358
1136582,0.5137,0.0137
548366,0.5556,0.0556
598033,0.6202,0.1202
980985,0.4496,-0.0504
1359493,0.4319,-0.0681
336004,0.4948,-0.0052
1216504,0.5594,0.0594
734005,0.5288,0.0288
733995,0.5345,0.0345
1473485,0.4235,-0.0765
1136607,0.4972,-0.0028
501259,0.4384,-0.0616
729291,0.5043,0.0043
980901,0.5252,0.0252
501199,0.4772,-0.0228
392204,0.4933,-0.0067
1254097,0.5873,0.0873
829713,0.4803,-0.0197
1082645,0.4853,-0.0147
1178406,0.5473,0.0473
1181766,0.4038,-0.0962
1359483,0.5424,0.0424
598051,0.5662,0.0662
1304115,0.6341,0.1341
1312200,0.5647,0.0647
1178415,0.4934,-0.0066
598062,0.4018,-0.0982
598013,0.4894,-0.0106
1359538,0.4386,-0.0614
981009,0.6407,0.1407
1136601,0.484,-0.016
598034,0.4304,-0.0696
1359479,0.5157,0.0157
392195,0.4313,-0.0687
419157,0.5047,0.0047
1304102,0.3961,-0.1039
1254087,0.5882,0.0882
1304079,0.5521,0.0521
1426297,0.4879,-0.0121
419158,0.5468,0.0468
829823,0.5007,0.0007
980915,0.4932,-0.0068
1178425,0.4949,-0.0051
1304060,0.5743,0.0743
980907,0.5093,0.0093
829735,0.5106,0.0106
1082609,0.4851,-0.0149
335991,0.6144,0.1144
