file_id,innings,max_partnership,total_partnerships,avg_partnership,partnerships_50plus,partnerships_100plus
1082591,1,74,5,41.4,2,0
1082591,2,56,10,17.2,2,0
1082592,1,45,9,20.444444444444443,0,0
1082592,2,58,4,46.75,2,0
1082593,1,87,5,36.6,2,0
1082593,2,184,1,184.0,1,1
1082594,1,61,7,23.285714285714285,1,0
1082594,2,79,5,32.8,1,0
1082595,1,66,8,19.625,1,0
1082595,2,33,10,14.2,0,0
1082596,1,56,8,16.875,1,0
1082596,2,108,2,70.0,1,1
1082597,1,44,7,25.428571428571427,0,0
1082597,2,65,7,25.714285714285715,1,0
1082598,1,80,5,29.6,1,0
1082598,2,72,3,50.0,2,0
1082599,1,69,5,41.0,2,0
1082599,2,25,10,10.8,0,0
1082600,1,81,9,17.555555555555557,1,0
1082600,2,38,7,22.714285714285715,0,0
1082601,1,57,9,18.88888888888889,2,0
1082601,2,76,3,57.0,2,0
1082602,1,63,6,23.666666666666668,1,0
1082602,2,93,7,20.714285714285715,1,0
1082603,1,64,9,19.0,1,0
1082603,2,94,4,43.0,2,0
1082604,1,77,7,24.571428571428573,1,0
1082604,2,46,7,22.142857142857142,0,0
1082605,1,53,7,26.857142857142858,1,0
1082605,2,45,9,15.222222222222221,0,0
1082606,1,80,5,35.2,2,0
1082606,2,85,5,35.4,2,0
1082607,1,63,8,20.125,2,0
1082607,2,29,10,13.4,0,0
1082608,1,53,8,21.0,1,0
1082608,2,110,7,24.142857142857142,1,1
1082609,1,60,7,22.714285714285715,1,0
1082609,2,45,10,15.4,0,0
1082610,1,122,3,71.0,2,1
1082610,2,66,8,24.0,1,0
1082611,1,136,5,38.2,1,1
1082611,2,71,6,29.333333333333332,2,0
1082612,1,83,5,39.6,1,0
1082612,2,85,3,66.33333333333333,2,0
1082613,1,69,6,31.166666666666668,2,0
1082613,2,58,7,26.857142857142858,1,0
1082614,1,37,9,15.777777777777779,0,0
1082614,2,91,8,16.0,1,0
1082615,1,55,4,44.0,1,0
1082615,2,72,5,35.8,2,0
1082616,1,70,7,26.857142857142858,1,0
1082616,2,40,8,20.25,0,0
1082617,1,48,10,13.1,0,0
1082617,2,16,10,4.9,0,0
1082618,1,76,7,22.857142857142858,1,0
1082618,2,36,9,17.444444444444443,0,0
1082620,1,65,5,36.4,1,0
1082620,2,158,4,46.0,1,1
1082621,1,40,10,13.4,0,0
1082621,2,92,4,33.75,1,0
1082622,1,75,7,22.857142857142858,1,0
1082622,2,108,4,40.25,1,1
1082623,1,107,4,51.75,1,1
1082623,2,73,9,20.11111111111111,1,0
1082624,1,50,4,39.25,1,0
1082624,2,21,10,9.6,0,0
1082625,1,43,10,15.3,0,0
1082625,2,43,10,15.3,0,0
1082626,1,26,10,6.7,0,0
1082626,2,68,1,68.0,1,0
1082627,1,139,3,69.66666666666667,1,1
1082627,2,78,7,23.0,1,0
1082628,1,54,8,20.25,1,0
1082628,2,61,7,23.571428571428573,1,0
1082629,1,55,10,16.1,1,0
1082629,2,76,6,27.833333333333332,1,0
1082630,1,93,4,46.25,2,0
1082630,2,41,5,37.8,0,0
1082631,1,48,9,17.22222222222222,0,0
1082631,2,48,7,22.571428571428573,0,0
1082632,1,133,8,26.0,1,1
1082632,2,143,4,53.5,1,1
1082633,1,34,8,17.25,0,0
1082633,2,24,10,11.9,0,0
1082634,1,60,9,16.444444444444443,1,0
1082634,2,54,10,13.6,1,0
1082635,1,79,4,53.0,2,0
1082635,2,14,10,6.6,0,0
1082636,1,71,7,22.571428571428573,1,0
1082636,2,105,5,31.8,1,1
1082637,1,125,4,47.25,2,1
1082637,2,91,5,38.4,1,0
1082638,1,60,8,17.25,1,0
1082638,2,91,4,35.0,1,0
1082639,1,71,7,23.857142857142858,1,0
1082639,2,52,7,21.857142857142858,1,0
1082640,1,92,6,32.5,1,0
1082640,2,61,9,21.88888888888889,2,0
1082641,1,68,4,57.5,3,0
1082641,2,99,7,31.857142857142858,2,0
1082642,1,74,9,18.666666666666668,1,0
1082642,2,51,7,23.0,1,0
1082643,1,111,10,15.4,1,1
1082643,2,133,3,52.666666666666664,1,1
1082644,1,61,6,28.833333333333332,2,0
1082644,2,41,9,18.22222222222222,0,0
1082645,1,19,10,7.3,0,0
1082645,2,41,2,39.0,0,0
1082646,1,66,7,23.0,1,0
1082646,2,46,10,15.1,0,0
1082647,1,80,4,40.5,2,0
1082647,2,35,10,14.2,0,0
1082648,1,50,7,18.285714285714285,1,0
1082648,2,36,4,12.0,0,0
1082649,1,56,10,10.7,1,0
1082649,2,54,5,22.2,1,0
1082650,1,50,8,16.125,1,0
1082650,2,54,6,21.333333333333332,1,0
1136561,1,78,5,33.0,2,0
1136561,2,41,10,16.9,0,0
1136562,1,42,7,23.714285714285715,0,0
1136562,2,58,5,33.4,1,0
1136563,1,64,7,25.142857142857142,1,0
1136563,2,55,7,25.285714285714285,1,0
1136564,1,46,10,12.5,0,0
1136564,2,121,2,63.5,1,1
1136565,1,76,7,28.857142857142858,1,0
1136565,2,75,6,34.166666666666664,2,0
1136566,1,62,6,25.5,1,0
1136566,2,34,5,12.0,0,0
1136567,1,38,9,16.333333333333332,0,0
1136567,2,62,10,15.1,1,0
1136568,1,58,10,15.5,1,0
1136568,2,59,7,22.714285714285715,2,0
1136569,1,102,8,24.25,2,1
1136569,2,69,4,48.75,3,0
1136570,1,39,8,17.25,0,0
1136570,2,59,6,23.166666666666668,1,0
1136571,1,73,5,43.4,1,0
1136571,2,77,7,28.285714285714285,2,0
1136572,1,96,8,24.625,1,0
1136572,2,57,6,32.166666666666664,2,0
1136573,1,61,9,22.22222222222222,2,0
1136573,2,62,10,12.9,1,0
1136574,1,108,7,30.428571428571427,1,1
1136574,2,40,9,18.555555555555557,0,0
1136575,1,54,9,17.77777777777778,1,0
1136575,2,69,4,40.75,2,0
1136576,1,85,4,48.25,2,0
1136576,2,76,6,29.666666666666668,1,0
1136577,1,81,6,34.0,2,0
1136577,2,45,10,14.0,0,0
1136578,1,72,8,23.875,2,0
1136578,2,116,2,63.0,1,1
1136579,1,75,6,29.0,2,0
1136579,2,63,5,35.2,2,0
1136580,1,112,4,45.5,1,1
1136580,2,79,7,25.428571428571427,1,0
1136581,1,129,8,20.875,1,1
1136581,2,72,8,21.0,1,0
1136582,1,36,8,17.875,0,0
1136582,2,47,8,17.375,0,0
1136583,1,24,10,11.8,0,0
1136583,2,40,10,8.7,0,0
1136584,1,103,9,22.77777777777778,1,1
1136584,2,101,6,34.5,1,1
1136585,1,52,6,22.0,1,0
1136585,2,55,10,11.9,1,0
1136586,1,73,5,43.8,3,0
1136586,2,64,10,16.4,1,0
1136587,1,71,6,28.166666666666668,1,0
1136587,2,69,3,56.666666666666664,2,0
1136588,1,92,8,18.875,1,0
1136588,2,59,7,20.0,1,0
1136589,1,67,5,35.0,2,0
1136589,2,59,6,29.333333333333332,1,0
1136590,1,102,5,42.2,2,1
1136590,2,88,6,33.0,1,0
1136591,1,60,8,20.875,1,0
1136591,2,56,8,19.125,1,0
1136592,1,92,6,32.666666666666664,2,0
1136592,2,82,6,24.333333333333332,1,0
1136593,1,54,6,29.5,1,0
1136593,2,83,5,36.0,1,0
1136594,1,54,7,24.857142857142858,1,0
1136594,2,56,5,35.2,1,0
1136595,1,38,9,14.11111111111111,0,0
1136595,2,48,5,25.6,0,0
1136596,1,86,6,27.166666666666668,1,0
1136596,2,76,4,41.0,1,0
1136597,1,91,5,36.2,1,0
1136597,2,84,7,24.0,1,0
1136598,1,49,9,16.88888888888889,0,0
1136598,2,68,5,31.0,2,0
1136599,1,64,10,14.6,1,0
1136599,2,57,6,23.5,1,0
1136600,1,53,8,19.75,1,0
1136600,2,46,8,17.875,0,0
1136601,1,82,7,30.0,1,0
1136601,2,28,10,10.8,0,0
1136602,1,63,6,31.166666666666668,2,0
1136602,2,176,2,95.5,1,1
1136603,1,86,5,35.2,2,0
1136603,2,48,7,25.285714285714285,0,0
1136604,1,76,7,35.0,3,0
1136604,2,57,9,23.77777777777778,2,0
1136605,1,93,5,36.2,2,0
1136605,2,118,6,31.166666666666668,1,1
1136606,1,123,5,35.8,1,1
1136606,2,134,3,60.0,1,1
1136607,1,87,7,24.0,1,0
1136607,2,95,4,42.75,2,0
1136608,1,36,10,8.8,0,0
1136608,2,92,1,92.0,1,0
1136609,1,63,10,14.2,1,0
1136609,2,48,5,29.0,0,0
1136610,1,65,9,20.666666666666668,1,0
1136610,2,111,6,30.5,1,1
1136611,1,107,7,31.142857142857142,1,1
1136611,2,135,4,51.0,1,1
1136612,1,65,6,27.0,2,0
1136612,2,46,7,18.285714285714285,0,0
1136613,1,99,5,32.8,1,0
1136613,2,55,10,13.4,1,0
1136614,1,79,9,19.11111111111111,1,0
1136614,2,67,6,28.833333333333332,2,0
1136615,1,64,5,34.8,1,0
1136615,2,45,10,16.3,0,0
1136616,1,60,10,15.3,1,0
1136616,2,56,6,26.5,1,0
1136617,1,51,7,19.857142857142858,1,0
1136617,2,30,9,15.555555555555555,0,0
1136618,1,55,8,21.125,1,0
1136618,2,62,5,28.8,1,0
1136619,1,56,8,21.75,1,0
1136619,2,47,10,16.0,0,0
1136620,1,51,6,29.666666666666668,1,0
1136620,2,117,3,60.333333333333336,1,1
1175356,1,16,10,7.0,0,0
1175356,2,32,4,17.75,0,0
1175357,1,118,4,45.25,1,1
1175357,2,80,5,36.6,2,0
1175358,1,83,7,30.428571428571427,1,0
1175358,2,50,9,19.555555555555557,1,0
1175359,1,84,5,36.8,2,0
1175359,2,78,10,17.0,1,0
1175360,1,43,7,21.0,0,0
1175360,2,52,5,30.0,1,0
1175361,1,110,5,43.6,2,1
1175361,2,74,5,38.0,2,0
1175362,1,54,9,20.77777777777778,1,0
1175362,2,49,6,30.166666666666668,0,0
1175363,1,119,3,66.0,2,1
1175363,2,110,6,33.5,1,1
1175364,1,58,8,22.0,2,0
1175364,2,64,3,59.0,3,0
1175365,1,95,8,23.125,1,0
1175365,2,89,6,30.833333333333332,2,0
1175366,1,185,3,77.0,1,1
1175366,2,51,10,11.3,1,0
1175367,1,61,6,29.166666666666668,2,0
1175367,2,61,9,18.555555555555557,1,0
1175368,1,62,10,16.6,1,0
1175368,2,62,10,15.2,2,0
1175369,1,53,5,31.6,1,0
1175369,2,60,4,41.0,2,0
1175370,1,62,6,28.333333333333332,1,0
1175370,2,54,9,14.777777777777779,1,0
1175371,1,22,9,14.333333333333334,0,0
1175371,2,64,6,21.833333333333332,1,0
1175372,1,108,4,51.25,2,1
1175372,2,65,6,34.333333333333336,2,0
1178393,1,60,4,40.0,2,0
1178393,2,110,6,23.0,1,1
1178394,1,39,8,17.0,0,0
1178394,2,33,10,9.6,0,0
1178395,1,37,9,16.555555555555557,0,0
1178395,2,68,7,21.714285714285715,1,0
1178396,1,72,4,34.75,1,0
1178396,2,91,3,46.666666666666664,1,0
1178397,1,55,5,30.0,1,0
1178397,2,114,5,30.2,1,1
1178398,1,29,10,10.8,0,0
1178398,2,46,4,27.75,0,0
1178399,1,116,5,39.4,1,1
1178399,2,54,8,24.75,1,0
1178400,1,31,8,18.875,0,0
1178400,2,95,7,22.142857142857142,1,0
1178401,1,63,8,22.25,1,0
1178401,2,105,4,45.0,1,1
1178402,1,96,6,31.166666666666668,1,0
1178402,2,87,7,26.857142857142858,2,0
1178403,1,66,5,34.6,2,0
1178403,2,85,3,58.0,1,0
1178404,1,42,8,20.125,0,0
1178404,2,41,6,27.0,0,0
1178405,1,56,8,19.375,1,0
1178405,2,72,10,11.6,1,0
1178406,1,95,8,21.375,1,0
1178406,2,70,6,28.666666666666668,1,0
1178407,1,85,7,26.0,1,0
1178407,2,59,8,21.25,1,0
1178408,1,79,6,22.0,1,0
1178408,2,66,5,27.4,1,0
1178409,1,57,6,28.0,2,0
1178409,2,49,10,12.8,0,0
1178410,1,90,4,53.25,2,0
1178410,2,118,6,33.833333333333336,1,1
1178411,1,97,6,26.833333333333332,1,0
1178411,2,70,6,27.0,1,0
1178412,1,45,8,20.375,0,0
1178412,2,92,6,27.666666666666668,1,0
1178413,1,51,9,17.666666666666668,1,0
1178413,2,131,2,80.5,1,1
1178414,1,47,8,20.125,0,0
1178414,2,55,8,20.0,1,0
1178415,1,130,6,31.833333333333332,1,1
1178415,2,84,5,38.6,2,0
1178416,1,115,4,43.75,1,1
1178416,2,80,5,35.2,2,0
1178417,1,121,5,40.4,1,1
1178417,2,68,8,23.125,2,0
1178418,1,44,7,25.0,0,0
1178418,2,53,8,22.125,1,0
1178419,1,75,5,31.0,1,0
1178419,2,33,10,10.9,0,0
1178420,1,75,9,17.77777777777778,1,0
1178420,2,78,4,40.25,2,0
1178421,1,68,6,31.166666666666668,1,0
1178421,2,63,8,21.375,1,0
1178422,1,96,3,77.33333333333333,3,0
1178422,2,64,8,24.75,2,0
1178423,1,82,7,30.285714285714285,2,0
1178423,2,60,9,18.555555555555557,2,0
1178424,1,35,8,7.75,0,0
1178424,2,41,1,41.0,0,0
1178425,1,83,5,35.8,1,0
1178425,2,48,10,9.9,0,0
1178426,1,54,6,27.0,1,0
1178426,2,49,7,23.142857142857142,0,0
1178427,1,69,7,26.142857142857142,1,0
1178427,2,62,4,46.25,2,0
1178428,1,30,9,12.777777777777779,0,0
1178428,2,33,6,20.166666666666668,0,0
1178429,1,46,8,21.875,0,0
1178429,2,144,7,25.428571428571427,1,1
1178430,1,120,6,28.333333333333332,1,1
1178430,2,108,5,34.6,1,1
1178431,1,49,7,19.0,0,0
1178431,2,88,2,67.0,1,0
1181764,1,66,5,26.2,1,0
1181764,2,80,5,26.4,1,0
1181766,1,36,9,18.0,0,0
1181766,2,66,9,18.333333333333332,1,0
1181767,1,22,10,14.7,0,0
1181767,2,81,5,30.2,1,0
1181768,1,45,9,16.555555555555557,0,0
1181768,2,51,7,21.142857142857142,1,0
1216492,1,46,10,16.2,0,0
1216492,2,115,6,27.666666666666668,1,1
1216493,1,73,9,17.444444444444443,1,0
1216493,2,56,8,19.625,1,0
1216494,1,27,8,10.5,0,0
1216494,2,46,3,28.333333333333332,0,0
1216495,1,42,9,16.555555555555557,0,0
1216495,2,151,1,151.0,1,1
1216496,1,121,8,27.0,1,1
1216496,2,65,7,28.571428571428573,2,0
1216497,1,115,6,32.333333333333336,1,1
1216497,2,63,10,13.5,1,0
1216498,1,37,8,15.75,0,0
1216498,2,56,10,11.4,1,0
1216499,1,71,7,23.428571428571427,1,0
1216499,2,51,6,27.666666666666668,1,0
1216500,1,40,9,20.444444444444443,0,0
1216500,2,41,10,13.8,0,0
1216501,1,37,10,16.7,0,0
1216501,2,69,6,26.166666666666668,1,0
1216502,1,43,8,15.0,0,0
1216502,2,50,6,20.166666666666668,1,0
1216503,1,67,5,38.2,2,0
1216503,2,41,9,15.88888888888889,0,0
1216504,1,46,7,24.857142857142858,0,0
1216504,2,31,10,13.7,0,0
1216505,1,57,8,19.0,1,0
1216505,2,88,5,30.8,1,0
1216506,1,48,7,21.857142857142858,0,0
1216506,2,82,2,77.0,2,0
1216507,1,73,4,39.5,1,0
1216507,2,85,6,27.166666666666668,1,0
1216508,1,90,6,32.5,1,0
1216508,2,46,9,16.22222222222222,0,0
1216509,1,87,5,35.8,2,0
1216509,2,68,6,30.833333333333332,1,0
1216510,1,78,4,51.5,3,0
1216510,2,49,10,10.9,0,0
1216511,1,76,5,38.6,1,0
1216511,2,56,10,13.6,1,0
1216512,1,58,5,32.6,1,0
1216512,2,58,7,23.285714285714285,1,0
1216513,1,61,5,35.6,2,0
1216513,2,181,1,181.0,1,1
1216514,1,40,7,22.0,0,0
1216514,2,99,3,52.666666666666664,1,0
1216515,1,73,5,45.6,3,0
1216515,2,78,9,23.333333333333332,2,0
1216516,1,77,6,27.333333333333332,1,0
1216516,2,72,6,26.166666666666668,1,0
1216517,1,58,7,25.142857142857142,2,0
1216517,2,42,6,29.333333333333332,0,0
1216518,1,56,7,22.0,1,0
1216518,2,140,3,52.0,1,1
1216519,1,89,5,39.2,2,0
1216519,2,32,10,13.7,0,0
1216520,1,81,10,14.9,1,0
1216520,2,100,3,50.0,1,1
1216521,1,43,9,12.666666666666666,0,0
1216521,2,116,1,116.0,1,1
1216522,1,58,6,29.5,2,0
1216522,2,79,4,44.75,2,0
1216523,1,82,6,27.333333333333332,1,0
1216523,2,115,6,27.0,1,1
1216524,1,107,3,73.0,2,1
1216524,2,40,10,13.1,0,0
1216525,1,76,5,33.8,2,0
1216525,2,64,9,14.666666666666666,1,0
1216526,1,87,6,24.666666666666668,1,0
1216526,2,94,3,49.666666666666664,1,0
1216527,1,183,3,74.33333333333333,1,1
1216527,2,81,7,32.285714285714285,2,0
1216528,1,81,7,23.857142857142858,1,0
1216528,2,40,9,16.333333333333332,0,0
1216529,1,85,5,32.4,1,0
1216529,2,53,6,27.666666666666668,1,0
1216530,1,72,8,23.875,1,0
1216530,2,43,10,13.1,0,0
1216531,1,41,7,24.428571428571427,0,0
1216531,2,93,3,59.0,2,0
1216532,1,77,5,32.4,2,0
1216532,2,42,8,18.375,0,0
1216533,1,51,6,20.833333333333332,1,0
1216533,2,98,4,31.5,1,0
1216534,1,90,5,32.6,1,0
1216534,2,71,10,15.3,1,0
1216535,1,35,9,12.222222222222221,0,0
1216535,2,68,2,55.5,1,0
1216536,1,53,6,28.666666666666668,1,0
1216536,2,68,5,35.6,2,0
1216537,1,120,5,37.0,1,1
1216537,2,60,4,46.5,2,0
1216538,1,78,6,34.666666666666664,1,0
1216538,2,60,8,21.75,1,0
1216539,1,94,4,43.75,2,0
1216539,2,54,7,18.714285714285715,1,0
1216540,1,100,3,64.66666666666667,2,1
1216540,2,28,10,11.2,0,0
1216541,1,83,6,32.5,2,0
1216541,2,152,3,65.33333333333333,1,1
1216542,1,160,7,28.714285714285715,1,1
1216542,2,47,10,13.2,0,0
1216543,1,85,7,23.0,1,0
1216543,2,46,8,18.5,0,0
1216544,1,82,7,20.714285714285715,1,0
1216544,2,67,3,50.0,1,0
1216545,1,62,5,28.4,1,0
1216545,2,92,4,36.25,1,0
1216546,1,48,5,32.8,0,0
1216546,2,69,6,27.833333333333332,1,0
1216547,1,81,4,50.25,2,0
1216547,2,119,6,33.5,1,1
1237177,1,62,6,33.333333333333336,2,0
1237177,2,71,9,15.88888888888889,1,0
1237178,1,41,8,16.375,0,0
1237178,2,65,5,26.4,1,0
1237180,1,86,4,47.25,2,0
1237180,2,57,9,19.11111111111111,1,0
1237181,1,96,7,22.285714285714285,1,0
1237181,2,47,6,26.166666666666668,0,0
1254058,1,70,9,17.666666666666668,1,0
1254058,2,52,9,17.77777777777778,1,0
1254059,1,63,7,26.857142857142858,3,0
1254059,2,138,4,47.5,1,1
1254060,1,93,6,31.166666666666668,2,0
1254060,2,92,6,29.5,1,0
1254061,1,105,6,36.833333333333336,2,1
1254061,2,53,7,31.0,2,0
1254062,1,76,10,15.2,1,0
1254062,2,72,8,17.75,1,0
1254063,1,44,8,18.625,0,0
1254063,2,83,10,14.3,1,0
1254064,1,51,9,16.333333333333332,1,0
1254064,2,48,8,18.75,0,0
1254065,1,31,9,11.777777777777779,0,0
1254065,2,66,5,21.4,1,0
1254066,1,55,6,25.0,1,0
1254066,2,67,10,13.7,1,0
1254067,1,86,5,40.8,3,0
1254067,2,41,9,18.444444444444443,0,0
1254068,1,122,5,39.0,1,1
1254068,2,59,5,39.6,1,0
1254069,1,45,10,18.8,0,0
1254069,2,42,10,14.3,0,0
1254070,1,58,10,13.7,1,0
1254070,2,53,5,27.6,1,0
1254071,1,24,10,12.0,0,0
1254071,2,73,2,60.5,1,0
1254072,1,115,4,55.0,2,1
1254072,2,81,10,20.2,1,0
1254073,1,66,10,17.7,1,0
1254073,2,181,1,181.0,1,1
1254074,1,79,7,18.714285714285715,1,0
1254074,2,79,2,66.0,2,0
1254075,1,33,9,14.777777777777779,0,0
1254075,2,45,5,26.8,0,0
1254076,1,74,5,38.2,1,0
1254076,2,44,10,12.2,0,0
1254077,1,81,5,31.8,2,0
1254077,2,28,8,19.875,0,0
1254078,1,36,10,12.3,0,0
1254078,2,66,6,21.0,1,0
1254079,1,54,6,28.5,1,0
1254079,2,78,5,34.0,1,0
1254080,1,106,4,42.75,1,1
1254080,2,129,4,43.25,1,1
1254081,1,66,5,34.2,2,0
1254081,2,63,4,43.0,1,0
1254082,1,45,7,22.0,0,0
1254082,2,132,4,39.0,1,1
1254083,1,80,6,29.833333333333332,2,0
1254083,2,48,9,16.11111111111111,0,0
1254084,1,108,5,43.6,2,2
1254084,2,89,7,31.285714285714285,2,0
1254085,1,150,4,55.0,1,1
1254085,2,57,9,18.333333333333332,1,0
1254086,1,52,7,23.714285714285715,1,0
1254086,2,63,4,41.75,1,0
1254087,1,31,10,9.2,0,0
1254087,2,82,2,47.0,1,0
1254088,1,80,10,23.5,1,0
1254088,2,64,9,21.444444444444443,2,0
1254089,1,57,5,37.8,2,0
1254089,2,89,4,47.5,2,0
1254090,1,73,8,20.5,2,0
1254090,2,91,7,22.571428571428573,1,0
1254091,1,35,8,16.75,0,0
1254091,2,75,5,27.8,1,0
1254092,1,37,9,14.11111111111111,0,0
1254092,2,29,8,16.25,0,0
1254093,1,27,10,9.0,0,0
1254093,2,38,3,31.333333333333332,0,0
1254094,1,67,7,19.142857142857142,1,0
1254094,2,46,5,27.8,0,0
1254095,1,70,7,20.142857142857142,1,0
1254095,2,54,7,19.571428571428573,1,0
1254096,1,78,7,22.142857142857142,1,0
1254096,2,88,4,39.75,1,0
1254097,1,62,7,22.0,1,0
1254097,2,44,7,17.285714285714285,0,0
1254098,1,41,7,24.428571428571427,0,0
1254098,2,74,9,19.11111111111111,1,0
1254099,1,61,7,19.285714285714285,1,0
1254099,2,45,5,27.4,0,0
1254100,1,84,6,27.333333333333332,2,0
1254100,2,57,4,41.75,2,0
1254101,1,88,5,32.8,1,0
1254101,2,111,4,41.5,1,1
1254102,1,72,7,23.571428571428573,1,0
1254102,2,70,6,28.0,1,0
1254103,1,77,9,16.555555555555557,1,0
1254103,2,69,4,38.25,1,0
1254104,1,81,8,19.5,1,0
1254104,2,40,9,15.11111111111111,0,0
1254105,1,31,9,14.88888888888889,0,0
1254105,2,67,3,46.333333333333336,2,0
1254106,1,79,5,34.2,1,0
1254106,2,27,10,8.5,0,0
1254107,1,30,8,15.625,0,0
1254107,2,32,8,15.0,0,0
1254108,1,68,7,23.571428571428573,2,0
1254108,2,57,10,11.1,1,0
1254109,1,22,9,12.777777777777779,0,0
1254109,2,55,5,23.8,1,0
1254110,1,70,6,22.666666666666668,1,0
1254110,2,36,8,17.375,0,0
1254111,1,54,10,18.5,1,0
1254111,2,120,5,36.6,2,1
1254112,1,31,9,14.333333333333334,0,0
1254112,2,39,7,18.857142857142858,0,0
1254113,1,111,6,26.0,1,1
1254113,2,71,5,31.4,1,0
1254114,1,83,6,28.666666666666668,1,0
1254114,2,110,7,24.714285714285715,1,1
1254115,1,49,8,17.25,0,0
1254115,2,41,7,19.857142857142858,0,0
1254116,1,39,6,22.5,0,0
1254116,2,96,8,17.0,1,0
1254117,1,68,3,64.0,3,0
1254117,2,91,10,16.5,1,0
1304047,1,70,6,21.833333333333332,1,0
1304047,2,43,5,26.6,0,0
1304048,1,67,6,29.5,1,0
1304048,2,75,7,25.571428571428573,1,0
1304049,1,118,3,68.33333333333333,2,1
1304049,2,71,6,34.666666666666664,2,0
1304050,1,87,7,22.571428571428573,1,0
1304050,2,60,6,26.833333333333332,2,0
1304051,1,73,6,35.0,2,0
1304051,2,55,8,18.625,1,0
1304052,1,27,10,12.8,0,0
1304052,2,45,8,16.5,0,0
1304053,1,60,8,26.25,2,0
1304053,2,99,5,42.2,1,0
1304054,1,41,10,13.7,0,0
1304054,2,90,5,28.2,1,0
1304055,1,82,8,24.125,2,0
1304055,2,81,8,21.25,1,0
1304056,1,65,7,24.428571428571427,1,0
1304056,2,61,10,15.7,1,0
1304057,1,95,9,20.0,1,0
1304057,2,62,10,12.6,1,0
1304058,1,87,7,24.142857142857142,1,0
1304058,2,48,9,17.444444444444443,0,0
1304059,1,83,4,42.25,2,0
1304059,2,67,7,24.714285714285715,2,0
1304060,1,83,5,32.2,1,0
1304060,2,61,6,27.0,1,0
1304061,1,75,4,37.25,2,0
1304061,2,73,5,31.0,1,0
1304062,1,52,10,18.9,1,0
1304062,2,101,5,38.0,1,1
1304063,1,62,8,19.25,1,0
1304063,2,89,3,51.666666666666664,2,0
1304064,1,72,7,21.571428571428573,2,0
1304064,2,80,4,38.0,2,0
1304065,1,93,6,35.833333333333336,2,0
1304065,2,69,10,17.1,1,0
1304066,1,68,7,23.571428571428573,1,0
1304066,2,38,9,18.0,0,0
1304067,1,50,7,23.142857142857142,1,0
1304067,2,64,4,42.0,1,0
1304068,1,165,5,43.2,1,1
1304068,2,60,10,19.3,1,0
1304069,1,97,6,33.0,1,0
1304069,2,84,9,20.666666666666668,1,0
1304070,1,86,5,38.4,2,0
1304070,2,28,10,15.5,0,0
1304071,1,39,9,19.444444444444443,0,0
1304071,2,94,4,44.0,1,0
1304072,1,72,5,39.8,2,0
1304072,2,64,10,18.1,1,0
1304073,1,97,6,31.5,1,0
1304073,2,50,8,21.625,1,0
1304074,1,71,10,15.1,1,0
1304074,2,75,4,38.0,1,0
1304075,1,92,5,33.8,1,0
1304075,2,70,8,21.25,1,0
1304076,1,97,6,36.166666666666664,2,0
1304076,2,107,10,21.0,1,1
1304077,1,70,7,25.857142857142858,1,0
1304077,2,36,9,18.11111111111111,0,0
1304078,1,33,10,11.5,0,0
1304078,2,83,2,59.5,1,0
1304079,1,38,8,19.375,0,0
1304079,2,50,8,19.5,1,0
1304080,1,155,3,74.0,1,1
1304080,2,51,8,25.875,1,0
1304081,1,75,9,17.333333333333332,2,0
1304081,2,45,9,16.444444444444443,0,0
1304082,1,27,10,6.8,0,0
1304082,2,64,2,36.0,1,0
1304083,1,58,7,24.0,1,0
1304083,2,57,9,14.666666666666666,1,0
1304084,1,110,4,46.75,1,1
1304084,2,64,7,25.142857142857142,1,0
1304085,1,35,9,16.0,0,0
1304085,2,27,10,11.5,0,0
1304086,1,96,7,27.857142857142858,1,0
1304086,2,69,6,33.166666666666664,2,0
1304087,1,62,10,14.6,1,0
1304087,2,65,7,21.428571428571427,1,0
1304088,1,85,9,17.0,1,0
1304088,2,35,9,14.777777777777779,0,0
1304089,1,99,6,28.333333333333332,1,0
1304089,2,79,5,34.8,2,0
1304090,1,37,7,22.571428571428573,0,0
1304090,2,81,6,26.833333333333332,1,0
1304091,1,95,4,48.75,1,0
1304091,2,60,8,23.625,1,0
1304092,1,182,3,67.33333333333333,1,1
1304092,2,58,7,27.0,1,0
1304093,1,48,6,25.333333333333332,0,0
1304093,2,66,4,39.5,2,0
1304094,1,45,9,15.88888888888889,0,0
1304094,2,87,3,48.333333333333336,1,0
1304095,1,62,9,19.22222222222222,1,0
1304095,2,54,9,17.77777777777778,1,0
1304096,1,122,4,51.75,1,1
1304096,2,60,9,20.666666666666668,1,0
1304097,1,74,7,25.285714285714285,1,0
1304097,2,106,6,28.666666666666668,1,1
1304098,1,50,6,31.5,1,0
1304098,2,56,5,38.0,1,0
1304099,1,71,7,25.142857142857142,1,0
1304099,2,44,10,10.1,0,0
1304100,1,105,4,48.0,2,1
1304100,2,50,10,12.5,1,0
1304101,1,110,7,29.714285714285715,2,1
1304101,2,36,10,11.7,0,0
1304102,1,60,10,16.5,1,0
1304102,2,37,10,11.3,0,0
1304103,1,52,5,28.8,1,0
1304103,2,19,10,8.2,0,0
1304104,1,53,7,22.857142857142858,1,0
1304104,2,144,3,53.666666666666664,1,1
1304105,1,39,10,9.7,0,0
1304105,2,48,6,17.166666666666668,0,0
1304106,1,60,9,23.22222222222222,2,0
1304106,2,64,10,15.5,1,0
1304107,1,63,7,25.285714285714285,1,0
1304107,2,30,9,13.666666666666666,0,0
1304108,1,57,6,22.166666666666668,1,0
1304108,2,59,4,34.25,1,0
1304109,1,64,7,25.428571428571427,1,0
1304109,2,65,9,17.11111111111111,1,0
1304110,1,51,8,19.875,1,0
1304110,2,41,10,14.2,0,0
1304111,1,78,6,32.166666666666664,2,0
1304111,2,95,8,23.75,1,0
1304112,1,210,1,210.0,1,1
1304112,2,66,8,26.0,3,0
1304113,1,61,6,28.0,1,0
1304113,2,115,3,56.666666666666664,1,1
1304114,1,83,7,21.428571428571427,2,0
1304114,2,51,6,25.166666666666668,1,0
1304115,1,75,8,19.875,1,0
1304115,2,51,6,26.666666666666668,2,0
1304116,1,58,9,17.444444444444443,1,0
1304116,2,41,6,26.666666666666668,0,0
1312197,1,68,7,26.857142857142858,1,0
1312197,2,106,4,47.75,2,1
1312198,1,92,5,41.4,2,0
1312198,2,96,7,27.571428571428573,1,0
1312199,1,70,9,17.444444444444443,1,0
1312199,2,61,4,40.25,2,0
1312200,1,31,9,14.444444444444445,0,0
1312200,2,63,4,33.25,1,0
1359475,1,51,8,22.25,1,0
1359475,2,53,6,30.333333333333332,1,0
1359476,1,86,6,31.833333333333332,1,0
1359476,2,50,8,18.25,1,0
1359477,1,79,7,27.571428571428573,1,0
1359477,2,41,10,14.3,0,0
1359478,1,85,6,33.833333333333336,2,0
1359478,2,36,9,14.555555555555555,0,0
1359479,1,50,8,21.375,1,0
1359479,2,148,3,57.333333333333336,1,1
1359480,1,110,8,27.125,1,1
1359480,2,79,8,25.625,1,0
1359481,1,34,9,18.0,0,0
1359481,2,56,5,32.6,2,0
1359482,1,90,6,32.833333333333336,2,0
1359482,2,62,8,24.0,1,0
1359483,1,103,8,25.5,1,1
1359483,2,44,10,12.3,0,0
1359484,1,39,9,13.444444444444445,0,0
1359484,2,55,6,21.166666666666668,1,0
1359485,1,98,5,39.8,1,0
1359485,2,64,10,14.2,1,0
1359486,1,38,9,17.444444444444443,0,0
1359486,2,82,4,39.75,1,0
1359487,1,67,5,40.8,2,0
1359487,2,100,8,25.875,2,1
1359488,1,55,10,14.3,1,0
1359488,2,100,3,48.333333333333336,1,1
1359489,1,115,3,70.66666666666667,2,1
1359489,2,84,10,21.3,2,0
1359490,1,67,10,17.2,1,0
1359490,2,71,5,34.6,2,0
1359491,1,77,8,21.875,1,0
1359491,2,68,7,24.571428571428573,2,0
1359492,1,37,8,19.125,0,0
1359492,2,48,5,30.8,0,0
1359493,1,72,5,45.6,2,0
1359493,2,69,8,25.625,2,0
1359494,1,47,7,24.857142857142858,0,0
1359494,2,28,10,15.1,0,0
1359495,1,53,9,17.666666666666668,1,0
1359495,2,37,9,17.88888888888889,0,0
1359496,1,50,7,26.428571428571427,1,0
1359496,2,65,6,31.0,2,0
1359497,1,59,8,22.125,1,0
1359497,2,59,8,22.375,1,0
1359498,1,80,7,32.285714285714285,2,0
1359498,2,126,8,27.25,1,1
1359499,1,56,5,38.4,1,0
1359499,2,55,10,17.8,1,0
1359500,1,82,7,22.0,1,0
1359500,2,87,7,20.571428571428573,1,0
1359501,1,137,5,34.8,1,1
1359501,2,41,10,15.0,0,0
1359502,1,31,10,12.7,0,0
1359502,2,38,7,18.285714285714285,0,0
1359503,1,36,7,19.142857142857142,0,0
1359503,2,87,4,34.5,1,0
1359504,1,68,6,22.5,1,0
1359504,2,55,8,16.0,2,0
1359505,1,92,8,26.75,1,0
1359505,2,76,7,28.714285714285715,2,0
1359506,1,127,10,18.9,1,1
1359506,2,98,7,26.0,1,0
1359507,1,85,5,47.0,2,0
1359507,2,65,9,20.666666666666668,1,0
1359508,1,69,10,14.4,1,0
1359508,2,41,7,19.571428571428573,0,0
1359509,1,71,7,29.571428571428573,1,0
1359509,2,45,10,15.2,0,0
1359510,1,83,6,33.333333333333336,2,0
1359510,2,55,9,19.88888888888889,1,0
1359511,1,86,6,33.666666666666664,1,0
1359511,2,51,6,28.333333333333332,1,0
1359512,1,89,6,42.833333333333336,2,0
1359512,2,78,10,20.1,1,0
1359513,1,47,7,25.571428571428573,0,0
1359513,2,87,4,45.0,2,0
1359514,1,53,7,28.142857142857142,1,0
1359514,2,112,7,26.857142857142858,1,1
1359515,1,86,5,40.0,1,0
1359515,2,57,7,28.714285714285715,2,0
1359516,1,72,8,26.5,1,0
1359516,2,62,5,42.8,3,0
1359517,1,62,10,12.6,1,0
1359517,2,27,10,10.8,0,0
1359518,1,53,9,14.444444444444445,2,0
1359518,2,62,7,17.857142857142858,1,0
1359519,1,59,7,17.857142857142858,1,0
1359520,1,119,4,53.5,1,1
1359520,2,116,5,43.2,2,1
1359521,1,61,10,17.1,1,0
1359521,2,70,9,18.444444444444443,1,0
1359522,1,36,10,11.8,0,0
1359522,2,71,2,59.5,1,0
1359523,1,55,9,15.444444444444445,2,0
1359523,2,46,5,28.0,0,0
1359524,1,82,5,36.2,2,0
1359524,2,60,4,46.75,3,0
1359525,1,142,3,75.66666666666667,1,1
1359525,2,88,8,21.375,1,0
1359526,1,138,3,71.33333333333333,2,1
1359526,2,65,7,31.0,2,0
1359527,1,53,8,22.375,1,0
1359527,2,54,6,30.333333333333332,2,0
1359528,1,120,7,28.428571428571427,1,1
1359528,2,140,5,40.0,2,1
1359529,1,38,9,18.555555555555557,0,0
1359529,2,59,9,15.555555555555555,1,0
1359530,1,48,8,18.625,0,0
1359530,2,121,2,75.5,1,1
1359531,1,65,6,36.333333333333336,3,0
1359531,2,88,9,21.22222222222222,1,0
1359532,1,58,7,26.0,1,0
1359532,2,73,4,46.25,2,0
1359533,1,72,8,20.875,1,0
1359533,2,69,9,15.11111111111111,1,0
1359534,1,69,6,28.5,2,0
1359534,2,19,10,5.9,0,0
1359535,1,68,7,20.571428571428573,1,0
1359535,2,99,5,29.4,1,0
1359536,1,147,10,18.8,1,1
1359536,2,68,10,15.4,1,0
1359537,1,82,5,35.4,2,0
1359537,2,90,6,28.666666666666668,1,0
1359538,1,94,3,71.0,3,0
1359538,2,78,8,24.75,2,0
1359539,1,76,5,37.2,2,0
1359539,2,172,3,62.333333333333336,1,1
1359540,1,73,6,31.166666666666668,2,0
1359540,2,73,7,27.0,1,0
1359541,1,141,4,55.75,2,1
1359541,2,49,10,14.6,0,0
1359542,1,74,9,19.555555555555557,1,0
1359542,2,61,8,21.875,1,0
1359543,1,140,6,33.333333333333336,1,1
1359543,2,128,3,67.0,2,1
1359544,1,67,6,32.833333333333336,2,0
1359544,2,123,5,39.6,1,1
1370350,1,87,7,24.571428571428573,1,0
1370350,2,38,10,15.7,0,0
1370351,1,66,8,22.75,1,0
1370351,2,46,10,10.1,0,0
1370352,1,138,4,58.25,2,1
1370352,2,52,10,17.1,2,0
1370353,1,81,4,53.5,3,0
1370353,2,74,6,28.5,1,0
1422119,1,95,6,28.833333333333332,1,0
1422119,2,66,5,35.2,1,0
1422120,1,39,9,19.333333333333332,0,0
1422120,2,67,7,25.285714285714285,1,0
1422121,1,81,8,26.0,2,0
1422121,2,60,8,25.5,2,0
1422122,1,93,5,38.6,1,0
1422122,2,85,7,24.714285714285715,1,0
1422123,1,40,7,24.0,0,0
1422123,2,77,10,16.2,1,0
1422124,1,55,7,25.142857142857142,2,0
1422124,2,48,7,25.428571428571427,0,0
1422125,1,62,6,34.333333333333336,2,0
1422125,2,41,9,15.88888888888889,0,0
1422126,1,116,4,69.25,2,1
1422126,2,84,6,41.0,2,0
1422127,1,54,6,30.833333333333332,2,0
1422127,2,67,6,28.833333333333332,2,0
1422128,1,65,6,30.333333333333332,1,0
1422128,2,86,4,46.5,2,0
1422129,1,47,9,22.11111111111111,0,0
1422129,2,102,6,29.666666666666668,1,1
1422130,1,45,8,20.25,0,0
1422130,2,64,4,42.0,1,0
1422131,1,93,6,31.833333333333332,1,0
1422131,2,68,7,24.428571428571427,2,0
1422132,1,56,10,12.5,1,0
1422132,2,40,5,25.4,0,0
1422133,1,56,6,30.166666666666668,2,0
1422133,2,40,10,15.3,0,0
1422134,1,104,8,34.0,3,1
1422134,2,93,10,16.6,1,0
1422135,1,53,5,39.8,1,0
1422135,2,43,8,25.0,0,0
1422136,1,65,6,27.5,1,0
1422136,2,60,5,33.2,1,0
1422137,1,125,4,45.75,1,1
1422137,2,148,5,37.8,1,1
1422138,1,80,6,39.0,3,0
1422138,2,88,8,25.625,1,0
1422139,1,73,6,27.166666666666668,1,0
1422139,2,54,10,13.0,1,0
1426260,1,56,10,13.7,1,0
1426260,2,70,4,35.25,1,0
1426261,1,50,10,18.2,1,0
1426261,2,66,7,25.714285714285715,1,0
1426262,1,130,4,49.0,1,1
1426262,2,64,8,24.875,1,0
1426263,1,82,9,21.77777777777778,1,0
1426263,2,101,4,49.75,1,1
1426264,1,73,8,20.875,1,0
1426264,2,77,5,34.0,1,0
1426265,1,33,8,18.375,0,0
1426265,2,56,8,19.0,1,0
1426266,1,44,7,23.0,0,0
1426266,2,120,3,54.0,1,1
1426267,1,90,5,41.2,2,0
1426267,2,70,7,26.571428571428573,2,0
1426268,1,108,4,71.75,4,1
1426268,2,80,8,32.75,3,0
1426269,1,85,7,31.857142857142858,2,0
1426269,2,57,9,24.88888888888889,2,0
1426270,1,18,10,8.9,0,0
1426270,2,34,5,18.4,0,0
1426271,1,81,7,27.428571428571427,1,0
1426271,2,57,10,18.3,1,0
1426272,1,51,7,25.142857142857142,1,0
1426272,2,134,3,60.0,1,1
1426273,1,131,8,33.25,2,1
1426273,2,84,10,19.9,1,0
1426274,1,56,7,31.714285714285715,1,0
1426274,2,102,10,22.1,1,1
1426275,1,52,10,14.2,1,0
1426275,2,41,8,18.25,0,0
1426276,1,99,10,17.9,1,0
1426276,2,109,2,91.5,2,1
1426277,1,104,5,42.0,2,1
1426277,2,70,5,42.6,3,0
1426278,1,113,5,44.8,2,1
1426278,2,82,9,24.444444444444443,1,0
1426279,1,65,7,29.428571428571427,1,0
1426279,2,39,9,19.0,0,0
1426280,1,138,6,43.5,1,1
1426280,2,93,3,87.33333333333333,3,0
1426281,1,114,5,51.4,3,1
1426281,2,71,9,27.444444444444443,2,0
1426282,1,115,6,32.666666666666664,1,1
1426282,2,121,4,49.75,2,1
1426283,1,86,4,50.0,2,0
1426283,2,166,2,103.0,1,1
1426284,1,107,4,53.0,2,1
1426284,2,32,10,13.4,0,0
1426285,1,31,10,15.3,0,0
1426285,2,79,4,39.25,2,0
1426286,1,53,8,18.0,1,0
1426286,2,58,7,20.714285714285715,1,0
1426287,1,64,7,23.142857142857142,1,0
1426287,2,64,4,40.75,2,0
1426288,1,96,4,50.25,2,0
1426288,2,134,7,28.571428571428573,1,1
1426289,1,83,10,16.9,1,0
1426289,2,49,10,14.5,0,0
1426290,1,61,10,14.7,1,0
1426290,2,92,7,21.714285714285715,1,0
1426291,1,57,10,16.7,1,0
1426291,2,53,10,13.9,1,0
1426292,1,79,7,33.57142857142857,2,0
1426292,2,50,10,13.7,1,0
1426293,1,56,9,19.22222222222222,1,0
1426293,2,143,4,43.5,1,1
1426294,1,60,8,27.625,1,0
1426294,2,63,9,22.333333333333332,2,0
1426295,1,99,5,33.0,1,0
1426295,2,167,1,167.0,1,1
1426296,1,92,7,34.42857142857143,2,0
1426296,2,65,10,18.1,1,0
1426297,1,210,3,77.0,1,1
1426297,2,109,9,21.77777777777778,1,1
1426298,1,39,8,19.625,0,0
1426298,2,65,9,15.444444444444445,1,0
1426299,1,43,6,23.5,0,0
1426299,2,35,6,24.166666666666668,0,0
1426300,1,88,9,20.77777777777778,1,0
1426300,2,56,10,14.0,1,0
1426302,1,92,5,41.6,2,0
1426302,2,33,10,18.9,0,0
1426303,1,50,9,16.0,1,0
1426303,2,63,6,24.166666666666668,1,0
1426305,1,109,7,30.571428571428573,1,1
1426305,2,88,7,28.0,2,0
1426306,1,78,6,36.333333333333336,2,0
1426306,2,66,8,23.875,2,0
1426307,1,97,6,35.666666666666664,2,0
1426307,2,72,7,30.714285714285715,2,0
1426309,1,62,10,15.9,1,0
1426309,2,97,3,54.666666666666664,1,0
1426310,1,41,8,21.5,0,0
1426310,2,46,7,24.857142857142858,0,0
1426311,1,43,9,19.444444444444443,0,0
1426311,2,41,8,17.375,0,0
1426312,1,26,10,11.3,0,0
1426312,2,91,3,38.0,1,0
1473438,1,103,9,19.333333333333332,1,1
1473438,2,95,4,44.25,1,0
1473439,1,85,7,40.857142857142854,3,0
1473439,2,111,7,34.57142857142857,2,1
1473440,1,51,10,15.5,1,0
1473440,2,67,7,22.571428571428573,1,0
1473441,1,87,9,23.22222222222222,1,0
1473441,2,55,10,21.1,1,0
1473442,1,81,6,40.5,3,0
1473442,2,84,6,38.666666666666664,3,0
1473443,1,34,10,15.1,0,0
1473443,2,83,3,51.0,1,0
1473444,1,61,10,19.0,1,0
1473444,2,116,6,32.166666666666664,1,1
1473445,1,45,8,24.5,0,0
1473445,2,31,9,16.22222222222222,0,0
1473446,1,78,8,24.5,2,0
1473446,2,62,7,22.857142857142858,1,0
1473447,1,77,10,16.3,1,0
1473447,2,81,4,41.5,2,0
1473448,1,82,10,18.2,1,0
1473448,2,46,7,25.142857142857142,0,0
1473449,1,29,10,11.6,0,0
1473449,2,46,3,40.333333333333336,0,0
1473450,1,54,8,21.375,1,0
1473450,2,84,3,59.0,2,0
1473451,1,52,8,21.125,1,0
1473451,2,75,3,56.666666666666664,2,0
1473452,1,91,6,33.333333333333336,2,0
1473452,2,37,10,12.0,0,0
1473453,1,76,9,22.555555555555557,2,0
1473453,2,69,6,31.833333333333332,2,0
1473454,1,56,7,26.142857142857142,2,0
1473454,2,84,6,26.333333333333332,1,0
1473455,1,89,5,41.0,1,0
1473455,2,88,10,15.5,1,0
1473456,1,99,4,59.5,3,0
1473456,2,71,8,29.25,2,0
1473457,1,50,9,16.88888888888889,1,0
1473457,2,90,4,38.25,1,0
1473458,1,91,6,36.833333333333336,2,0
1473458,2,89,10,20.9,1,0
1473459,1,71,7,31.285714285714285,2,0
1473459,2,89,6,33.5,2,0
1473460,1,80,7,31.0,2,0
1473460,2,48,10,15.9,0,0
1473461,1,61,8,20.375,1,0
1473461,2,111,5,33.8,1,1
1473462,1,43,10,10.3,0,0
1473462,2,46,3,35.666666666666664,0,0
1473463,1,120,7,25.714285714285715,1,1
1473463,2,65,5,37.2,2,0
1473464,1,73,7,35.0,2,0
1473464,2,171,3,82.33333333333333,2,1
1473465,1,56,5,34.6,1,0
1473465,2,92,2,87.5,2,0
1473466,1,62,6,34.166666666666664,2,0
1473466,2,119,10,19.3,1,1
1473467,1,53,7,23.714285714285715,2,0
1473467,2,57,6,28.0,2,0
1473468,1,39,10,11.1,0,0
1473468,2,55,10,9.5,1,0
1473469,1,63,6,31.333333333333332,1,0
1473469,2,61,5,37.6,1,0
1473470,1,59,6,27.0,1,0
1473470,2,52,7,23.714285714285715,1,0
1473471,1,32,10,9.5,0,0
1473471,2,28,6,16.333333333333332,0,0
1473472,1,53,9,22.555555555555557,1,0
1473472,2,119,4,51.0,2,1
1473473,1,76,6,30.0,1,0
1473473,2,85,6,29.666666666666668,2,0
1473474,1,43,7,22.428571428571427,0,0
1473474,2,103,4,39.75,1,1
1473475,1,79,6,29.333333333333332,1,0
1473475,2,114,2,88.5,2,1
1473476,1,114,4,49.5,2,1
1473476,2,41,9,17.666666666666668,0,0
1473477,1,87,6,26.5,1,0
1473477,2,69,3,53.666666666666664,2,0
1473478,1,99,8,17.875,1,0
1473478,2,64,4,36.5,2,0
1473479,1,95,5,41.0,2,0
1473479,2,52,10,19.4,1,0
1473480,1,40,10,15.4,0,0
1473480,2,49,6,25.833333333333332,0,0
1473481,1,120,5,40.2,1,1
1473481,2,7,1,7.0,0,0
1473482,1,55,8,26.875,1,0
1473482,2,46,10,16.1,0,0
1473483,1,38,9,18.0,0,0
1473483,2,119,5,33.0,1,1
1473484,1,93,5,41.8,2,0
1473484,2,166,3,70.66666666666667,1,1
1473485,1,61,10,20.4,1,0
1473485,2,76,10,19.0,1,0
1473486,1,78,10,19.0,1,0
1473486,2,72,7,27.714285714285715,1,0
1473487,1,116,3,72.33333333333333,2,1
1473487,2,26,10,11.7,0,0
1473488,1,87,6,37.333333333333336,3,0
1473488,2,57,7,26.571428571428573,1,0
1473489,1,97,6,35.5,2,0
1473489,2,114,6,35.166666666666664,2,1
1473490,1,61,5,41.2,2,0
1473490,2,92,8,25.625,2,0
1473491,1,78,6,39.333333333333336,2,0
1473491,2,81,8,24.875,1,0
1473492,1,66,8,16.625,1,0
1473493,1,71,9,17.22222222222222,1,0
1473493,2,72,8,18.375,1,0
1473494,1,58,7,25.571428571428573,1,0
1473494,2,67,9,20.333333333333332,1,0
1473495,1,122,1,122.0,1,1
1473497,1,67,6,36.5,3,0
1473497,2,76,8,26.125,1,0
1473498,1,90,4,49.75,1,0
1473498,2,205,1,205.0,1,1
1473499,1,115,8,25.625,1,1
1473499,2,82,6,34.333333333333336,2,0
1473500,1,59,9,20.77777777777778,2,0
1473500,2,98,5,37.6,1,0
1473501,1,57,6,30.0,2,0
1473501,2,38,10,12.1,0,0
1473502,1,121,3,78.33333333333333,2,1
1473502,2,86,9,22.444444444444443,1,0
1473503,1,54,7,33.0,1,0
1473503,2,80,10,18.9,1,0
1473504,1,74,5,46.0,2,0
1473504,2,55,10,14.7,1,0
1473505,1,92,4,69.5,3,0
1473505,2,52,10,16.8,1,0
1473506,1,45,7,26.285714285714285,0,0
1473506,2,109,4,46.75,1,1
1473507,1,152,4,56.75,1,1
1473507,2,107,5,46.0,2,1
1473508,1,19,10,10.1,0,0
1473508,2,54,3,35.333333333333336,1,0
1473509,1,84,6,38.0,2,0
1473509,2,84,7,29.714285714285715,2,0
1473510,1,72,7,29.0,2,0
1473510,2,84,6,34.5,1,0
1473511,1,40,9,21.11111111111111,0,0
1473511,2,43,8,23.0,0,0
1485779,1,47,9,22.88888888888889,0,0
1485779,2,62,5,41.6,3,0
335982,1,61,4,55.5,4,0
335982,2,15,10,8.2,0,0
335983,1,73,6,40.0,2,0
335983,2,56,5,41.4,2,0
335984,1,22,9,14.333333333333334,0,0
335984,2,112,2,66.0,1,1
335985,1,51,7,23.571428571428573,1,0
335985,2,55,6,27.666666666666668,1,0
335986,1,33,10,11.0,0,0
335986,2,47,6,18.666666666666668,0,0
335987,1,63,9,18.444444444444443,1,0
335987,2,69,5,33.6,2,0
335988,1,41,9,15.777777777777779,0,0
335988,2,112,2,71.5,1,1
335989,1,104,6,34.666666666666664,2,1
335989,2,51,8,25.25,1,0
335990,1,111,5,42.8,1,1
335990,2,98,8,27.125,2,0
335991,1,73,10,18.2,1,0
335991,2,47,10,11.6,0,0
335992,1,43,9,15.0,0,0
335992,2,104,4,34.5,1,1
335993,1,32,10,14.7,0,0
335993,2,86,2,76.0,2,0
335994,1,43,7,22.0,0,0
335994,2,155,1,155.0,1,1
335995,1,37,8,19.75,0,0
335995,2,58,7,23.142857142857142,2,0
335996,1,95,5,35.6,1,0
335996,2,89,10,16.5,1,0
335997,1,41,9,15.222222222222221,0,0
335997,2,113,4,34.5,1,1
335998,1,98,6,31.833333333333332,2,0
335998,2,87,6,30.166666666666668,1,0
335999,1,35,9,18.22222222222222,0,0
335999,2,81,4,41.75,1,0
336000,1,57,8,24.5,2,0
336000,2,68,10,15.1,1,0
336001,1,57,7,24.142857142857142,1,0
336001,2,115,3,57.333333333333336,1,1
336002,1,101,10,16.5,1,1
336002,2,40,6,28.5,0,0
336003,1,54,7,25.428571428571427,1,0
336003,2,104,7,24.142857142857142,1,1
336004,1,52,9,18.0,1,0
336004,2,45,10,13.3,0,0
336005,1,44,10,10.9,0,0
336005,2,78,3,36.666666666666664,1,0
336006,1,54,10,12.6,1,0
336006,2,54,5,25.4,1,0
336007,1,39,8,18.0,0,0
336007,2,54,4,37.0,1,0
336008,1,53,10,10.3,1,0
336008,2,41,4,26.0,0,0
336009,1,121,6,31.166666666666668,1,1
336009,2,62,7,26.857142857142858,1,0
336010,1,34,8,16.125,0,0
336010,2,45,5,24.8,0,0
336011,1,61,9,15.555555555555555,1,0
336011,2,109,3,47.0,1,1
336012,1,39,9,13.555555555555555,0,0
336012,2,96,2,63.0,1,0
336013,1,91,5,36.2,1,0
336013,2,66,10,16.3,1,0
336014,1,102,5,40.8,2,1
336014,2,38,8,22.625,0,0
336015,1,54,8,19.5,1,0
336015,2,71,8,19.875,1,0
336016,1,32,9,15.88888888888889,0,0
336016,2,102,2,72.0,1,1
336017,1,40,7,19.0,0,0
336017,2,34,10,11.0,0,0
336018,1,95,6,26.0,1,0
336018,2,82,2,79.0,2,0
336019,1,133,3,73.66666666666667,2,1
336019,2,49,8,22.5,0,0
336020,1,133,5,38.8,1,1
336020,2,50,10,18.2,1,0
336021,1,20,10,6.7,0,0
336021,2,42,3,22.666666666666668,0,0
336022,1,75,5,23.6,1,0
336022,2,63,4,23.5,1,0
336023,1,109,2,98.5,2,1
336023,2,35,10,13.2,0,0
336024,1,54,8,22.25,1,0
336024,2,74,8,19.125,1,0
336025,1,86,6,24.833333333333332,1,0
336025,2,55,1,55.0,1,0
336026,1,32,8,19.25,0,0
336026,2,90,6,26.333333333333332,1,0
336027,1,33,9,16.333333333333332,0,0
336027,2,81,5,30.0,1,0
336028,1,133,5,37.8,1,1
336028,2,46,10,18.8,0,0
336029,1,35,9,14.0,0,0
336029,2,60,9,12.444444444444445,1,0
336031,1,79,5,35.0,1,0
336031,2,84,5,35.6,1,0
336032,1,70,8,22.0,1,0
336032,2,49,6,29.833333333333332,0,0
336033,1,127,5,42.2,1,1
336033,2,73,7,28.714285714285715,2,0
336034,1,72,8,19.5,1,0
336034,2,96,7,21.857142857142858,1,0
336035,1,83,7,24.857142857142858,1,0
336035,2,49,8,21.875,0,0
336036,1,71,8,18.125,1,0
336036,2,69,6,24.333333333333332,1,0
336037,1,76,8,18.375,1,0
336037,2,55,4,37.0,1,0
336038,1,65,10,19.2,2,0
336038,2,27,10,8.7,0,0
336039,1,35,9,12.444444444444445,0,0
336039,2,102,2,58.0,1,1
336040,1,39,6,27.166666666666668,0,0
336040,2,65,8,20.5,1,0
392181,1,46,8,20.625,0,0
392181,2,52,8,18.25,1,0
392182,1,35,9,14.777777777777779,0,0
392182,2,19,10,5.8,0,0
392183,1,67,7,14.857142857142858,1,0
392183,2,58,1,58.0,1,0
392184,1,24,10,10.1,0,0
392184,2,69,3,34.666666666666664,1,0
392185,1,106,5,35.8,1,1
392185,2,40,10,8.7,0,0
392186,1,56,7,22.571428571428573,1,0
392186,2,57,2,39.5,1,0
392188,1,61,7,26.285714285714285,1,0
392188,2,53,9,17.77777777777778,1,0
392189,1,74,6,31.5,2,0
392189,2,57,10,18.0,1,0
392190,1,56,7,21.428571428571427,1,0
392190,2,49,8,18.75,0,0
392191,1,61,10,16.8,1,0
392191,2,66,4,43.25,2,0
392192,1,63,9,18.666666666666668,2,0
392192,2,82,8,19.5,1,0
392194,1,62,8,18.625,2,0
392194,2,44,5,30.0,0,0
392195,1,75,7,19.857142857142858,1,0
392195,2,60,8,14.0,1,0
392196,1,64,7,23.571428571428573,1,0
392196,2,67,5,33.8,1,0
392197,1,127,7,26.714285714285715,1,1
392197,2,54,9,10.555555555555555,1,0
392198,1,56,8,17.875,1,0
392198,2,83,6,24.5,1,0
392199,1,45,7,19.857142857142858,0,0
392199,2,69,6,23.833333333333332,1,0
392200,1,32,8,14.875,0,0
392200,2,49,8,14.5,0,0
392201,1,65,9,16.444444444444443,1,0
392201,2,79,5,30.0,1,0
392202,1,71,6,27.333333333333332,2,0
392202,2,31,9,14.0,0,0
392203,1,35,7,21.142857142857142,0,0
392203,2,89,7,19.857142857142858,1,0
392204,1,44,10,14.5,0,0
392204,2,70,8,17.125,1,0
392205,1,59,6,23.5,1,0
392205,2,51,8,17.75,1,0
392206,1,66,10,16.3,1,0
392206,2,74,9,16.11111111111111,1,0
392207,1,51,4,38.25,1,0
392207,2,45,5,30.8,0,0
392208,1,66,5,29.8,2,0
392208,2,126,2,75.0,1,1
392209,1,61,4,44.5,2,0
392209,2,72,10,10.0,1,0
392210,1,135,5,42.2,1,1
392210,2,48,9,14.777777777777779,0,0
392211,1,58,4,38.5,1,0
392211,2,97,2,78.5,2,0
392212,1,33,7,20.714285714285715,0,0
392212,2,53,9,14.0,1,0
392213,1,20,10,10.5,0,0
392213,2,43,4,26.75,0,0
392214,1,100,4,46.25,2,1
392214,2,90,4,43.5,2,0
392215,1,57,10,11.6,1,0
392215,2,61,4,29.5,1,0
392216,1,95,5,33.6,1,0
392216,2,43,8,21.125,0,0
392217,1,53,8,17.5,1,0
392217,2,89,4,35.25,1,0
392218,1,104,3,52.333333333333336,1,1
392218,2,27,8,17.625,0,0
392219,1,36,8,15.375,0,0
392219,2,56,4,31.25,2,0
392220,1,37,8,20.75,0,0
392220,2,31,10,11.3,0,0
392221,1,70,5,34.6,1,0
392221,2,58,5,35.2,2,0
392222,1,28,10,11.9,0,0
392222,2,82,3,40.666666666666664,1,0
392223,1,50,8,21.625,1,0
392223,2,63,10,16.1,1,0
392224,1,45,10,12.9,0,0
392224,2,56,9,14.666666666666666,1,0
392225,1,61,7,20.714285714285715,1,0
392225,2,37,10,14.3,0,0
392226,1,50,10,12.0,1,0
392226,2,53,5,24.6,1,0
392227,1,65,5,29.4,1,0
392227,2,87,4,37.75,1,0
392228,1,58,6,26.666666666666668,1,0
392228,2,68,5,33.2,1,0
392229,1,53,8,16.75,1,0
392229,2,39,9,14.777777777777779,0,0
392230,1,87,4,37.5,1,0
392230,2,55,10,13.6,1,0
392231,1,74,4,47.0,2,0
392231,2,90,4,47.25,2,0
392232,1,39,8,16.75,0,0
392232,2,70,4,33.75,1,0
392233,1,30,10,10.1,0,0
392233,2,57,7,14.571428571428571,1,0
392234,1,40,10,11.6,0,0
392234,2,26,9,10.222222222222221,0,0
392235,1,73,9,18.333333333333332,1,0
392235,2,68,7,23.714285714285715,1,0
392236,1,55,5,34.0,1,0
392236,2,68,7,22.571428571428573,1,0
392237,1,85,8,19.125,1,0
392237,2,69,5,30.8,1,0
392238,1,61,6,24.333333333333332,1,0
392238,2,72,5,29.8,1,0
392239,1,52,7,20.428571428571427,1,0
392239,2,22,10,13.7,0,0
419106,1,130,5,32.2,1,1
419106,2,61,8,18.75,1,0
419107,1,110,8,26.5,1,1
419107,2,107,8,26.0,1,1
419108,1,60,10,14.2,1,0
419108,2,61,6,24.333333333333332,1,0
419109,1,38,8,16.875,0,0
419109,2,101,4,34.0,1,1
419110,1,95,5,38.0,2,0
419110,2,38,10,15.9,0,0
419111,1,60,7,20.142857142857142,1,0
419111,2,57,5,28.4,1,0
419112,1,129,4,50.75,2,1
419112,2,74,3,68.0,3,0
419113,1,109,4,41.0,1,1
419113,2,26,10,10.9,0,0
419114,1,71,7,31.142857142857142,1,0
419114,2,38,9,13.333333333333334,0,0
419115,1,37,10,9.2,0,0
419115,2,93,1,93.0,1,0
419116,1,67,7,26.428571428571427,1,0
419116,2,78,6,31.666666666666668,1,0
419117,1,55,9,18.88888888888889,1,0
419117,2,48,9,18.22222222222222,0,0
419118,1,42,8,21.0,0,0
419118,2,50,6,22.333333333333332,1,0
419119,1,47,10,15.1,0,0
419119,2,85,4,38.75,1,0
419120,1,60,7,24.428571428571427,1,0
419120,2,51,10,16.1,1,0
419121,1,45,9,15.11111111111111,0,0
419121,2,65,7,19.428571428571427,1,0
419122,1,82,3,51.666666666666664,2,0
419122,2,61,4,39.0,2,0
419123,1,52,6,28.5,1,0
419123,2,55,8,16.875,1,0
419124,1,60,6,30.5,2,0
419124,2,44,10,15.2,0,0
419125,1,142,3,60.0,1,1
419125,2,92,6,30.166666666666668,1,0
419126,1,38,10,14.8,0,0
419126,2,55,3,50.333333333333336,2,0
419127,1,79,6,30.5,1,0
419127,2,41,7,20.571428571428573,0,0
419128,1,49,5,36.6,0,0
419128,2,71,10,16.6,1,0
419129,1,53,9,19.666666666666668,1,0
419129,2,51,7,22.857142857142858,1,0
419130,1,53,8,21.5,1,0
419130,2,47,10,13.1,0,0
419131,1,128,5,35.4,1,1
419131,2,35,9,15.222222222222221,0,0
419132,1,49,10,16.3,0,0
419132,2,42,7,23.428571428571427,0,0
419133,1,63,5,32.2,1,0
419133,2,61,6,27.0,1,0
419134,1,79,6,31.333333333333332,1,0
419134,2,34,10,12.1,0,0
419135,1,78,7,25.857142857142858,1,0
419135,2,46,6,26.166666666666668,0,0
419136,1,65,6,30.166666666666668,2,0
419136,2,76,5,36.8,1,0
419137,1,152,6,41.0,2,1
419137,2,97,6,37.166666666666664,2,0
419138,1,65,5,35.6,3,0
419138,2,30,10,11.5,0,0
419139,1,101,4,50.0,2,1
419139,2,98,3,68.0,3,0
419140,1,60,6,30.666666666666668,1,0
419140,2,30,10,14.7,0,0
419141,1,77,10,15.9,1,0
419141,2,39,10,15.7,0,0
419142,1,50,5,33.0,1,0
419142,2,46,9,15.666666666666666,0,0
419143,1,56,7,21.857142857142858,1,0
419143,2,109,2,78.5,1,1
419144,1,94,4,45.25,2,0
419144,2,99,9,18.555555555555557,1,0
419145,1,95,7,26.285714285714285,1,0
419145,2,91,4,46.5,2,0
419146,1,44,9,17.11111111111111,0,0
419146,2,46,5,31.6,0,0
419147,1,41,9,15.333333333333334,0,0
419147,2,46,5,27.8,0,0
419148,1,52,10,16.0,2,0
419148,2,72,4,40.5,2,0
419149,1,35,10,11.1,0,0
419149,2,45,4,28.0,0,0
419150,1,63,6,29.0,2,0
419150,2,50,8,17.125,1,0
419151,1,82,7,21.571428571428573,1,0
419151,2,74,10,13.8,1,0
419152,1,50,5,36.6,1,0
419152,2,39,8,18.0,0,0
419153,1,73,9,15.444444444444445,1,0
419153,2,137,2,71.5,1,1
419154,1,58,7,18.571428571428573,1,0
419154,2,60,6,22.0,1,0
419155,1,35,9,12.444444444444445,0,0
419155,2,75,5,22.6,1,0
419156,1,86,4,43.5,2,0
419156,2,66,6,29.666666666666668,1,0
419157,1,69,5,38.2,1,0
419157,2,30,10,13.4,0,0
419158,1,59,10,13.2,1,0
419158,2,111,3,44.333333333333336,1,1
419159,1,99,4,48.0,2,0
419159,2,62,5,39.0,2,0
419160,1,50,8,18.125,1,0
419160,2,48,8,16.75,0,0
419161,1,63,8,16.625,1,0
419161,2,97,2,67.5,1,0
419162,1,67,6,30.666666666666668,1,0
419162,2,34,10,14.9,0,0
419163,1,52,8,17.75,1,0
419163,2,28,10,10.4,0,0
419164,1,43,10,8.2,0,0
419164,2,50,2,43.0,1,0
419165,1,72,6,28.0,1,0
419165,2,66,10,14.6,1,0
501198,1,75,5,30.6,1,0
501198,2,64,8,18.875,1,0
501199,1,40,9,15.222222222222221,0,0
501199,2,58,3,47.0,2,0
501200,1,80,6,26.833333333333332,1,0
501200,2,52,5,32.4,1,0
501201,1,42,10,9.5,0,0
501201,2,68,3,33.0,1,0
501202,1,35,9,12.444444444444445,0,0
501202,2,60,4,28.25,1,0
501203,1,51,4,40.75,1,0
501203,2,38,9,17.11111111111111,0,0
501204,1,83,7,21.571428571428573,1,0
501204,2,35,5,30.4,0,0
501205,1,91,5,28.0,1,0
501205,2,110,2,71.5,1,1
501206,1,124,4,47.0,2,1
501206,2,61,5,38.6,2,0
501207,1,88,9,16.444444444444443,1,0
501207,2,42,7,21.571428571428573,0,0
501208,1,55,5,35.0,2,0
501208,2,62,10,14.2,1,0
501209,1,52,5,31.8,1,0
501209,2,152,2,80.0,1,1
501210,1,116,3,60.666666666666664,2,1
501210,2,128,3,61.333333333333336,1,1
501211,1,51,5,36.6,2,0
501211,2,42,8,20.25,0,0
501212,1,75,9,18.333333333333332,1,0
501212,2,136,3,55.333333333333336,1,1
501213,1,54,6,31.166666666666668,1,0
501213,2,75,8,23.75,1,0
501214,1,24,10,8.1,0,0
501214,2,54,3,28.333333333333332,1,0
501215,1,48,5,26.2,0,0
501215,2,51,4,33.75,1,0
501216,1,92,5,33.6,1,0
501216,2,52,8,19.0,1,0
501218,1,35,10,11.8,0,0
501218,2,74,4,31.0,1,0
501219,1,49,8,16.5,0,0
501219,2,36,10,12.6,0,0
501220,1,70,7,27.857142857142858,2,0
501220,2,50,8,18.375,1,0
501221,1,87,5,32.8,2,0
501221,2,60,10,15.6,1,0
501222,1,58,5,34.2,1,0
501222,2,123,2,87.5,2,1
501223,1,146,5,46.2,1,1
501223,2,72,7,28.857142857142858,1,0
501224,1,102,5,34.4,1,1
501224,2,27,9,15.0,0,0
501225,1,48,10,10.9,0,0
501225,2,71,3,37.0,1,0
501226,1,64,6,23.666666666666668,2,0
501226,2,38,10,11.7,0,0
501227,1,47,7,22.857142857142858,0,0
501227,2,82,8,20.125,1,0
501228,1,42,7,20.142857142857142,0,0
501228,2,65,3,48.333333333333336,2,0
501229,1,90,8,16.125,1,0
501229,2,36,10,7.4,0,0
501230,1,40,8,18.5,0,0
501230,2,38,10,13.1,0,0
501231,1,22,9,10.444444444444445,0,0
501231,2,39,4,23.75,0,0
501232,1,66,6,30.166666666666668,2,0
501232,2,44,6,25.833333333333332,0,0
501233,1,56,7,22.428571428571427,1,0
501233,2,27,10,11.9,0,0
501234,1,33,7,17.0,0,0
501234,2,85,3,40.0,1,0
501235,1,46,8,17.875,0,0
501235,2,52,5,28.8,1,0
501236,1,60,6,27.5,2,0
501236,2,71,8,18.25,1,0
501237,1,95,6,26.5,1,0
501237,2,72,9,15.11111111111111,1,0
501238,1,54,7,20.0,1,0
501238,2,61,4,35.25,2,0
501239,1,80,5,33.8,1,0
501239,2,56,7,21.285714285714285,1,0
501240,1,86,7,21.0,1,0
501240,2,137,3,49.666666666666664,1,1
501241,1,40,7,22.857142857142858,0,0
501241,2,42,8,17.375,0,0
501242,1,51,6,26.0,1,0
501242,2,69,7,19.857142857142858,1,0
501243,1,71,6,29.166666666666668,1,0
501243,2,67,7,25.571428571428573,2,0
501244,1,111,7,29.285714285714285,1,1
501244,2,37,10,12.0,0,0
501245,1,65,4,28.5,1,0
501245,2,28,3,20.333333333333332,0,0
501246,1,87,5,35.6,2,0
501246,2,87,10,14.6,1,0
501247,1,43,10,12.5,0,0
501247,2,67,2,64.0,2,0
501248,1,30,9,13.222222222222221,0,0
501248,2,37,6,20.0,0,0
501249,1,77,4,49.0,2,0
501249,2,35,10,13.3,0,0
501250,1,51,9,15.11111111111111,1,0
501250,2,55,5,27.4,1,0
501251,1,70,9,18.11111111111111,1,0
501251,2,19,10,8.7,0,0
501252,1,73,7,20.857142857142858,1,0
501252,2,83,2,75.5,2,0
501253,1,96,5,35.2,1,0
501253,2,43,7,22.571428571428573,0,0
501254,1,93,7,25.428571428571427,1,0
501254,2,111,5,36.2,1,1
501255,1,53,5,17.8,1,0
501255,2,44,7,15.0,0,0
501256,1,39,7,19.285714285714285,0,0
501256,2,40,9,13.88888888888889,0,0
501257,1,102,7,24.285714285714285,1,1
501257,2,52,9,15.666666666666666,1,0
501258,1,37,10,9.7,0,0
501258,2,53,3,32.666666666666664,1,0
501259,1,35,9,15.11111111111111,0,0
501259,2,67,5,27.6,1,0
501260,1,206,3,77.33333333333333,1,1
501260,2,29,10,12.1,0,0
501261,1,37,6,25.333333333333332,0,0
501261,2,38,6,23.5,0,0
501262,1,34,7,16.857142857142858,0,0
501262,2,64,4,29.75,1,0
501263,1,53,6,22.166666666666668,1,0
501263,2,134,1,134.0,1,1
501264,1,131,3,66.0,1,1
501264,2,61,10,11.6,1,0
501265,1,24,4,14.0,0,0
501266,1,42,9,14.222222222222221,0,0
501266,2,80,3,43.0,1,0
501267,1,57,7,25.0,1,0
501267,2,57,6,29.666666666666668,1,0
501268,1,48,5,35.0,0,0
501268,2,63,5,35.4,2,0
501269,1,60,8,18.375,1,0
501269,2,81,7,21.142857142857142,1,0
501270,1,113,5,37.0,1,1
501270,2,32,9,15.777777777777779,0,0
501271,1,159,6,34.166666666666664,1,1
501271,2,38,9,16.333333333333332,0,0
548306,1,37,10,11.2,0,0
548306,2,69,4,28.75,1,0
548307,1,31,9,10.777777777777779,0,0
548307,2,49,3,33.333333333333336,0,0
548308,1,44,9,14.333333333333334,0,0
548308,2,49,10,10.1,0,0
548309,1,77,5,38.2,2,0
548309,2,37,10,16.0,0,0
548310,1,54,8,19.625,1,0
548310,2,42,8,17.125,0,0
548311,1,46,7,27.571428571428573,0,0
548311,2,32,10,11.9,0,0
548312,1,64,6,27.333333333333332,1,0
548312,2,41,10,14.2,0,0
548313,1,81,7,23.714285714285715,1,0
548313,2,41,9,16.0,0,0
548314,1,41,9,15.333333333333334,0,0
548314,2,48,6,23.666666666666668,0,0
548315,1,65,9,18.333333333333332,2,0
548315,2,28,9,13.666666666666666,0,0
548316,1,26,9,12.222222222222221,0,0
548316,2,61,3,37.0,1,0
548317,1,96,7,28.142857142857142,1,0
548317,2,82,10,17.0,1,0
548318,1,109,9,22.77777777777778,2,1
548318,2,56,6,34.666666666666664,1,0
548319,1,26,10,11.5,0,0
548319,2,50,4,29.0,1,0
548320,1,59,6,21.833333333333332,1,0
548320,2,48,6,22.833333333333332,0,0
548321,1,71,9,17.444444444444443,1,0
548321,2,49,6,27.0,0,0
548322,1,61,6,25.833333333333332,1,0
548322,2,66,4,39.0,1,0
548323,1,52,10,13.4,1,0
548323,2,43,8,16.5,0,0
548324,1,121,3,65.0,2,1
548324,2,42,10,13.6,0,0
548325,1,34,10,9.2,0,0
548325,2,34,4,23.25,0,0
548326,1,94,3,65.33333333333333,2,0
548326,2,62,6,32.833333333333336,1,0
548327,1,63,7,26.0,1,0
548327,2,59,5,37.2,2,0
548328,1,38,7,17.714285714285715,0,0
548328,2,53,3,42.333333333333336,2,0
548329,1,126,5,37.4,1,1
548329,2,189,2,96.5,1,1
548330,1,116,5,32.8,1,1
548330,2,44,8,18.875,0,0
548331,1,44,7,23.285714285714285,0,0
548331,2,131,6,27.666666666666668,1,1
548332,1,92,4,36.5,1,0
548332,2,61,4,36.75,2,0
548333,1,93,4,48.0,2,0
548333,2,75,8,21.5,1,0
548334,1,75,7,23.285714285714285,2,0
548334,2,58,5,32.8,1,0
548335,1,44,8,15.75,0,0
548335,2,33,6,21.166666666666668,0,0
548336,1,122,4,47.25,1,1
548336,2,56,7,20.428571428571427,1,0
548337,1,145,3,48.666666666666664,1,1
548337,2,89,3,49.333333333333336,1,0
548339,1,89,4,42.0,1,0
548339,2,52,7,24.428571428571427,1,0
548341,1,75,5,35.4,1,0
548341,2,32,8,19.875,0,0
548342,1,135,6,34.5,1,1
548342,2,96,9,18.88888888888889,1,0
548343,1,68,9,17.333333333333332,1,0
548343,2,47,9,16.555555555555557,0,0
548344,1,95,4,47.5,2,0
548344,2,43,7,20.428571428571427,0,0
548345,1,80,7,21.714285714285715,1,0
548345,2,99,3,50.333333333333336,1,0
548346,1,37,10,10.0,0,0
548346,2,31,6,16.833333333333332,0,0
548347,1,42,6,23.166666666666668,0,0
548347,2,70,6,23.333333333333332,1,0
548348,1,157,5,37.2,1,1
548348,2,90,6,28.833333333333332,2,0
548349,1,71,7,20.142857142857142,1,0
548349,2,96,5,28.8,1,0
548350,1,119,6,26.333333333333332,1,1
548350,2,73,7,23.285714285714285,1,0
548351,1,50,9,13.333333333333334,1,0
548351,2,47,7,17.0,0,0
548352,1,64,7,22.857142857142858,1,0
548352,2,68,6,25.0,2,0
548353,1,113,6,25.0,1,1
548353,2,73,9,15.88888888888889,1,0
548354,1,69,6,29.5,1,0
548354,2,36,9,14.88888888888889,0,0
548355,1,62,8,21.625,1,0
548355,2,126,9,19.333333333333332,1,1
548356,1,86,3,60.333333333333336,2,0
548356,2,91,6,30.833333333333332,1,0
548357,1,46,9,17.0,0,0
548357,2,68,5,30.8,2,0
548358,1,42,7,17.857142857142858,0,0
548358,2,56,4,31.5,1,0
548359,1,55,6,28.333333333333332,1,0
548359,2,43,9,16.11111111111111,0,0
548360,1,44,7,20.142857142857142,0,0
548360,2,94,2,71.0,1,0
548361,1,32,7,18.0,0,0
548361,2,43,7,18.142857142857142,0,0
548362,1,80,4,43.25,1,0
548362,2,50,10,13.8,1,0
548363,1,167,2,91.0,1,1
548363,2,91,5,31.0,2,0
548364,1,48,6,19.0,0,0
548364,2,75,2,57.5,1,0
548365,1,94,5,34.0,1,0
548365,2,34,10,12.5,0,0
548366,1,96,5,38.0,1,0
548366,2,45,7,27.714285714285715,0,0
548367,1,46,7,24.428571428571427,0,0
548367,2,122,6,28.833333333333332,1,1
548368,1,99,7,22.571428571428573,1,0
548368,2,97,6,26.666666666666668,1,0
548369,1,29,9,15.11111111111111,0,0
548369,2,58,6,23.333333333333332,1,0
548370,1,45,8,17.5,0,0
548370,2,34,10,10.8,0,0
548371,1,34,8,15.0,0,0
548371,2,51,5,24.6,1,0
548372,1,204,2,107.5,1,1
548372,2,44,9,21.555555555555557,0,0
548373,1,35,8,15.75,0,0
548373,2,63,6,21.333333333333332,1,0
548374,1,57,9,15.666666666666666,1,0
548374,2,82,5,29.0,1,0
548375,1,67,5,27.2,1,0
548375,2,40,9,11.333333333333334,0,0
548376,1,71,7,18.857142857142858,1,0
548376,2,46,10,12.3,0,0
548377,1,53,7,23.142857142857142,1,0
548377,2,163,1,163.0,1,1
548378,1,56,5,32.4,1,0
548378,2,59,9,16.0,1,0
548379,1,94,6,31.166666666666668,2,0
548379,2,47,10,14.9,0,0
548380,1,69,5,44.4,2,0
548380,2,52,10,13.6,1,0
548381,1,87,3,63.333333333333336,2,0
548381,2,136,6,32.0,1,1
597998,1,44,10,12.8,0,0
597998,2,47,5,25.8,0,0
597999,1,76,6,26.0,1,0
597999,2,60,6,25.666666666666668,2,0
598000,1,34,7,18.0,0,0
598000,2,36,10,10.4,0,0
598001,1,65,8,20.625,2,0
598001,2,67,7,22.857142857142858,1,0
598002,1,65,7,21.142857142857142,1,0
598002,2,31,10,13.9,0,0
598003,1,25,9,11.0,0,0
598003,2,58,3,33.333333333333336,1,0
598004,1,43,9,14.444444444444445,0,0
598004,2,33,8,16.25,0,0
598005,1,38,7,20.571428571428573,0,0
598005,2,34,10,12.5,0,0
598006,1,132,6,34.833333333333336,1,1
598006,2,82,10,16.5,1,0
598007,1,56,10,13.8,1,0
598007,2,139,1,139.0,1,1
598008,1,51,9,17.11111111111111,1,0
598008,2,83,3,52.666666666666664,2,0
598009,1,81,6,24.166666666666668,1,0
598009,2,58,4,37.0,1,0
598010,1,30,9,12.666666666666666,0,0
598010,2,44,8,14.375,0,0
598011,1,68,4,45.75,3,0
598011,2,33,9,15.777777777777779,0,0
598012,1,82,6,27.5,1,0
598012,2,59,7,23.714285714285715,2,0
598013,1,67,4,45.0,2,0
598013,2,57,8,16.5,1,0
598014,1,35,10,12.4,0,0
598014,2,47,5,25.2,0,0
598015,1,96,6,26.5,1,0
598015,2,46,9,15.0,0,0
598016,1,41,10,15.7,0,0
598016,2,105,10,15.3,1,1
598017,1,43,6,25.333333333333332,0,0
598017,2,103,8,19.0,1,1
598018,1,40,9,13.222222222222221,0,0
598018,2,38,10,10.8,0,0
598019,1,62,4,44.75,3,0
598019,2,30,10,9.2,0,0
598020,1,74,4,42.25,2,0
598020,2,31,10,8.3,0,0
598021,1,40,10,12.3,0,0
598021,2,48,6,21.166666666666668,0,0
598022,1,46,10,11.9,0,0
598022,2,35,7,17.714285714285715,0,0
598023,1,40,10,11.7,0,0
598023,2,59,4,30.75,2,0
598024,1,96,5,32.2,1,0
598024,2,151,2,82.5,1,1
598025,1,83,5,37.0,1,0
598025,2,128,4,46.5,2,1
598026,1,71,5,37.0,1,0
598026,2,90,6,31.0,1,0
598027,1,167,5,52.6,1,1
598027,2,58,10,13.3,1,0
598028,1,60,5,34.2,1,0
598028,2,50,7,23.428571428571427,1,0
598029,1,54,6,26.5,1,0
598029,2,50,6,27.0,1,0
598030,1,43,7,22.714285714285715,0,0
598030,2,65,6,26.666666666666668,1,0
598031,1,45,7,21.285714285714285,0,0
598031,2,72,5,30.0,2,0
598032,1,58,10,14.4,1,0
598032,2,74,3,48.666666666666664,2,0
598033,1,68,8,24.25,2,0
598033,2,51,8,17.0,1,0
598034,1,103,4,50.0,2,1
598034,2,79,5,37.2,1,0
598035,1,63,6,27.333333333333332,1,0
598035,2,76,5,29.8,2,0
598036,1,44,7,24.428571428571427,0,0
598036,2,68,7,24.714285714285715,1,0
598037,1,88,4,43.5,1,0
598037,2,39,10,17.0,0,0
598038,1,75,4,41.0,2,0
598038,2,31,10,12.7,0,0
598039,1,50,5,25.8,1,0
598039,2,74,4,32.5,1,0
598040,1,34,8,17.0,0,0
598040,2,95,4,34.25,1,0
598041,1,74,5,37.2,2,0
598041,2,95,7,24.428571428571427,1,0
598042,1,68,4,46.75,2,0
598042,2,63,10,17.0,1,0
598043,1,44,7,18.857142857142858,0,0
598043,2,78,3,44.333333333333336,1,0
598044,1,19,10,8.0,0,0
598044,2,33,5,16.2,0,0
598045,1,136,5,34.8,1,1
598045,2,118,4,44.0,1,1
598046,1,57,6,23.166666666666668,1,0
598046,2,25,10,7.9,0,0
598047,1,97,5,35.6,1,0
598047,2,98,6,30.333333333333332,1,0
598048,1,80,7,23.0,1,0
598048,2,66,4,40.5,1,0
598049,1,76,5,30.8,1,0
598049,2,108,2,77.5,1,1
598050,1,93,7,24.285714285714285,1,0
598050,2,37,10,10.5,0,0
598051,1,133,4,55.75,1,1
598051,2,35,9,16.22222222222222,0,0
598052,1,102,7,20.714285714285715,1,1
598052,2,76,3,49.0,2,0
598053,1,45,7,21.714285714285715,0,0
598053,2,25,10,10.6,0,0
598054,1,94,4,45.75,2,0
598054,2,58,8,22.375,1,0
598055,1,59,8,14.0,1,0
598055,2,54,6,19.333333333333332,1,0
598056,1,48,8,18.75,0,0
598056,2,51,10,12.0,1,0
598057,1,31,10,11.5,0,0
598057,2,35,6,19.333333333333332,0,0
598058,1,83,5,28.2,1,0
598058,2,93,6,24.0,1,0
598059,1,39,8,15.0,0,0
598059,2,44,6,20.166666666666668,0,0
598060,1,73,4,44.5,2,0
598060,2,85,5,36.8,2,0
598061,1,65,4,42.5,2,0
598061,2,98,8,20.375,1,0
598062,1,61,5,33.6,2,0
598062,2,39,10,13.5,0,0
598063,1,76,8,20.75,1,0
598063,2,56,8,19.0,1,0
598064,1,102,4,47.5,1,1
598064,2,130,5,38.8,1,1
598065,1,56,9,15.11111111111111,1,0
598065,2,39,10,11.3,0,0
598066,1,148,8,22.875,1,1
598066,2,39,9,14.777777777777779,0,0
598067,1,71,6,28.666666666666668,1,0
598067,2,54,10,13.4,1,0
598068,1,67,3,35.333333333333336,1,0
598068,2,27,6,13.666666666666666,0,0
598069,1,30,8,16.25,0,0
598069,2,89,6,22.0,1,0
598070,1,140,2,96.0,2,1
598070,2,75,10,14.4,1,0
598071,1,52,8,16.5,1,0
598071,2,45,7,19.285714285714285,0,0
598072,1,57,7,23.571428571428573,1,0
598072,2,70,7,24.142857142857142,2,0
598073,1,48,10,14.8,0,0
598073,2,41,10,12.5,0,0
729279,1,131,6,27.166666666666668,1,1
729279,2,61,7,17.428571428571427,1,0
729281,1,110,5,29.0,1,1
729281,2,84,3,48.666666666666664,2,0
729283,1,123,4,51.25,1,1
729283,2,115,5,41.2,1,1
729285,1,75,7,19.0,1,0
729285,2,77,7,19.285714285714285,1,0
729287,1,32,10,11.5,0,0
729287,2,99,4,29.0,1,0
729289,1,64,6,27.666666666666668,2,0
729289,2,58,7,23.857142857142858,1,0
729291,1,74,6,31.833333333333332,1,0
729291,2,116,4,48.25,2,1
729293,1,54,8,22.125,1,0
729293,2,25,9,9.333333333333334,0,0
729295,1,68,6,32.166666666666664,2,0
729295,2,25,10,12.1,0,0
729297,1,39,7,20.0,0,0
729297,2,28,10,13.3,0,0
729299,1,80,7,21.428571428571427,1,0
729299,2,67,6,24.666666666666668,2,0
729301,1,128,2,92.0,2,1
729301,2,99,5,36.0,1,0
729303,1,84,8,17.625,1,0
729303,2,57,4,35.5,2,0
729305,1,18,10,7.0,0,0
729305,2,32,5,14.2,0,0
729307,1,30,10,13.2,0,0
729307,2,31,10,10.9,0,0
729309,1,40,8,15.625,0,0
729309,2,45,5,25.2,0,0
729311,1,52,6,24.166666666666668,1,0
729311,2,85,6,24.333333333333332,1,0
729313,1,41,9,13.777777777777779,0,0
729313,2,45,6,21.166666666666668,0,0
729315,1,64,6,25.333333333333332,1,0
729315,2,49,9,16.88888888888889,0,0
729317,1,111,6,28.666666666666668,1,1
729317,2,77,8,19.625,1,0
733971,1,70,4,37.0,1,0
733971,2,27,10,11.4,0,0
733973,1,69,6,28.0,1,0
733973,2,53,6,28.333333333333332,1,0
733975,1,46,6,25.333333333333332,0,0
733975,2,51,4,39.0,1,0
733977,1,62,7,22.142857142857142,1,0
733977,2,57,7,22.571428571428573,1,0
733979,1,53,7,24.285714285714285,2,0
733979,2,121,7,22.857142857142858,1,1
733981,1,71,6,29.666666666666668,2,0
733981,2,86,3,60.333333333333336,2,0
733983,1,97,6,31.166666666666668,1,0
733983,2,53,9,18.666666666666668,1,0
733985,1,55,6,26.666666666666668,1,0
733985,2,106,3,53.666666666666664,1,1
733987,1,135,5,46.2,1,1
733987,2,61,7,26.714285714285715,2,0
733989,1,37,10,13.4,0,0
733989,2,37,10,10.2,0,0
733991,1,60,9,22.0,2,0
733991,2,49,10,16.6,0,0
733993,1,55,7,20.428571428571427,1,0
733993,2,19,3,14.666666666666666,0,0
733995,1,61,6,26.166666666666668,1,0
733995,2,63,7,22.857142857142858,1,0
733997,1,39,8,18.625,0,0
733997,2,82,2,75.0,2,0
733999,1,132,6,31.666666666666668,1,1
733999,2,85,6,31.833333333333332,2,0
734001,1,63,4,39.25,1,0
734001,2,130,4,40.0,1,1
734003,1,60,9,16.444444444444443,1,0
734003,2,35,6,24.833333333333332,0,0
734005,1,79,5,37.2,1,0
734005,2,63,8,21.25,1,0
734007,1,81,6,34.166666666666664,2,0
734007,2,91,5,42.2,2,0
734009,1,45,6,23.5,0,0
734009,2,50,5,28.4,1,0
734011,1,74,6,33.5,1,0
734011,2,29,10,13.9,0,0
734013,1,75,5,27.6,1,0
734013,2,61,6,23.666666666666668,1,0
734015,1,34,8,17.75,0,0
734015,2,51,4,36.5,1,0
734017,1,120,3,59.333333333333336,2,1
734017,2,69,9,17.0,1,0
734019,1,71,8,20.5,2,0
734019,2,67,7,23.571428571428573,1,0
734021,1,61,6,26.666666666666668,2,0
734021,2,100,4,40.25,1,1
734023,1,62,5,30.8,2,0
734023,2,64,3,52.0,2,0
734025,1,64,9,17.333333333333332,1,0
734025,2,68,4,39.75,1,0
734027,1,121,5,39.0,1,1
734027,2,85,6,27.5,1,0
734029,1,108,4,46.25,1,1
734029,2,116,5,37.8,2,1
734031,1,87,10,17.3,1,0
734031,2,85,5,31.6,1,0
734033,1,60,5,35.8,2,0
734033,2,35,9,18.11111111111111,0,0
734035,1,55,7,22.0,1,0
734035,2,75,3,53.333333333333336,2,0
734037,1,64,8,20.0,1,0
734037,2,43,7,23.0,0,0
734039,1,31,10,11.5,0,0
734039,2,96,4,29.75,1,0
734041,1,100,5,37.8,1,1
734041,2,81,6,32.5,1,0
734043,1,65,9,18.11111111111111,1,0
734043,2,40,9,15.0,0,0
734045,1,76,9,19.22222222222222,1,0
734045,2,89,4,44.0,2,0
734047,1,110,6,37.666666666666664,2,1
734047,2,66,8,25.25,1,0
734049,1,129,5,39.8,1,1
734049,2,71,8,25.0,2,0
829705,1,131,4,42.0,1,1
829705,2,85,4,42.5,1,0
829707,1,33,8,18.75,0,0
829707,2,48,10,14.9,0,0
829709,1,51,8,20.25,1,0
829709,2,32,9,15.11111111111111,0,0
829711,1,75,5,41.8,3,0
829711,2,45,7,23.428571428571427,0,0
829713,1,81,7,25.285714285714285,1,0
829713,2,38,8,22.375,0,0
829715,1,48,4,46.0,0,0
829715,2,52,8,23.25,1,0
829717,1,60,6,29.5,1,0
829717,2,100,8,19.875,1,1
829719,1,43,10,16.6,0,0
829719,2,82,3,57.333333333333336,2,0
829721,1,104,7,23.428571428571427,1,1
829721,2,64,4,41.25,2,0
829723,1,57,10,16.5,1,0
829723,2,112,4,42.25,1,1
829725,1,71,7,23.571428571428573,1,0
829725,2,106,6,28.166666666666668,1,1
829727,1,52,6,21.166666666666668,1,0
829727,2,64,5,26.2,1,0
829729,1,75,8,22.875,1,0
829729,2,109,5,37.8,1,1
829731,1,78,5,33.4,1,0
829731,2,50,8,20.375,1,0
829733,1,63,9,17.22222222222222,1,0
829733,2,95,7,22.714285714285715,1,0
829735,1,91,5,31.2,1,0
829735,2,144,3,52.333333333333336,1,1
829737,1,72,7,29.857142857142858,2,0
829737,2,58,8,23.875,1,0
829739,1,37,8,18.25,0,0
829739,2,65,5,29.4,1,0
829741,1,95,7,27.285714285714285,1,0
829741,2,58,7,27.285714285714285,1,0
829743,1,130,5,35.2,1,1
829743,2,35,5,20.2,0,0
829745,1,58,9,20.11111111111111,2,0
829745,2,31,8,19.25,0,0
829747,1,154,5,38.0,1,1
829747,2,49,10,15.3,0,0
829749,1,36,10,13.0,0,0
829749,2,98,2,67.0,1,0
829751,1,51,9,17.444444444444443,1,0
829751,2,45,9,15.222222222222221,0,0
829753,1,66,4,48.0,2,0
829753,2,31,10,9.5,0,0
829757,1,34,10,9.5,0,0
829757,2,99,1,99.0,1,0
829759,1,46,7,21.428571428571427,0,0
829759,2,44,10,13.0,0,0
829761,1,38,7,24.428571428571427,0,0
829761,2,63,7,22.571428571428573,1,0
829763,1,74,7,28.571428571428573,1,0
829765,1,42,7,19.142857142857142,0,0
829765,2,51,10,13.2,1,0
829767,1,57,9,13.11111111111111,1,0
829767,2,106,2,59.5,1,1
829769,1,61,6,31.166666666666668,1,0
829769,2,56,8,22.375,1,0
829771,1,38,5,22.2,0,0
829771,2,48,4,28.75,0,0
829773,1,86,7,27.428571428571427,1,0
829773,2,46,7,24.285714285714285,0,0
829775,1,111,4,43.0,1,1
829775,2,48,7,21.285714285714285,0,0
829777,1,113,3,63.0,2,1
829777,2,41,8,21.875,0,0
829779,1,64,9,16.444444444444443,1,0
829779,2,63,10,12.4,1,0
829781,1,57,8,20.875,1,0
829781,2,36,10,13.2,0,0
829783,1,43,7,21.714285714285715,0,0
829783,2,60,6,25.5,2,0
829785,1,119,4,56.5,2,1
829785,2,23,10,8.8,0,0
829787,1,53,5,40.2,1,0
829787,2,44,8,24.25,0,0
829789,1,54,5,31.6,1,0
829789,2,84,5,31.8,1,0
829791,1,65,6,30.5,1,0
829791,2,53,10,18.4,1,0
829793,1,64,5,32.6,1,0
829793,2,91,5,31.4,1,0
829795,1,215,2,117.5,1,1
829795,2,70,8,24.5,1,0
829797,1,101,6,26.166666666666668,1,1
829797,2,37,10,14.5,0,0
829799,1,65,6,30.833333333333332,2,0
829799,2,59,8,22.5,1,0
829801,1,37,7,17.0,0,0
829801,2,69,5,24.0,1,0
829803,1,34,7,15.142857142857142,0,0
829803,2,33,7,12.0,0,0
829805,1,92,5,34.2,1,0
829805,2,45,8,20.75,0,0
829807,1,103,3,45.0,1,1
829807,2,43,5,16.6,0,0
829809,1,44,8,16.25,0,0
829809,2,92,4,33.5,1,0
829811,1,80,6,33.166666666666664,1,0
829811,2,56,10,19.0,2,0
829813,1,55,6,31.166666666666668,2,0
829813,2,2,1,2.0,0,0
829815,1,28,10,11.3,0,0
829815,2,106,2,57.0,1,1
829817,1,90,7,26.714285714285715,1,0
829817,2,46,10,16.2,0,0
829819,1,113,5,36.0,1,1
829819,2,24,10,10.9,0,0
829821,1,44,9,15.444444444444445,0,0
829821,2,47,8,17.5,0,0
829823,1,119,6,33.666666666666664,2,1
829823,2,66,9,17.88888888888889,1,0
980901,1,28,9,13.444444444444445,0,0
980901,2,78,2,63.0,1,0
980903,1,24,10,9.8,0,0
980903,2,69,2,49.5,1,0
980905,1,78,7,23.0,2,0
980905,2,65,6,27.0,2,0
980907,1,157,5,45.4,1,1
980907,2,51,7,26.0,1,0
980909,1,100,6,31.166666666666668,1,1
980909,2,66,5,37.6,2,0
980911,1,86,6,27.166666666666668,1,0
980911,2,85,4,41.0,1,0
980913,1,29,10,11.1,0,0
980913,2,91,3,37.666666666666664,1,0
980915,1,67,8,17.75,1,0
980915,2,92,3,48.666666666666664,1,0
980917,1,42,9,15.88888888888889,0,0
980917,2,53,8,18.375,1,0
980919,1,63,7,21.714285714285715,2,0
980919,2,97,5,30.6,1,0
980921,1,107,6,31.833333333333332,2,1
980921,2,134,4,48.0,1,1
980923,1,63,7,20.285714285714285,1,0
980923,2,62,4,36.25,1,0
980925,1,26,9,15.333333333333334,0,0
980925,2,82,5,28.2,1,0
980927,1,63,8,21.25,2,0
980927,2,76,5,34.2,1,0
980929,1,56,8,16.875,1,0
980929,2,137,1,137.0,1,1
980931,1,155,4,46.25,1,1
980931,2,91,10,17.2,1,0
980933,1,71,5,32.8,1,0
980933,2,53,8,19.25,1,0
980935,1,50,7,20.428571428571427,1,0
980935,2,90,6,24.333333333333332,1,0
980937,1,121,3,60.0,2,1
980937,2,53,5,36.4,1,0
980939,1,56,6,26.666666666666668,1,0
980939,2,51,9,18.0,1,0
980941,1,137,6,31.5,1,1
980941,2,89,8,20.5,1,0
980943,1,47,9,13.11111111111111,0,0
980943,2,80,3,31.333333333333332,1,0
980945,1,112,7,24.571428571428573,1,1
980945,2,87,6,28.5,1,0
980947,1,69,6,29.0,1,0
980947,2,72,5,35.6,2,0
980949,1,111,4,48.75,2,1
980949,2,93,8,24.5,2,0
980951,1,105,8,23.25,1,1
980951,2,44,10,15.9,0,0
980953,1,124,6,32.333333333333336,1,1
980953,2,42,6,29.833333333333332,0,0
980955,1,65,10,15.4,1,0
980955,2,39,10,13.1,0,0
980957,1,84,6,26.5,1,0
980957,2,70,3,53.666666666666664,2,0
980959,1,84,7,26.428571428571427,1,0
980959,2,96,6,31.5,1,0
980961,1,52,7,21.285714285714285,2,0
980961,2,115,3,50.0,1,1
980963,1,101,3,54.666666666666664,1,1
980963,2,67,10,15.7,1,0
980965,1,45,8,20.25,0,0
980965,2,59,4,41.5,1,0
980967,1,45,7,18.0,0,0
980967,2,27,6,21.5,0,0
980969,1,106,7,27.285714285714285,1,1
980969,2,94,4,48.75,2,0
980971,1,58,6,30.166666666666668,1,0
980971,2,70,6,28.666666666666668,2,0
980973,1,85,4,44.25,2,0
980973,2,23,10,9.2,0,0
980975,1,134,5,31.6,1,1
980975,2,49,6,27.333333333333332,0,0
980977,1,88,6,29.166666666666668,2,0
980977,2,51,5,34.8,1,0
980979,1,46,8,17.125,0,0
980979,2,49,8,16.625,0,0
980981,1,53,5,30.2,1,0
980981,2,58,5,30.6,2,0
980983,1,67,9,16.22222222222222,1,0
980983,2,72,4,37.5,2,0
980985,1,42,10,12.4,0,0
980985,2,116,4,31.75,1,1
980987,1,229,3,82.66666666666667,1,1
980987,2,30,10,10.4,0,0
980989,1,41,7,14.714285714285714,0,0
980989,2,58,3,22.0,1,0
980991,1,65,5,35.8,2,0
980991,2,68,4,45.0,1,0
980993,1,98,5,41.2,1,0
980993,2,35,10,12.6,0,0
980995,1,76,6,30.5,2,0
980995,2,115,2,93.0,2,1
980997,1,28,7,17.285714285714285,0,0
980997,2,45,2,38.0,0,0
980999,1,147,4,52.75,1,1
980999,2,26,10,12.0,0,0
981001,1,41,9,13.777777777777779,0,0
981001,2,59,5,25.0,1,0
981003,1,46,7,22.571428571428573,0,0
981003,2,73,5,32.2,1,0
981005,1,60,8,21.5,2,0
981005,2,58,7,24.714285714285715,1,0
981007,1,75,8,21.5,1,0
981007,2,96,5,34.6,2,0
981009,1,87,7,24.428571428571427,1,0
981009,2,58,9,16.555555555555557,1,0
981011,1,31,8,17.25,0,0
981011,2,66,5,27.8,1,0
981013,1,85,10,15.8,1,0
981013,2,91,7,22.714285714285715,1,0
981015,1,59,9,18.0,1,0
981015,2,46,9,15.555555555555555,0,0
981017,1,51,8,20.25,1,0
981017,2,46,7,23.285714285714285,0,0
981019,1,63,8,26.0,1,0
981019,2,114,8,25.0,1,1
