season,batter,bat_balls,bat_runs,strike_rate,bat_score
2008,A Chopra,55,42,76.36363636363637,50.909090909090914
2008,A Mishra,42,37,88.09523809523809,58.73015873015872
2008,A Symonds,111,161,145.04504504504504,96.69669669669669
2008,AB Agarkar,49,54,110.20408163265304,73.46938775510203
2008,AB de Villiers,100,95,95.0,63.33333333333333
2008,AC Gilchrist,328,436,132.9268292682927,88.6178861788618
2008,AM Nayar,142,206,145.07042253521126,96.71361502347418
2008,AS Yadav,40,49,122.50000000000001,81.66666666666667
2008,B Akhil,32,46,143.75,95.83333333333334
2008,B Chipli,30,20,66.66666666666666,44.444444444444436
2008,BB McCullum,96,188,195.83333333333331,100.0
2008,CK Kapugedera,24,16,66.66666666666666,44.444444444444436
2008,CL White,105,114,108.57142857142857,72.38095238095238
2008,D Salunkhe,24,33,137.5,91.66666666666666
2008,DB Das,95,103,108.42105263157895,72.28070175438597
2008,DB Ravi Teja,85,109,128.23529411764707,85.49019607843138
2008,DJ Bravo,137,178,129.92700729927006,86.61800486618004
2008,DJ Hussey,267,319,119.47565543071161,79.65043695380774
2008,DJ Thornely,54,39,72.22222222222221,48.148148148148145
2008,DPMD Jayawardene,138,179,129.71014492753622,86.47342995169082
2008,DR Smith,41,45,109.75609756097562,73.17073170731709
2008,G Gambhir,394,534,135.53299492385787,90.35532994923858
2008,GC Smith,375,441,117.6,78.39999999999999
2008,HH Gibbs,159,167,105.0314465408805,70.020964360587
2008,IK Pathan,120,131,109.16666666666666,72.77777777777777
2008,J Arunkumar,24,23,95.83333333333334,63.88888888888889
2008,JA Morkel,168,241,143.45238095238096,95.63492063492063
2008,JH Kallis,188,199,105.85106382978724,70.56737588652481
2008,JR Hopes,152,221,145.39473684210526,96.9298245614035
2008,K Goel,79,76,96.20253164556962,64.13502109704642
2008,KC Sangakkara,207,320,154.58937198067633,100.0
2008,KD Karthik,108,145,134.25925925925927,89.50617283950618
2008,Kamran Akmal,78,128,164.1025641025641,100.0
2008,L Ronchi,34,34,100.0,66.66666666666666
2008,LA Pomersbach,101,152,150.4950495049505,100.0
2008,LPC Silva,27,40,148.14814814814815,98.76543209876544
2008,LR Shukla,127,163,128.3464566929134,85.56430446194227
2008,LRPL Taylor,85,149,175.2941176470588,100.0
2008,M Kaif,176,176,100.0,66.66666666666666
2008,M Kartik,28,30,107.14285714285714,71.42857142857143
2008,M Rawat,39,34,87.17948717948718,58.119658119658126
2008,MA Khote,22,24,109.09090909090908,72.72727272727272
2008,MEK Hussey,100,168,168.0,100.0
2008,MF Maharoof,79,125,158.22784810126583,100.0
2008,MK Tiwary,87,104,119.54022988505749,79.69348659003832
2008,ML Hayden,135,189,140.0,93.33333333333333
2008,MS Dhoni,319,414,129.7805642633229,86.52037617554859
2008,MS Gony,25,35,140.0,93.33333333333333
2008,MV Boucher,181,225,124.30939226519338,82.8729281767956
2008,Misbah-ul-Haq,82,117,142.6829268292683,95.1219512195122
2008,Mohammad Hafeez,84,64,76.19047619047619,50.79365079365079
2008,NK Patel,83,103,124.09638554216869,82.73092369477912
2008,P Kumar,100,112,112.00000000000001,74.66666666666669
2008,PA Patel,315,302,95.87301587301587,63.91534391534391
2008,PP Chawla,61,90,147.54098360655738,98.36065573770492
2008,PR Shah,38,34,89.47368421052632,59.64912280701754
2008,R Bhatia,28,34,121.42857142857142,80.95238095238095
2008,R Dravid,299,371,124.08026755852843,82.7201783723523
2008,R Vinay Kumar,28,25,89.28571428571429,59.523809523809526
2008,RA Jadeja,108,135,125.0,83.33333333333334
2008,RG Sharma,276,404,146.3768115942029,97.58454106280193
2008,RP Singh,25,27,108.0,72.0
2008,RR Powar,21,28,133.33333333333331,88.88888888888887
2008,RR Sarwan,78,73,93.58974358974359,62.39316239316239
2008,RT Ponting,53,39,73.58490566037736,49.056603773584904
2008,RV Uthappa,291,320,109.96563573883162,73.31042382588775
2008,S Badrinath,138,192,139.1304347826087,92.75362318840578
2008,S Chanderpaul,33,25,75.75757575757575,50.5050505050505
2008,S Dhawan,308,340,110.3896103896104,73.5930735930736
2008,S Vidyut,115,145,126.08695652173914,84.05797101449276
2008,SA Asnodkar,241,311,129.04564315352698,86.03042876901799
2008,SB Bangar,49,47,95.91836734693877,63.94557823129251
2008,SB Styris,124,112,90.32258064516128,60.21505376344085
2008,SC Ganguly,324,349,107.71604938271604,71.81069958847736
2008,SE Marsh,452,616,136.28318584070794,90.85545722713863
2008,SK Raina,304,421,138.48684210526315,92.32456140350877
2008,SK Warne,60,70,116.66666666666667,77.77777777777779
2008,SM Katich,72,96,133.33333333333331,88.88888888888887
2008,SM Pollock,116,147,126.72413793103448,84.48275862068965
2008,SP Fleming,171,196,114.61988304093566,76.41325536062378
2008,SP Goswami,86,82,95.34883720930233,63.565891472868216
2008,SR Tendulkar,189,188,99.47089947089947,66.31393298059965
2008,SR Watson,322,472,146.58385093167703,97.72256728778468
2008,SS Tiwary,20,26,130.0,86.66666666666667
2008,ST Jayasuriya,333,514,154.35435435435437,100.0
2008,Salman Butt,172,193,112.20930232558139,74.8062015503876
2008,Shahid Afridi,46,81,176.08695652173913,100.0
2008,Shoaib Malik,49,52,106.12244897959184,70.74829931972789
2008,Sohail Tanvir,31,36,116.12903225806453,77.41935483870968
2008,T Taibu,26,31,119.23076923076923,79.48717948717949
2008,TM Dilshan,79,104,131.64556962025316,87.76371308016877
2008,V Kohli,168,165,98.21428571428571,65.47619047619048
2008,V Sehwag,229,406,177.29257641921396,100.0
2008,VVS Laxman,134,155,115.67164179104476,77.11442786069651
2008,VY Mahesh,28,15,53.57142857142857,35.714285714285715
2008,W Jaffer,110,115,104.54545454545455,69.6969696969697
2008,WA Mota,28,26,92.85714285714286,61.904761904761905
2008,WP Saha,119,159,133.61344537815125,89.07563025210084
2008,Y Venugopal Rao,217,288,132.7188940092166,88.47926267281106
2008,YK Pathan,253,435,171.93675889328063,100.0
2008,YV Takawale,69,70,101.44927536231884,67.6328502415459
2008,Yuvraj Singh,191,299,156.54450261780104,100.0
2008,Z Khan,43,34,79.06976744186046,52.71317829457364
2009,A Chopra,20,11,55.00000000000001,36.66666666666667
2009,A Flintoff,57,62,108.77192982456141,72.51461988304094
2009,A Kumble,20,16,80.0,53.333333333333336
2009,A Mishra,20,26,130.0,86.66666666666667
2009,A Symonds,171,249,145.61403508771932,97.07602339181288
2009,AA Bilakhia,84,67,79.76190476190477,53.174603174603185
2009,AB Agarkar,58,66,113.79310344827587,75.86206896551725
2009,AB de Villiers,359,465,129.52646239554318,86.35097493036213
2009,AC Gilchrist,337,495,146.88427299703264,97.92284866468842
2009,AD Mascarenhas,39,39,100.0,66.66666666666666
2009,AM Nayar,155,193,124.51612903225806,83.01075268817203
2009,AM Rahane,128,144,112.5,75.0
2009,AS Raut,65,78,120.0,80.0
2009,B Lee,35,28,80.0,53.333333333333336
2009,BB McCullum,247,285,115.38461538461537,76.92307692307692
2009,BJ Hodge,317,365,115.14195583596214,76.76130389064141
2009,CH Gayle,153,171,111.76470588235294,74.50980392156863
2009,DA Warner,137,163,118.97810218978103,79.31873479318735
2009,DB Ravi Teja,71,65,91.54929577464789,61.03286384976526
2009,DJ Bravo,211,218,103.3175355450237,68.8783570300158
2009,DJ Hussey,61,98,160.65573770491804,100.0
2009,DL Vettori,32,34,106.25,70.83333333333334
2009,DPMD Jayawardene,172,219,127.32558139534885,84.88372093023257
2009,DR Smith,134,215,160.44776119402985,100.0
2009,G Gambhir,283,286,101.0600706713781,67.37338044758539
2009,GC Smith,222,212,95.4954954954955,63.66366366366367
2009,GJ Bailey,40,45,112.5,75.0
2009,HH Gibbs,344,371,107.84883720930232,71.89922480620154
2009,Harbhajan Singh,57,84,147.36842105263156,98.2456140350877
2009,IK Pathan,164,196,119.51219512195121,79.67479674796746
2009,J Botha,42,47,111.90476190476191,74.60317460317461
2009,JA Morkel,73,97,132.87671232876713,88.58447488584476
2009,JD Ryder,49,56,114.28571428571428,76.19047619047619
2009,JDP Oram,94,88,93.61702127659575,62.4113475177305
2009,JH Kallis,349,361,103.43839541547277,68.95893027698185
2009,JP Duminy,334,372,111.37724550898203,74.25149700598801
2009,K Goel,140,124,88.57142857142857,59.04761904761905
2009,KC Sangakkara,332,332,100.0,66.66666666666666
2009,KD Karthik,224,288,128.57142857142858,85.71428571428572
2009,KP Pietersen,89,93,104.49438202247192,69.66292134831463
2009,LA Carseldine,71,81,114.08450704225352,76.05633802816901
2009,LA Pomersbach,49,41,83.6734693877551,55.782312925170075
2009,LR Shukla,86,83,96.51162790697676,64.34108527131784
2009,LRPL Taylor,211,280,132.70142180094786,88.46761453396523
2009,M Kartik,20,21,105.0,70.0
2009,M Manhas,65,75,115.38461538461537,76.92307692307692
2009,M Rawat,20,16,80.0,53.333333333333336
2009,M Vijay,69,60,86.95652173913044,57.971014492753625
2009,MC Henriques,40,38,95.0,63.33333333333333
2009,MF Maharoof,21,21,100.0,66.66666666666666
2009,MK Pandey,120,168,140.0,93.33333333333333
2009,ML Hayden,409,572,139.85330073349633,93.23553382233088
2009,MM Patel,26,33,126.92307692307692,84.61538461538461
2009,MN van Wyk,135,167,123.7037037037037,82.46913580246913
2009,MS Dhoni,270,332,122.96296296296296,81.9753086419753
2009,MV Boucher,121,150,123.96694214876034,82.64462809917356
2009,NK Patel,41,18,43.90243902439025,29.268292682926834
2009,NV Ojha,145,168,115.86206896551725,77.24137931034484
2009,P Kumar,46,65,141.30434782608697,94.20289855072464
2009,PA Patel,131,142,108.3969465648855,72.264631043257
2009,PP Chawla,39,31,79.48717948717949,52.991452991452995
2009,PR Shah,54,53,98.14814814814815,65.4320987654321
2009,R Dravid,239,271,113.38912133891212,75.59274755927474
2009,R Vinay Kumar,44,47,106.81818181818181,71.2121212121212
2009,RA Jadeja,276,295,106.8840579710145,71.256038647343
2009,RE van der Merwe,101,122,120.79207920792079,80.52805280528052
2009,RG Sharma,323,362,112.07430340557276,74.71620227038184
2009,RJ Quiney,105,103,98.09523809523809,65.39682539682539
2009,RR Powar,22,23,104.54545454545455,69.6969696969697
2009,RS Bopara,124,138,111.29032258064515,74.19354838709677
2009,RV Uthappa,177,175,98.87005649717514,65.91337099811676
2009,S Badrinath,166,177,106.62650602409639,71.08433734939759
2009,S Dhawan,46,40,86.95652173913044,57.971014492753625
2009,S Sohal,102,115,112.74509803921569,75.16339869281046
2009,SA Asnodkar,98,98,100.0,66.66666666666666
2009,SC Ganguly,213,189,88.73239436619718,59.154929577464785
2009,SK Raina,318,434,136.47798742138363,90.98532494758909
2009,SK Warne,118,108,91.52542372881356,61.016949152542374
2009,SM Katich,119,145,121.84873949579831,81.23249299719888
2009,SP Goswami,64,53,82.8125,55.208333333333336
2009,SR Tendulkar,315,364,115.55555555555554,77.03703703703702
2009,ST Jayasuriya,205,221,107.8048780487805,71.869918699187
2009,TL Suman,193,237,122.79792746113989,81.86528497409327
2009,TM Dilshan,357,418,117.08683473389357,78.05788982259571
2009,V Kohli,225,246,109.33333333333333,72.88888888888889
2009,V Sehwag,146,198,135.6164383561644,90.41095890410959
2009,VVS Laxman,33,19,57.57575757575758,38.38383838383839
2009,WA Mota,48,30,62.5,41.66666666666667
2009,WP Saha,41,72,175.609756097561,100.0
2009,WPUJC Vaas,21,30,142.85714285714286,95.23809523809524
2009,Y Nagar,22,20,90.9090909090909,60.60606060606061
2009,Y Venugopal Rao,118,124,105.08474576271188,70.05649717514125
2009,YK Pathan,188,243,129.25531914893617,86.17021276595744
2009,YV Takawale,22,18,81.81818181818183,54.545454545454554
2009,Yashpal Singh,67,47,70.1492537313433,46.76616915422886
2009,Yuvraj Singh,317,340,107.25552050473186,71.5036803364879
2010,A Mishra,54,39,72.22222222222221,48.148148148148145
2010,A Nehra,20,23,114.99999999999999,76.66666666666666
2010,A Symonds,356,429,120.50561797752808,80.33707865168537
2010,AA Jhunjhunwala,172,183,106.3953488372093,70.93023255813952
2010,AB Agarkar,30,40,133.33333333333331,88.88888888888887
2010,AB Barath,43,42,97.67441860465115,65.11627906976743
2010,AB McDonald,54,65,120.37037037037037,80.24691358024691
2010,AB de Villiers,123,111,90.2439024390244,60.16260162601627
2010,AC Gilchrist,200,289,144.5,96.33333333333334
2010,AC Voges,143,181,126.57342657342659,84.38228438228438
2010,AD Mathews,197,233,118.27411167512692,78.84940778341794
2010,AJ Finch,21,21,100.0,66.66666666666666
2010,AM Nayar,51,58,113.72549019607843,75.81699346405229
2010,AP Dole,23,34,147.82608695652172,98.55072463768114
2010,AP Tare,41,50,121.95121951219512,81.30081300813008
2010,AS Raut,48,56,116.66666666666667,77.77777777777779
2010,AT Rayudu,258,356,137.984496124031,91.98966408268734
2010,Anirudh Singh,69,63,91.30434782608695,60.8695652173913
2010,B Sumanth,38,35,92.10526315789474,61.40350877192983
2010,BB McCullum,117,114,97.43589743589743,64.95726495726495
2010,BJ Hodge,95,99,104.21052631578947,69.47368421052632
2010,C Madan,21,15,71.42857142857143,47.61904761904762
2010,CA Pujara,119,122,102.52100840336134,68.34733893557421
2010,CH Gayle,197,292,148.2233502538071,98.8155668358714
2010,CL White,33,48,145.45454545454547,96.96969696969698
2010,DA Warner,195,282,144.6153846153846,96.41025641025641
2010,DJ Bravo,53,61,115.09433962264151,76.72955974842768
2010,DJ Hussey,89,94,105.61797752808988,70.41198501872658
2010,DL Vettori,28,33,117.85714285714286,78.57142857142857
2010,DPMD Jayawardene,310,439,141.61290322580643,94.40860215053762
2010,DR Martyn,26,19,73.07692307692307,48.71794871794871
2010,DR Smith,25,22,88.0,58.666666666666664
2010,EJG Morgan,31,35,112.90322580645163,75.26881720430109
2010,FY Fazal,160,164,102.49999999999999,68.33333333333333
2010,G Gambhir,223,277,124.2152466367713,82.8101644245142
2010,GC Smith,40,44,110.00000000000001,73.33333333333334
2010,GJ Bailey,27,18,66.66666666666666,44.444444444444436
2010,HH Gibbs,243,267,109.87654320987654,73.25102880658436
2010,Harbhajan Singh,64,105,164.0625,100.0
2010,IK Pathan,188,276,146.80851063829786,97.87234042553192
2010,JA Morkel,134,198,147.76119402985074,98.50746268656717
2010,JH Kallis,517,572,110.63829787234043,73.75886524822695
2010,JM Kemp,25,26,104.0,69.33333333333334
2010,JP Duminy,134,157,117.16417910447761,78.1094527363184
2010,K Goel,20,18,90.0,60.0
2010,KA Pollard,152,273,179.60526315789474,100.0
2010,KC Sangakkara,260,357,137.30769230769232,91.53846153846155
2010,KD Karthik,242,278,114.87603305785123,76.5840220385675
2010,KM Jadhav,60,76,126.66666666666666,84.44444444444443
2010,KP Pietersen,159,236,148.42767295597483,98.95178197064989
2010,L Balaji,20,18,90.0,60.0
2010,LR Shukla,27,36,133.33333333333331,88.88888888888887
2010,LRPL Taylor,77,88,114.28571428571428,76.19047619047619
2010,M Kaif,31,28,90.32258064516128,60.21505376344085
2010,M Kartik,22,22,100.0,66.66666666666666
2010,M Manhas,151,157,103.97350993377484,69.31567328918322
2010,M Vijay,305,458,150.1639344262295,100.0
2010,MD Mishra,149,166,111.40939597315436,74.27293064876957
2010,MEK Hussey,44,37,84.0909090909091,56.06060606060607
2010,MF Maharoof,24,31,129.16666666666669,86.11111111111113
2010,MJ Lumb,196,278,141.83673469387753,94.55782312925169
2010,MK Pandey,233,249,106.86695278969958,71.24463519313305
2010,MK Tiwary,192,237,123.4375,82.29166666666666
2010,ML Hayden,294,346,117.68707482993197,78.45804988662131
2010,MR Marsh,31,28,90.32258064516128,60.21505376344085
2010,MS Bisla,189,218,115.34391534391534,76.89594356261023
2010,MS Dhoni,215,287,133.48837209302326,88.9922480620155
2010,NV Ojha,294,377,128.2312925170068,85.4875283446712
2010,OA Shah,96,115,119.79166666666667,79.86111111111111
2010,P Dogra,108,107,99.07407407407408,66.0493827160494
2010,PA Patel,83,72,86.74698795180723,57.831325301204814
2010,PD Collingwood,159,203,127.67295597484276,85.1153039832285
2010,PP Chawla,63,62,98.4126984126984,65.60846560846561
2010,R Ashwin,40,30,75.0,50.0
2010,R Dravid,203,256,126.10837438423646,84.07224958949097
2010,R McLaren,71,66,92.95774647887323,61.97183098591549
2010,R Sathish,98,112,114.28571428571428,76.19047619047619
2010,R Sharma,26,29,111.53846153846155,74.35897435897436
2010,R Vinay Kumar,35,27,77.14285714285715,51.42857142857144
2010,RG Sharma,310,404,130.32258064516128,86.88172043010752
2010,RJ Harris,39,45,115.38461538461537,76.92307692307692
2010,RP Singh,20,9,45.0,30.0
2010,RS Bopara,223,248,111.21076233183858,74.14050822122572
2010,RV Uthappa,224,374,166.96428571428572,100.0
2010,S Badrinath,310,356,114.83870967741936,76.55913978494624
2010,S Dhawan,180,191,106.11111111111111,70.74074074074073
2010,S Sreesanth,22,27,122.72727272727273,81.81818181818183
2010,S Sriram,31,27,87.09677419354838,58.06451612903225
2010,SC Ganguly,440,493,112.04545454545453,74.69696969696969
2010,SE Marsh,117,147,125.64102564102564,83.76068376068375
2010,SK Raina,384,520,135.41666666666669,90.27777777777779
2010,SK Warne,21,10,47.61904761904761,31.746031746031743
2010,SR Tendulkar,489,618,126.38036809815951,84.25357873210633
2010,SR Watson,117,185,158.1196581196581,100.0
2010,SS Tiwary,319,419,131.34796238244516,87.56530825496344
2010,ST Jayasuriya,35,33,94.28571428571428,62.857142857142854
2010,TL Suman,264,307,116.28787878787878,77.52525252525253
2010,TM Dilshan,55,44,80.0,53.333333333333336
2010,V Kohli,216,307,142.12962962962962,94.75308641975307
2010,V Sehwag,227,356,156.8281938325991,100.0
2010,VVS Laxman,62,64,103.2258064516129,68.81720430107526
2010,WP Saha,53,67,126.41509433962264,84.27672955974843
2010,WPUJC Vaas,34,30,88.23529411764706,58.82352941176471
2010,Y Venugopal Rao,44,34,77.27272727272727,51.515151515151516
2010,YK Pathan,210,333,158.57142857142856,100.0
2010,Yuvraj Singh,204,255,125.0,83.33333333333334
2011,A Mishra,52,68,130.76923076923077,87.17948717948718
2011,A Mithun,20,27,135.0,90.0
2011,A Symonds,143,135,94.4055944055944,62.93706293706294
2011,AB de Villiers,248,312,125.80645161290323,83.87096774193549
2011,AC Blizzard,88,120,136.36363636363635,90.90909090909089
2011,AC Gilchrist,309,383,123.94822006472492,82.63214670981661
2011,AG Paunikar,60,49,81.66666666666667,54.44444444444445
2011,AJ Finch,51,47,92.15686274509804,61.43790849673203
2011,AL Menaria,158,180,113.9240506329114,75.9493670886076
2011,AM Nayar,67,61,91.04477611940298,60.69651741293532
2011,AM Rahane,99,120,121.21212121212122,80.8080808080808
2011,AS Raut,59,60,101.69491525423729,67.79661016949152
2011,AT Rayudu,355,395,111.26760563380283,74.17840375586854
2011,B Chipli,172,207,120.34883720930232,80.23255813953489
2011,BB McCullum,292,357,122.26027397260273,81.50684931506848
2011,BJ Hodge,245,285,116.3265306122449,77.55102040816327
2011,CA Ingram,26,21,80.76923076923077,53.84615384615385
2011,CA Pujara,32,34,106.25,70.83333333333334
2011,CH Gayle,342,608,177.77777777777777,100.0
2011,CJ Ferguson,56,48,85.71428571428571,57.14285714285714
2011,CL White,109,104,95.41284403669725,63.608562691131496
2011,DA Warner,281,324,115.30249110320285,76.86832740213524
2011,DB Ravi Teja,147,183,124.48979591836735,82.99319727891157
2011,DH Yagnik,23,16,69.56521739130434,46.37681159420289
2011,DJ Hussey,65,64,98.46153846153847,65.64102564102564
2011,DJ Jacobs,91,92,101.0989010989011,67.39926739926739
2011,DL Vettori,30,23,76.66666666666667,51.11111111111112
2011,DPMD Jayawardene,272,299,109.9264705882353,73.28431372549021
2011,DT Christian,161,190,118.01242236024845,78.67494824016563
2011,DW Steyn,37,36,97.2972972972973,64.86486486486487
2011,EJG Morgan,123,137,111.3821138211382,74.25474254742547
2011,G Gambhir,332,378,113.85542168674698,75.90361445783131
2011,GC Smith,54,42,77.77777777777779,51.85185185185186
2011,Harbhajan Singh,74,103,139.1891891891892,92.7927927927928
2011,Harpreet Singh,20,14,70.0,46.666666666666664
2011,IK Pathan,146,150,102.73972602739727,68.49315068493152
2011,IR Jaggi,38,28,73.68421052631578,49.12280701754385
2011,J Botha,200,230,114.99999999999999,76.66666666666666
2011,JA Morkel,108,138,127.77777777777777,85.18518518518519
2011,JD Ryder,201,292,145.273631840796,96.84908789386401
2011,JEC Franklin,80,107,133.75,89.16666666666667
2011,JH Kallis,386,424,109.84455958549222,73.22970639032815
2011,JP Duminy,176,205,116.47727272727273,77.65151515151516
2011,JR Hopes,162,196,120.98765432098766,80.65843621399176
2011,KA Pollard,141,146,103.54609929078013,69.03073286052009
2011,KC Sangakkara,298,358,120.13422818791946,80.08948545861297
2011,KD Karthik,225,282,125.33333333333334,83.55555555555556
2011,KM Jadhav,23,18,78.26086956521739,52.17391304347826
2011,LA Pomersbach,41,51,124.39024390243902,82.92682926829268
2011,LRPL Taylor,158,181,114.55696202531647,76.37130801687765
2011,M Kaif,35,41,117.14285714285715,78.0952380952381
2011,M Klinger,78,73,93.58974358974359,62.39316239316239
2011,M Manhas,128,114,89.0625,59.375
2011,M Morkel,25,40,160.0,100.0
2011,M Vijay,349,434,124.35530085959886,82.90353390639925
2011,MA Agarwal,129,141,109.30232558139534,72.86821705426357
2011,MD Mishra,60,67,111.66666666666667,74.44444444444444
2011,MEK Hussey,423,492,116.31205673758865,77.54137115839244
2011,MK Pandey,233,246,105.5793991416309,70.3862660944206
2011,MK Tiwary,336,359,106.84523809523809,71.23015873015872
2011,MR Marsh,50,50,100.0,66.66666666666666
2011,MS Bisla,90,72,80.0,53.333333333333336
2011,MS Dhoni,247,392,158.70445344129556,100.0
2011,MS Wade,33,22,66.66666666666666,44.444444444444436
2011,Mandeep Singh,42,47,111.90476190476191,74.60317460317461
2011,NL McCullum,23,26,113.04347826086956,75.36231884057972
2011,NLTC Perera,29,23,79.3103448275862,52.87356321839081
2011,NV Ojha,169,160,94.67455621301775,63.116370808678504
2011,P Kumar,33,27,81.81818181818183,54.545454545454554
2011,PA Patel,189,202,106.87830687830689,71.25220458553792
2011,PC Valthaty,351,463,131.90883190883193,87.93922127255462
2011,PP Chawla,55,48,87.27272727272727,58.18181818181818
2011,R Bhatia,23,25,108.69565217391303,72.46376811594202
2011,R Dravid,320,343,107.18749999999999,71.45833333333333
2011,R McLaren,101,90,89.10891089108911,59.4059405940594
2011,R Sathish,35,25,71.42857142857143,47.61904761904762
2011,R Sharma,23,24,104.34782608695652,69.56521739130434
2011,R Vinay Kumar,48,50,104.16666666666667,69.44444444444446
2011,RA Jadeja,234,283,120.94017094017093,80.62678062678063
2011,RG Sharma,304,372,122.36842105263158,81.57894736842105
2011,RJ Harris,39,31,79.48717948717949,52.991452991452995
2011,RN ten Doeschate,76,107,140.78947368421052,93.85964912280701
2011,RV Gomez,52,46,88.46153846153845,58.974358974358964
2011,RV Uthappa,215,264,122.79069767441861,81.86046511627907
2011,S Anirudha,78,83,106.41025641025641,70.94017094017094
2011,S Badrinath,320,396,123.75,82.5
2011,S Dhawan,315,400,126.98412698412697,84.65608465608466
2011,S Sohal,201,249,123.88059701492537,82.58706467661692
2011,SC Ganguly,61,50,81.9672131147541,54.644808743169406
2011,SE Marsh,349,504,144.41260744985672,96.27507163323781
2011,SK Raina,335,438,130.7462686567164,87.1641791044776
2011,SK Warne,20,10,50.0,33.33333333333333
2011,SP Goswami,31,29,93.54838709677419,62.365591397849464
2011,SR Tendulkar,511,553,108.21917808219179,72.14611872146119
2011,SR Watson,256,330,128.90625,85.9375
2011,SS Tiwary,196,187,95.40816326530613,63.60544217687075
2011,STR Binny,31,37,119.35483870967742,79.56989247311829
2011,Shakib Al Hasan,23,29,126.08695652173914,84.05797101449276
2011,Sunny Singh,31,43,138.70967741935485,92.4731182795699
2011,TD Paine,29,10,34.48275862068966,22.98850574712644
2011,TL Suman,53,65,122.64150943396226,81.76100628930817
2011,TM Dilshan,185,226,122.16216216216216,81.44144144144144
2011,TR Birt,59,75,127.11864406779661,84.7457627118644
2011,V Kohli,473,557,117.75898520084567,78.50599013389711
2011,V Sehwag,247,424,171.65991902834008,100.0
2011,VVS Laxman,42,44,104.76190476190477,69.84126984126985
2011,WD Parnell,42,37,88.09523809523809,58.73015873015872
2011,WP Saha,67,68,101.49253731343283,67.66169154228857
2011,Y Nagar,108,111,102.77777777777777,68.5185185185185
2011,Y Venugopal Rao,292,336,115.06849315068493,76.71232876712328
2011,YK Pathan,205,283,138.04878048780486,92.03252032520324
2011,Yuvraj Singh,269,343,127.5092936802974,85.00619578686494
2011,Z Khan,24,21,87.5,58.333333333333336
2012,A Ashish Reddy,30,35,116.66666666666667,77.77777777777779
2012,A Mishra,21,16,76.19047619047619,50.79365079365079
2012,AA Jhunjhunwala,27,24,88.88888888888889,59.25925925925925
2012,AB McDonald,36,47,130.55555555555557,87.03703703703705
2012,AB de Villiers,203,319,157.14285714285714,100.0
2012,AC Gilchrist,147,172,117.00680272108843,78.00453514739229
2012,AD Mathews,110,127,115.45454545454545,76.96969696969697
2012,AD Russell,27,47,174.07407407407408,100.0
2012,AJ Finch,52,55,105.76923076923077,70.51282051282051
2012,AL Menaria,207,220,106.28019323671498,70.85346215780999
2012,AM Nayar,49,45,91.83673469387756,61.224489795918366
2012,AM Rahane,448,560,125.0,83.33333333333334
2012,AP Majumdar,77,87,112.98701298701299,75.32467532467533
2012,AT Rayudu,261,333,127.58620689655173,85.05747126436782
2012,Azhar Mahmood,145,186,128.2758620689655,85.51724137931032
2012,B Chipli,35,37,105.71428571428572,70.47619047619048
2012,B Kumar,41,40,97.5609756097561,65.04065040650406
2012,B Lee,21,42,200.0,100.0
2012,BB McCullum,287,289,100.69686411149826,67.13124274099884
2012,BJ Hodge,180,245,136.11111111111111,90.74074074074075
2012,Bipul Sharma,47,72,153.19148936170214,100.0
2012,CA Pujara,23,17,73.91304347826086,49.27536231884057
2012,CH Gayle,472,733,155.29661016949152,100.0
2012,CJ Ferguson,63,50,79.36507936507937,52.910052910052904
2012,CL White,327,479,146.48318042813455,97.65545361875635
2012,DA Miller,76,98,128.94736842105263,85.96491228070175
2012,DA Warner,161,256,159.0062111801242,100.0
2012,DB Das,96,126,131.25,87.5
2012,DJ Bravo,271,371,136.90036900369006,91.26691266912671
2012,DJ Harris,103,111,107.76699029126213,71.84466019417476
2012,DJ Hussey,313,396,126.51757188498402,84.34504792332268
2012,DL Vettori,28,31,110.71428571428572,73.80952380952381
2012,DPMD Jayawardene,306,335,109.47712418300655,72.9847494553377
2012,DR Smith,102,157,153.921568627451,100.0
2012,DT Christian,122,145,118.85245901639345,79.23497267759564
2012,DW Steyn,21,19,90.47619047619048,60.31746031746032
2012,F du Plessis,310,398,128.38709677419357,85.59139784946238
2012,G Gambhir,429,590,137.52913752913753,91.68609168609169
2012,Gurkeerat Singh,54,86,159.25925925925927,100.0
2012,HH Gibbs,91,81,89.01098901098901,59.34065934065934
2012,Harbhajan Singh,82,108,131.70731707317074,87.8048780487805
2012,IK Pathan,133,176,132.33082706766916,88.22055137844612
2012,IR Jaggi,22,15,68.18181818181817,45.454545454545446
2012,J Botha,55,58,105.45454545454544,70.30303030303028
2012,JA Morkel,71,107,150.70422535211267,100.0
2012,JD Ryder,216,256,118.5185185185185,79.01234567901234
2012,JEC Franklin,229,220,96.06986899563319,64.04657933042213
2012,JH Kallis,393,409,104.07124681933841,69.38083121289228
2012,JP Duminy,195,244,125.12820512820512,83.4188034188034
2012,KA Pollard,163,220,134.96932515337423,89.97955010224949
2012,KC Sangakkara,190,200,105.26315789473684,70.17543859649122
2012,KD Karthik,217,238,109.6774193548387,73.11827956989248
2012,KK Cooper,20,38,190.0,100.0
2012,KP Pietersen,210,305,145.23809523809524,96.82539682539682
2012,LR Shukla,57,75,131.57894736842107,87.71929824561404
2012,LRPL Taylor,177,197,111.2994350282486,74.19962335216573
2012,M Kartik,21,26,123.80952380952381,82.53968253968253
2012,M Manhas,99,120,121.21212121212122,80.8080808080808
2012,M Vijay,273,336,123.07692307692308,82.05128205128204
2012,MA Agarwal,164,225,137.19512195121953,91.46341463414636
2012,MEK Hussey,241,261,108.29875518672199,72.19917012448133
2012,MJ Clarke,96,98,102.08333333333333,68.05555555555554
2012,MK Pandey,115,143,124.34782608695652,82.89855072463767
2012,MK Tiwary,251,260,103.58565737051792,69.05710491367861
2012,MN Samuels,124,124,100.0,66.66666666666666
2012,MS Bisla,171,213,124.56140350877195,83.04093567251462
2012,MS Dhoni,283,358,126.50176678445231,84.33451118963488
2012,Mandeep Singh,349,432,123.78223495702005,82.52148997134671
2012,N Saini,143,140,97.9020979020979,65.26806526806527
2012,NV Ojha,230,255,110.86956521739131,73.91304347826087
2012,OA Shah,269,340,126.39405204460968,84.26270136307312
2012,P Dogra,25,15,60.0,40.0
2012,P Kumar,32,35,109.375,72.91666666666666
2012,P Negi,30,36,120.0,80.0
2012,PA Patel,166,194,116.86746987951808,77.91164658634538
2012,PA Reddy,63,73,115.87301587301589,77.24867724867725
2012,PC Valthaty,52,30,57.692307692307686,38.46153846153846
2012,PP Chawla,88,106,120.45454545454545,80.3030303030303
2012,R Bhatia,30,35,116.66666666666667,77.77777777777779
2012,R Dravid,424,462,108.96226415094338,72.64150943396226
2012,R Vinay Kumar,65,68,104.61538461538463,69.74358974358975
2012,RA Jadeja,153,191,124.83660130718954,83.2244008714597
2012,RE Levi,74,83,112.16216216216218,74.77477477477478
2012,RG Sharma,350,433,123.71428571428571,82.47619047619047
2012,RJ Peterson,32,32,100.0,66.66666666666666
2012,RN ten Doeschate,21,21,100.0,66.66666666666666
2012,RV Uthappa,357,405,113.4453781512605,75.63025210084034
2012,S Badrinath,188,196,104.25531914893618,69.50354609929079
2012,S Dhawan,448,569,127.00892857142858,84.67261904761905
2012,SC Ganguly,288,268,93.05555555555556,62.03703703703704
2012,SD Chitnis,64,66,103.125,68.75
2012,SE Marsh,288,336,116.66666666666667,77.77777777777779
2012,SK Raina,335,441,131.6417910447761,87.76119402985074
2012,SL Malinga,55,55,100.0,66.66666666666666
2012,SP Goswami,69,69,100.0,66.66666666666666
2012,SPD Smith,272,362,133.08823529411765,88.72549019607844
2012,SR Tendulkar,297,324,109.09090909090908,72.72727272727272
2012,SR Watson,171,255,149.12280701754386,99.41520467836258
2012,SS Tiwary,173,191,110.40462427745665,73.60308285163777
2012,STR Binny,70,90,128.57142857142858,85.71428571428572
2012,Shakib Al Hasan,77,91,118.18181818181819,78.7878787878788
2012,TM Dilshan,274,285,104.01459854014598,69.34306569343065
2012,UBT Chand,35,36,102.85714285714285,68.57142857142856
2012,V Kohli,333,364,109.30930930930931,72.87287287287288
2012,V Sehwag,317,495,156.15141955835963,100.0
2012,WD Parnell,29,19,65.51724137931035,43.67816091954023
2012,Y Nagar,134,153,114.17910447761194,76.11940298507463
2012,Y Venugopal Rao,129,132,102.32558139534885,68.2170542635659
2012,YK Pathan,179,194,108.37988826815644,72.25325884543761
2013,A Ashish Reddy,90,125,138.88888888888889,92.5925925925926
2013,A Mishra,103,89,86.40776699029125,57.6051779935275
2013,A Mukund,22,19,86.36363636363636,57.57575757575757
2013,AB de Villiers,222,360,162.16216216216216,100.0
2013,AC Gilchrist,234,294,125.64102564102564,83.76068376068375
2013,AD Mathews,141,172,121.98581560283688,81.32387706855792
2013,AJ Finch,344,456,132.5581395348837,88.3720930232558
2013,AM Nayar,74,66,89.1891891891892,59.45945945945946
2013,AM Rahane,472,488,103.38983050847457,68.92655367231639
2013,AP Tare,84,123,146.42857142857142,97.61904761904762
2013,AT Rayudu,235,265,112.7659574468085,75.177304964539
2013,Azhar Mahmood,158,196,124.0506329113924,82.70042194092827
2013,B Kumar,72,52,72.22222222222221,48.148148148148145
2013,BB Samantray,114,123,107.89473684210526,71.9298245614035
2013,BJ Hodge,224,293,130.80357142857142,87.20238095238095
2013,BJ Rohrer,145,193,133.10344827586206,88.73563218390804
2013,BMAJ Mendis,27,23,85.18518518518519,56.790123456790134
2013,CA Pujara,100,92,92.0,61.33333333333333
2013,CH Gayle,478,708,148.11715481171547,98.74476987447697
2013,CL White,195,209,107.17948717948718,71.45299145299145
2013,CM Gautam,37,44,118.91891891891892,79.27927927927928
2013,DA Miller,257,418,162.64591439688715,100.0
2013,DA Warner,332,410,123.49397590361446,82.32931726907631
2013,DB Das,76,75,98.68421052631578,65.78947368421052
2013,DH Yagnik,99,125,126.26262626262626,84.17508417508417
2013,DJ Bravo,112,121,108.03571428571428,72.02380952380952
2013,DJ Hussey,210,235,111.90476190476191,74.60317460317461
2013,DJG Sammy,136,174,127.94117647058823,85.29411764705883
2013,DPMD Jayawardene,322,331,102.79503105590062,68.53002070393374
2013,DR Smith,351,418,119.0883190883191,79.39221272554606
2013,DW Steyn,37,53,143.24324324324326,95.4954954954955
2013,EJG Morgan,250,307,122.8,81.86666666666666
2013,G Gambhir,354,406,114.68926553672316,76.45951035781545
2013,GH Vihari,287,241,83.97212543554006,55.98141695702671
2013,GJ Maxwell,27,36,133.33333333333331,88.88888888888887
2013,Gurkeerat Singh,98,108,110.20408163265304,73.46938775510203
2013,Harbhajan Singh,82,116,141.46341463414635,94.3089430894309
2013,IK Pathan,155,142,91.61290322580645,61.0752688172043
2013,J Botha,52,43,82.6923076923077,55.12820512820513
2013,JA Morkel,37,46,124.32432432432432,82.88288288288288
2013,JH Kallis,327,311,95.10703363914374,63.40468909276249
2013,JP Faulkner,57,57,100.0,66.66666666666666
2013,KA Pollard,290,420,144.82758620689654,96.55172413793103
2013,KB Arun Karthik,40,41,102.49999999999999,68.33333333333333
2013,KC Sangakkara,137,120,87.59124087591242,58.39416058394161
2013,KD Karthik,422,510,120.85308056872037,80.56872037914692
2013,KK Cooper,22,39,177.27272727272728,100.0
2013,KM Jadhav,127,152,119.68503937007875,79.79002624671917
2013,KV Sharma,89,85,95.50561797752809,63.670411985018724
2013,KW Richardson,36,34,94.44444444444444,62.96296296296296
2013,LA Pomersbach,60,58,96.66666666666667,64.44444444444444
2013,LJ Wright,63,106,168.25396825396825,100.0
2013,LRPL Taylor,77,63,81.81818181818183,54.545454545454554
2013,M Morkel,30,57,190.0,100.0
2013,M Vijay,293,312,106.48464163822527,70.98976109215019
2013,M Vohra,117,161,137.60683760683762,91.73789173789174
2013,MA Agarwal,64,67,104.6875,69.79166666666666
2013,MC Henriques,127,165,129.92125984251967,86.61417322834644
2013,MC Juneja,134,125,93.28358208955224,62.18905472636816
2013,MEK Hussey,580,733,126.37931034482759,84.25287356321839
2013,MG Johnson,37,39,105.40540540540539,70.27027027027026
2013,MK Pandey,139,136,97.84172661870504,65.22781774580336
2013,MK Tiwary,142,146,102.8169014084507,68.54460093896714
2013,MR Marsh,109,140,128.44036697247708,85.62691131498472
2013,MS Bisla,248,255,102.8225806451613,68.5483870967742
2013,MS Dhoni,298,461,154.6979865771812,100.0
2013,MS Gony,27,45,166.66666666666669,100.0
2013,Mandeep Singh,228,260,114.03508771929825,76.0233918128655
2013,NLTC Perera,171,233,136.25730994152048,90.83820662768032
2013,OA Shah,24,25,104.16666666666667,69.44444444444446
2013,P Kumar,41,47,114.6341463414634,76.42276422764228
2013,PA Patel,261,294,112.64367816091954,75.09578544061303
2013,PA Reddy,104,91,87.5,58.333333333333336
2013,PP Chawla,60,64,106.66666666666667,71.11111111111111
2013,R Ashwin,50,35,70.0,46.666666666666664
2013,R Bhatia,81,99,122.22222222222223,81.4814814814815
2013,R Dhawan,21,21,100.0,66.66666666666666
2013,R Dravid,433,471,108.77598152424943,72.51732101616629
2013,R Rampaul,39,38,97.43589743589743,64.95726495726495
2013,R Sathish,79,109,137.9746835443038,91.9831223628692
2013,R Vinay Kumar,44,70,159.0909090909091,100.0
2013,RA Jadeja,139,201,144.6043165467626,96.40287769784173
2013,RE van der Merwe,25,22,88.0,58.666666666666664
2013,RG Sharma,415,538,129.63855421686748,86.42570281124499
2013,RN ten Doeschate,63,85,134.92063492063494,89.94708994708996
2013,RT Ponting,76,52,68.42105263157895,45.614035087719294
2013,RV Uthappa,385,434,112.72727272727272,75.15151515151514
2013,S Badrinath,123,124,100.8130081300813,67.20867208672087
2013,S Dhawan,262,311,118.70229007633588,79.13486005089058
2013,S Nadeem,27,14,51.85185185185185,34.5679012345679
2013,SE Marsh,256,300,117.1875,78.125
2013,SK Raina,370,548,148.1081081081081,98.73873873873873
2013,SP Narine,20,21,105.0,70.0
2013,SPD Smith,134,159,118.65671641791045,79.1044776119403
2013,SR Tendulkar,243,287,118.10699588477367,78.73799725651578
2013,SR Watson,393,543,138.1679389312977,92.1119592875318
2013,SS Tiwary,113,109,96.46017699115043,64.30678466076697
2013,STR Binny,204,293,143.62745098039215,95.75163398692811
2013,SV Samson,179,206,115.08379888268156,76.72253258845437
2013,TL Suman,58,52,89.65517241379311,59.77011494252874
2013,TM Dilshan,97,76,78.35051546391753,52.23367697594502
2013,UBT Chand,163,158,96.93251533742331,64.62167689161554
2013,UT Yadav,39,38,97.43589743589743,64.95726495726495
2013,V Kohli,469,634,135.181236673774,90.12082444918266
2013,V Sehwag,244,295,120.9016393442623,80.60109289617488
2013,WP Saha,57,70,122.80701754385966,81.87134502923978
2013,YK Pathan,247,332,134.41295546558706,89.60863697705804
2013,Yuvraj Singh,193,238,123.3160621761658,82.21070811744386
2014,AB de Villiers,255,395,154.90196078431373,100.0
2014,AJ Finch,268,309,115.29850746268657,76.86567164179104
2014,AM Nayar,50,43,86.0,57.333333333333336
2014,AM Rahane,298,339,113.75838926174498,75.83892617449666
2014,AP Tare,102,126,123.52941176470588,82.35294117647058
2014,AR Patel,61,62,101.63934426229508,67.75956284153006
2014,AT Rayudu,296,361,121.95945945945945,81.3063063063063
2014,Ankit Sharma,31,34,109.6774193548387,73.11827956989248
2014,BB McCullum,341,405,118.76832844574781,79.17888563049854
2014,BJ Hodge,74,101,136.48648648648648,90.990990990991
2014,BR Dunk,36,40,111.11111111111111,74.07407407407408
2014,CA Lynn,52,58,111.53846153846155,74.35897435897436
2014,CA Pujara,129,125,96.89922480620154,64.59948320413437
2014,CH Gayle,188,196,104.25531914893618,69.50354609929079
2014,CJ Anderson,186,265,142.4731182795699,94.98207885304659
2014,CM Gautam,116,121,104.3103448275862,69.54022988505747
2014,DA Miller,307,446,145.27687296416937,96.85124864277958
2014,DA Warner,386,528,136.78756476683938,91.19170984455958
2014,DJ Hussey,96,116,120.83333333333333,80.55555555555554
2014,DJG Sammy,97,108,111.34020618556701,74.22680412371135
2014,DR Smith,425,566,133.1764705882353,88.78431372549021
2014,DS Kulkarni,27,35,129.62962962962962,86.41975308641975
2014,DW Steyn,26,22,84.61538461538461,56.41025641025641
2014,F du Plessis,240,303,126.25,84.16666666666667
2014,G Gambhir,301,335,111.29568106312293,74.19712070874863
2014,GJ Bailey,190,257,135.26315789473685,90.17543859649123
2014,GJ Maxwell,312,552,176.9230769230769,100.0
2014,Harbhajan Singh,26,28,107.6923076923077,71.7948717948718
2014,IK Pathan,58,55,94.82758620689656,63.2183908045977
2014,JA Morkel,41,45,109.75609756097562,73.17073170731709
2014,JDS Neesham,46,42,91.30434782608695,60.8695652173913
2014,JH Kallis,131,151,115.2671755725191,76.84478371501274
2014,JP Duminy,311,410,131.83279742765274,87.88853161843517
2014,JP Faulkner,99,181,182.82828282828282,100.0
2014,KA Pollard,208,273,131.25,87.5
2014,KD Karthik,261,325,124.52107279693487,83.01404853128992
2014,KK Cooper,28,39,139.28571428571428,92.85714285714285
2014,KK Nair,237,330,139.24050632911394,92.82700421940929
2014,KL Rahul,166,166,100.0,66.66666666666666
2014,KM Jadhav,104,149,143.26923076923077,95.51282051282051
2014,KP Pietersen,239,294,123.01255230125523,82.00836820083683
2014,KV Sharma,30,42,140.0,93.33333333333333
2014,LMP Simmons,299,394,131.77257525083613,87.84838350055742
2014,LR Shukla,38,31,81.57894736842105,54.385964912280706
2014,LRPL Taylor,62,59,95.16129032258065,63.440860215053775
2014,M Manhas,26,35,134.6153846153846,89.74358974358975
2014,M Vijay,197,207,105.0761421319797,70.05076142131979
2014,M Vohra,244,324,132.78688524590163,88.52459016393442
2014,MA Agarwal,93,115,123.65591397849462,82.43727598566308
2014,MA Starc,84,85,101.19047619047619,67.46031746031747
2014,MEK Hussey,187,209,111.76470588235294,74.50980392156863
2014,MG Johnson,51,56,109.80392156862746,73.20261437908498
2014,MK Pandey,356,401,112.64044943820224,75.09363295880149
2014,MK Tiwary,123,152,123.57723577235772,82.38482384823848
2014,MS Dhoni,258,371,143.7984496124031,95.8656330749354
2014,Mandeep Singh,28,24,85.71428571428571,57.14285714285714
2014,NV Ojha,170,232,136.47058823529412,90.98039215686275
2014,PA Patel,191,205,107.32984293193716,71.55322862129144
2014,PP Chawla,20,31,155.0,100.0
2014,Q de Kock,132,153,115.90909090909092,77.27272727272728
2014,R Ashwin,48,45,93.75,62.5
2014,R Bhatia,55,67,121.81818181818183,81.21212121212122
2014,R Dhawan,75,82,109.33333333333333,72.88888888888889
2014,R Shukla,21,18,85.71428571428571,57.14285714285714
2014,RA Jadeja,113,146,129.20353982300884,86.13569321533923
2014,RG Sharma,307,390,127.0358306188925,84.69055374592833
2014,RN ten Doeschate,33,52,157.57575757575756,100.0
2014,RR Rossouw,41,39,95.1219512195122,63.41463414634146
2014,RV Uthappa,485,660,136.08247422680412,90.72164948453609
2014,S Dhawan,332,377,113.55421686746988,75.70281124497991
2014,S Nadeem,20,7,35.0,23.333333333333332
2014,S Rana,66,73,110.6060606060606,73.73737373737373
2014,SA Yadav,122,164,134.4262295081967,89.61748633879782
2014,SE Marsh,54,70,129.62962962962962,86.41975308641975
2014,SK Raina,370,523,141.35135135135135,94.23423423423424
2014,SPD Smith,112,147,131.25,87.5
2014,SR Watson,202,240,118.8118811881188,79.20792079207921
2014,STR Binny,122,123,100.81967213114753,67.21311475409834
2014,SV Samson,280,339,121.07142857142857,80.71428571428572
2014,Shakib Al Hasan,158,227,143.67088607594937,95.78059071729957
2014,V Kohli,301,359,119.26910299003322,79.51273532668881
2014,V Sehwag,334,455,136.22754491017963,90.81836327345309
2014,VH Zol,26,29,111.53846153846155,74.35897435897436
2014,VR Aaron,34,35,102.94117647058823,68.62745098039215
2014,WP Saha,255,362,141.9607843137255,94.640522875817
2014,Y Venugopal Rao,65,71,109.23076923076923,72.82051282051282
2014,YK Pathan,168,268,159.52380952380955,100.0
2014,YV Takawale,92,104,113.04347826086956,75.36231884057972
2014,Yuvraj Singh,288,376,130.55555555555557,87.03703703703705
2015,A Ashish Reddy,46,73,158.69565217391303,100.0
2015,AB de Villiers,302,513,169.86754966887418,100.0
2015,AD Mathews,109,144,132.11009174311928,88.07339449541286
2015,AD Russell,175,326,186.28571428571428,100.0
2015,AJ Finch,33,23,69.6969696969697,46.46464646464647
2015,AM Rahane,423,540,127.65957446808511,85.1063829787234
2015,AR Patel,181,206,113.8121546961326,75.87476979742172
2015,AT Rayudu,195,281,144.1025641025641,96.06837606837605
2015,Anureet Singh,31,18,58.06451612903226,38.70967741935484
2015,BB McCullum,293,436,148.80546075085323,99.20364050056882
2015,CH Gayle,359,491,136.76880222841226,91.17920148560817
2015,CH Morris,47,76,161.70212765957444,100.0
2015,CJ Anderson,98,114,116.3265306122449,77.55102040816327
2015,D Wiese,90,122,135.55555555555557,90.37037037037038
2015,DA Miller,273,357,130.76923076923077,87.17948717948718
2015,DA Warner,368,562,152.7173913043478,100.0
2015,DJ Bravo,151,195,129.13907284768212,86.09271523178808
2015,DJ Hooda,99,151,152.52525252525254,100.0
2015,DR Smith,341,399,117.00879765395895,78.0058651026393
2015,EJG Morgan,154,187,121.42857142857142,80.95238095238095
2015,F du Plessis,317,380,119.87381703470032,79.91587802313354
2015,G Gambhir,288,327,113.54166666666667,75.69444444444446
2015,GH Vihari,36,39,108.33333333333333,72.22222222222221
2015,GJ Bailey,196,259,132.14285714285714,88.09523809523809
2015,GJ Maxwell,114,145,127.19298245614034,84.7953216374269
2015,Gurkeerat Singh,41,35,85.36585365853658,56.91056910569105
2015,HH Pandya,68,112,164.70588235294116,100.0
2015,Harbhajan Singh,81,117,144.44444444444443,96.29629629629629
2015,Iqbal Abdulla,20,20,100.0,66.66666666666666
2015,J Suchith,33,48,145.45454545454547,96.96969696969698
2015,JA Morkel,70,86,122.85714285714286,81.9047619047619
2015,JP Duminy,327,414,126.60550458715596,84.40366972477065
2015,JP Faulkner,115,144,125.21739130434784,83.47826086956522
2015,KA Pollard,270,419,155.1851851851852,100.0
2015,KD Karthik,120,141,117.5,78.33333333333333
2015,KK Nair,147,181,123.12925170068027,82.08616780045351
2015,KL Rahul,133,142,106.76691729323309,71.1779448621554
2015,KM Jadhav,143,189,132.16783216783216,88.1118881118881
2015,KS Williamson,29,31,106.89655172413792,71.26436781609195
2015,KV Sharma,87,104,119.54022988505749,79.69348659003832
2015,LMP Simmons,455,540,118.68131868131869,79.12087912087912
2015,M Vijay,233,251,107.72532188841201,71.81688125894135
2015,M Vohra,83,82,98.79518072289156,65.86345381526104
2015,MA Agarwal,187,213,113.90374331550801,75.93582887700533
2015,MC Henriques,216,287,132.87037037037038,88.58024691358025
2015,MEK Hussey,73,77,105.47945205479452,70.31963470319634
2015,MG Johnson,38,31,81.57894736842105,54.385964912280706
2015,MK Pandey,187,225,120.32085561497325,80.21390374331551
2015,MK Tiwary,58,57,98.27586206896551,65.51724137931035
2015,MS Bisla,30,37,123.33333333333334,82.22222222222223
2015,MS Dhoni,309,372,120.3883495145631,80.2588996763754
2015,Mandeep Singh,102,157,153.921568627451,100.0
2015,NM Coulter-Nile,20,20,100.0,66.66666666666666
2015,NV Ojha,126,137,108.73015873015872,72.48677248677248
2015,P Kumar,25,17,68.0,45.33333333333333
2015,P Negi,77,116,150.64935064935065,100.0
2015,PA Patel,255,339,132.94117647058823,88.62745098039215
2015,PP Chawla,49,54,110.20408163265304,73.46938775510203
2015,Q de Kock,78,122,156.4102564102564,100.0
2015,R Ashwin,34,52,152.94117647058823,100.0
2015,R Dhawan,33,36,109.09090909090908,72.72727272727272
2015,RA Jadeja,128,132,103.125,68.75
2015,RG Sharma,339,482,142.18289085545723,94.78859390363816
2015,RN ten Doeschate,45,61,135.55555555555557,90.37037037037038
2015,RS Bopara,121,145,119.83471074380165,79.88980716253444
2015,RV Uthappa,287,364,126.82926829268293,84.5528455284553
2015,S Dhawan,293,353,120.47781569965869,80.31854379977246
2015,SA Yadav,115,157,136.52173913043478,91.01449275362319
2015,SE Marsh,60,81,135.0,90.0
2015,SK Raina,319,374,117.24137931034481,78.16091954022988
2015,SN Khan,72,111,154.16666666666669,100.0
2015,SPD Smith,226,293,129.64601769911502,86.43067846607669
2015,SR Watson,269,347,128.99628252788105,85.99752168525403
2015,SS Iyer,360,439,121.94444444444446,81.2962962962963
2015,SS Tiwary,83,109,131.32530120481925,87.55020080321285
2015,STR Binny,69,74,107.24637681159422,71.4975845410628
2015,SV Samson,166,204,122.89156626506023,81.92771084337349
2015,Shakib Al Hasan,32,36,112.5,75.0
2015,UBT Chand,89,102,114.6067415730337,76.40449438202246
2015,V Kohli,395,505,127.84810126582278,85.23206751054852
2015,V Sehwag,89,99,111.23595505617978,74.15730337078652
2015,WP Saha,205,249,121.46341463414633,80.97560975609755
2015,YK Pathan,243,312,128.39506172839506,85.59670781893004
2015,Yuvraj Singh,215,248,115.34883720930233,76.89922480620154
2016,A Ashish Reddy,30,47,156.66666666666666,100.0
2016,AB de Villiers,415,687,165.5421686746988,100.0
2016,AD Nath,27,20,74.07407407407408,49.38271604938272
2016,AD Russell,125,188,150.4,100.0
2016,AJ Finch,311,393,126.36655948553054,84.2443729903537
2016,AM Rahane,387,480,124.03100775193798,82.68733850129199
2016,AR Patel,81,111,137.03703703703704,91.35802469135803
2016,AT Rayudu,284,334,117.6056338028169,78.40375586854461
2016,B Kumar,28,43,153.57142857142858,100.0
2016,BB McCullum,273,354,129.67032967032966,86.44688644688644
2016,BCJ Cutting,37,65,175.67567567567568,100.0
2016,Bipul Sharma,25,51,204.0,100.0
2016,C Munro,31,30,96.7741935483871,64.51612903225808
2016,CA Lynn,23,25,108.69565217391303,72.46376811594202
2016,CH Gayle,159,227,142.76729559748426,95.17819706498952
2016,CH Morris,114,195,171.05263157894737,100.0
2016,CR Brathwaite,40,83,207.50000000000003,100.0
2016,DA Miller,139,161,115.8273381294964,77.21822541966426
2016,DA Warner,579,848,146.4594127806563,97.63960852043752
2016,DJ Bravo,88,99,112.5,75.0
2016,DJ Hooda,125,144,115.19999999999999,76.8
2016,DR Smith,226,324,143.36283185840708,95.57522123893804
2016,EJG Morgan,105,123,117.14285714285715,78.0952380952381
2016,F du Plessis,169,206,121.89349112426035,81.26232741617356
2016,G Gambhir,424,501,118.16037735849056,78.77358490566037
2016,GJ Bailey,99,84,84.84848484848484,56.56565656565656
2016,GJ Maxwell,129,179,138.75968992248062,92.50645994832041
2016,Gurkeerat Singh,87,113,129.8850574712644,86.59003831417625
2016,HH Pandya,66,44,66.66666666666666,44.444444444444436
2016,HM Amla,122,157,128.68852459016392,85.79234972677595
2016,Harbhajan Singh,91,92,101.0989010989011,67.39926739926739
2016,Iqbal Abdulla,27,37,137.03703703703704,91.35802469135803
2016,Ishan Kishan,41,42,102.4390243902439,68.29268292682926
2016,JC Buttler,189,255,134.92063492063494,89.94708994708996
2016,JO Holder,20,22,110.00000000000001,73.33333333333334
2016,JP Duminy,157,191,121.656050955414,81.104033970276
2016,JP Faulkner,60,77,128.33333333333334,85.55555555555556
2016,KA Pollard,156,207,132.69230769230768,88.46153846153845
2016,KD Karthik,273,335,122.71062271062272,81.8070818070818
2016,KH Pandya,127,237,186.61417322834646,100.0
2016,KK Nair,304,357,117.4342105263158,78.28947368421053
2016,KL Rahul,277,397,143.32129963898916,95.54753309265945
2016,KM Jadhav,33,42,127.27272727272727,84.84848484848484
2016,KP Pietersen,61,73,119.67213114754098,79.78142076502732
2016,KS Williamson,126,124,98.4126984126984,65.60846560846561
2016,KV Sharma,34,36,105.88235294117648,70.58823529411765
2016,M Vijay,373,453,121.44772117962465,80.96514745308309
2016,M Vohra,136,161,118.38235294117648,78.921568627451
2016,MA Agarwal,26,27,103.84615384615385,69.23076923076924
2016,MC Henriques,162,182,112.34567901234568,74.8971193415638
2016,MJ Guptill,55,57,103.63636363636364,69.0909090909091
2016,MJ McClenaghan,23,34,147.82608695652172,98.55072463768114
2016,MK Pandey,190,248,130.5263157894737,87.01754385964914
2016,MM Sharma,27,32,118.5185185185185,79.01234567901234
2016,MP Stoinis,111,146,131.53153153153156,87.6876876876877
2016,MS Dhoni,220,284,129.0909090909091,86.06060606060606
2016,N Rana,78,104,133.33333333333331,88.88888888888887
2016,NLTC Perera,97,150,154.63917525773198,100.0
2016,NS Naik,33,23,69.6969696969697,46.46464646464647
2016,NV Ojha,142,136,95.77464788732394,63.84976525821596
2016,P Kumar,27,24,88.88888888888889,59.25925925925925
2016,P Negi,63,57,90.47619047619048,60.31746031746032
2016,PA Patel,161,177,109.93788819875776,73.2919254658385
2016,PP Chawla,26,27,103.84615384615385,69.23076923076924
2016,Q de Kock,340,445,130.88235294117646,87.25490196078431
2016,R Ashwin,38,41,107.89473684210526,71.9298245614035
2016,R Bhatia,20,34,170.0,100.0
2016,R Sathish,24,24,100.0,66.66666666666666
2016,RA Jadeja,189,191,101.05820105820106,67.37213403880071
2016,RG Sharma,372,489,131.4516129032258,87.63440860215053
2016,RR Pant,155,198,127.74193548387096,85.16129032258064
2016,RV Uthappa,300,394,131.33333333333331,87.55555555555554
2016,S Dhawan,438,501,114.3835616438356,76.25570776255707
2016,SA Yadav,148,182,122.97297297297298,81.98198198198199
2016,SE Marsh,134,159,118.65671641791045,79.1044776119403
2016,SK Raina,321,399,124.29906542056075,82.86604361370716
2016,SN Khan,31,66,212.9032258064516,100.0
2016,SPD Smith,184,270,146.73913043478262,97.82608695652175
2016,SR Watson,135,179,132.5925925925926,88.39506172839508
2016,SS Iyer,46,30,65.21739130434783,43.47826086956522
2016,SS Tiwary,149,170,114.09395973154362,76.06263982102908
2016,STR Binny,41,63,153.65853658536585,100.0
2016,SV Samson,265,291,109.81132075471697,73.20754716981132
2016,SW Billings,66,88,133.33333333333331,88.88888888888887
2016,Sachin Baby,82,119,145.1219512195122,96.7479674796748
2016,Shakib Al Hasan,108,114,105.55555555555556,70.37037037037037
2016,TG Southee,20,30,150.0,100.0
2016,TM Head,42,54,128.57142857142858,85.71428571428572
2016,UT Khawaja,105,127,120.95238095238095,80.63492063492063
2016,V Kohli,655,973,148.54961832061068,99.03307888040712
2016,WP Saha,214,270,126.16822429906543,84.11214953271029
2016,YK Pathan,256,361,141.015625,94.01041666666666
2016,Yuvraj Singh,183,236,128.96174863387978,85.97449908925319
2017,A Choudhary,20,25,125.0,83.33333333333334
2017,A Mishra,56,49,87.5,58.333333333333336
2017,AB de Villiers,171,216,126.3157894736842,84.21052631578947
2017,AD Mathews,28,32,114.28571428571428,76.19047619047619
2017,AJ Finch,186,299,160.752688172043,100.0
2017,AJ Tye,30,53,176.66666666666666,100.0
2017,AM Rahane,328,382,116.46341463414633,77.64227642276423
2017,AP Tare,25,18,72.0,48.0
2017,AR Patel,171,227,132.7485380116959,88.4990253411306
2017,AT Rayudu,80,91,113.75,75.83333333333333
2017,BA Stokes,227,316,139.20704845814979,92.80469897209986
2017,BB McCullum,223,319,143.04932735426007,95.36621823617338
2017,BCJ Cutting,27,51,188.88888888888889,100.0
2017,Basil Thampi,30,28,93.33333333333333,62.22222222222222
2017,Bipul Sharma,25,31,124.0,82.66666666666667
2017,C de Grandhomme,92,126,136.95652173913044,91.30434782608697
2017,CA Lynn,175,295,168.57142857142858,100.0
2017,CH Gayle,172,200,116.27906976744187,77.51937984496125
2017,CH Morris,97,154,158.76288659793815,100.0
2017,CJ Anderson,130,142,109.23076923076923,72.82051282051282
2017,CR Woakes,47,46,97.87234042553192,65.24822695035462
2017,DA Miller,82,83,101.21951219512195,67.47967479674797
2017,DA Warner,462,641,138.74458874458875,92.4963924963925
2017,DJ Hooda,53,78,147.16981132075472,98.11320754716981
2017,DR Smith,158,239,151.26582278481013,100.0
2017,DT Christian,52,79,151.9230769230769,100.0
2017,EJG Morgan,62,65,104.83870967741935,69.89247311827957
2017,G Gambhir,405,498,122.96296296296296,81.9753086419753
2017,GJ Maxwell,186,310,166.66666666666669,100.0
2017,HH Pandya,172,250,145.3488372093023,96.89922480620153
2017,HM Amla,296,420,141.89189189189187,94.59459459459458
2017,IR Jaggi,40,33,82.5,55.00000000000001
2017,Ishan Kishan,214,277,129.4392523364486,86.29283489096574
2017,JC Buttler,184,272,147.82608695652172,98.55072463768114
2017,JJ Roy,41,59,143.90243902439025,95.9349593495935
2017,JP Faulkner,60,54,90.0,60.0
2017,K Rabada,68,55,80.88235294117648,53.92156862745099
2017,KA Pollard,291,385,132.3024054982818,88.20160366552119
2017,KD Karthik,268,361,134.7014925373134,89.8009950248756
2017,KH Pandya,186,243,130.64516129032256,87.09677419354837
2017,KK Nair,229,281,122.70742358078604,81.80494905385736
2017,KM Jadhav,194,267,137.62886597938143,91.75257731958763
2017,KS Williamson,170,256,150.58823529411765,100.0
2017,KV Sharma,42,49,116.66666666666667,77.77777777777779
2017,Kuldeep Yadav,22,20,90.9090909090909,60.60606060606061
2017,LMP Simmons,116,137,118.10344827586208,78.73563218390805
2017,M Vohra,170,229,134.7058823529412,89.80392156862746
2017,MA Agarwal,29,26,89.65517241379311,59.77011494252874
2017,MC Henriques,205,277,135.1219512195122,90.08130081300814
2017,MJ Guptill,88,132,150.0,100.0
2017,MK Pandey,315,396,125.71428571428571,83.8095238095238
2017,MK Tiwary,242,324,133.88429752066116,89.25619834710744
2017,MM Sharma,51,51,100.0,66.66666666666666
2017,MN Samuels,32,29,90.625,60.416666666666664
2017,MP Stoinis,25,17,68.0,45.33333333333333
2017,MS Dhoni,261,290,111.11111111111111,74.07407407407408
2017,Mandeep Singh,178,188,105.61797752808988,70.41198501872658
2017,Mohammed Shami,24,36,150.0,100.0
2017,N Rana,277,333,120.21660649819495,80.14440433212997
2017,NV Ojha,70,79,112.85714285714286,75.23809523809524
2017,P Negi,114,144,126.3157894736842,84.21052631578947
2017,PA Patel,308,395,128.24675324675326,85.49783549783551
2017,PJ Cummins,54,77,142.59259259259258,95.06172839506172
2017,RA Jadeja,118,158,133.89830508474577,89.26553672316385
2017,RA Tripathi,275,391,142.1818181818182,94.78787878787878
2017,RG Sharma,278,333,119.78417266187051,79.85611510791367
2017,RR Pant,226,366,161.94690265486727,100.0
2017,RV Uthappa,239,388,162.34309623430963,100.0
2017,S Aravind,40,32,80.0,53.333333333333336
2017,S Badree,25,13,52.0,34.66666666666667
2017,S Dhawan,383,479,125.06527415143603,83.37684943429069
2017,SA Yadav,89,105,117.97752808988764,78.65168539325843
2017,SE Marsh,198,264,133.33333333333331,88.88888888888887
2017,SK Raina,310,442,142.5806451612903,95.05376344086021
2017,SP Jackson,31,38,122.58064516129032,81.72043010752688
2017,SP Narine,135,224,165.92592592592592,100.0
2017,SPD Smith,400,472,118.0,78.66666666666666
2017,SR Watson,80,71,88.75,59.166666666666664
2017,SS Iyer,249,338,135.7429718875502,90.49531459170012
2017,SS Tiwary,46,52,113.04347826086956,75.36231884057972
2017,STR Binny,77,78,101.29870129870129,67.53246753246752
2017,SV Samson,275,386,140.36363636363635,93.57575757575756
2017,SW Billings,107,138,128.97196261682242,85.98130841121495
2017,TM Head,109,151,138.5321100917431,92.35474006116206
2017,V Kohli,257,308,119.8443579766537,79.89623865110246
2017,V Shankar,77,101,131.1688311688312,87.44588744588746
2017,Vishnu Vinod,26,19,73.07692307692307,48.71794871794871
2017,WP Saha,194,234,120.61855670103093,80.41237113402062
2017,YK Pathan,123,143,116.26016260162602,77.50677506775068
2017,YS Chahal,26,13,50.0,33.33333333333333
2017,Yuvraj Singh,188,252,134.04255319148936,89.36170212765957
2018,AB de Villiers,280,480,171.42857142857142,100.0
2018,AD Hales,119,148,124.36974789915966,82.91316526610643
2018,AD Russell,179,316,176.53631284916202,100.0
2018,AJ Finch,102,134,131.37254901960785,87.58169934640523
2018,AJ Tye,40,32,80.0,53.333333333333336
2018,AM Rahane,321,370,115.26479750778816,76.84319833852544
2018,AR Patel,71,80,112.67605633802818,75.11737089201878
2018,AT Rayudu,410,602,146.8292682926829,97.88617886178861
2018,Abhishek Sharma,35,63,180.0,100.0
2018,BA Stokes,166,196,118.07228915662651,78.714859437751
2018,BB McCullum,91,127,139.56043956043956,93.04029304029304
2018,BCJ Cutting,59,96,162.71186440677968,100.0
2018,C Munro,41,63,153.65853658536585,100.0
2018,C de Grandhomme,87,131,150.57471264367817,100.0
2018,CA Lynn,382,491,128.53403141361258,85.68935427574172
2018,CH Gayle,261,368,140.99616858237547,93.99744572158365
2018,CH Morris,26,46,176.9230769230769,100.0
2018,CJ Anderson,22,17,77.27272727272727,51.515151515151516
2018,CR Brathwaite,54,75,138.88888888888889,92.5925925925926
2018,DA Miller,66,74,112.12121212121211,74.74747474747474
2018,DJ Bravo,93,141,151.61290322580646,100.0
2018,DJ Hooda,86,87,101.16279069767442,67.44186046511629
2018,DJM Short,102,115,112.74509803921569,75.16339869281046
2018,DL Chahar,30,50,166.66666666666669,100.0
2018,DT Christian,33,26,78.78787878787878,52.52525252525252
2018,E Lewis,290,382,131.72413793103448,87.816091954023
2018,F du Plessis,130,162,124.61538461538461,83.07692307692307
2018,G Gambhir,91,85,93.4065934065934,62.27106227106227
2018,GJ Maxwell,122,169,138.52459016393445,92.3497267759563
2018,H Klaasen,48,57,118.75,79.16666666666666
2018,HH Pandya,205,260,126.82926829268293,84.5528455284553
2018,HV Patel,33,60,181.8181818181818,100.0
2018,Harbhajan Singh,38,29,76.31578947368422,50.877192982456144
2018,Ishan Kishan,187,275,147.05882352941177,98.03921568627452
2018,JC Archer,21,15,71.42857142857143,47.61904761904762
2018,JC Buttler,365,548,150.13698630136986,100.0
2018,JD Unadkat,38,49,128.94736842105263,85.96491228070175
2018,JJ Roy,98,120,122.44897959183673,81.63265306122449
2018,JP Duminy,46,36,78.26086956521739,52.17391304347826
2018,K Gowtham,67,126,188.05970149253733,100.0
2018,KA Pollard,104,133,127.88461538461537,85.25641025641025
2018,KD Karthik,349,498,142.69340974212034,95.12893982808023
2018,KH Pandya,164,228,139.02439024390242,92.68292682926827
2018,KK Nair,225,301,133.77777777777777,89.18518518518518
2018,KL Rahul,426,659,154.69483568075117,100.0
2018,KM Jadhav,23,24,104.34782608695652,69.56521739130434
2018,KS Williamson,522,735,140.80459770114942,93.86973180076627
2018,Kuldeep Yadav,25,12,48.0,32.0
2018,M Markande,25,21,84.0,56.00000000000001
2018,M Vohra,50,55,110.00000000000001,73.33333333333334
2018,MA Agarwal,94,120,127.65957446808511,85.1063829787234
2018,MK Lomror,21,20,95.23809523809523,63.49206349206349
2018,MK Pandey,257,284,110.50583657587549,73.67055771725033
2018,MK Tiwary,45,47,104.44444444444446,69.62962962962965
2018,MM Ali,46,77,167.3913043478261,100.0
2018,MP Stoinis,78,99,126.92307692307692,84.61538461538461
2018,MS Dhoni,321,455,141.74454828660436,94.4963655244029
2018,Mandeep Singh,193,252,130.5699481865285,87.04663212435234
2018,Mohammed Siraj,23,25,108.69565217391303,72.46376811594202
2018,N Rana,238,304,127.73109243697478,85.15406162464984
2018,PA Patel,109,153,140.36697247706422,93.57798165137615
2018,PP Chawla,36,27,75.0,50.0
2018,PP Shaw,165,245,148.4848484848485,98.98989898989899
2018,Q de Kock,164,201,122.5609756097561,81.70731707317074
2018,R Ashwin,76,102,134.21052631578948,89.47368421052632
2018,R Tewatia,47,50,106.38297872340425,70.92198581560282
2018,RA Jadeja,80,89,111.25,74.16666666666667
2018,RA Tripathi,173,226,130.635838150289,87.09055876685935
2018,RG Sharma,223,286,128.25112107623318,85.50074738415545
2018,RK Singh,34,29,85.29411764705883,56.86274509803921
2018,RR Pant,412,684,166.01941747572815,100.0
2018,RV Uthappa,274,351,128.1021897810219,85.4014598540146
2018,Rashid Khan,32,59,184.375,100.0
2018,S Dhawan,379,497,131.13456464379948,87.42304309586632
2018,S Gopal,47,50,106.38297872340425,70.92198581560282
2018,SA Yadav,391,512,130.9462915601023,87.29752770673488
2018,SK Raina,354,445,125.70621468926552,83.80414312617701
2018,SN Khan,43,51,118.6046511627907,79.06976744186048
2018,SP Goswami,42,52,123.80952380952381,82.53968253968253
2018,SP Narine,198,357,180.3030303030303,100.0
2018,SR Watson,368,555,150.81521739130434,100.0
2018,SS Iyer,317,411,129.65299684542586,86.43533123028391
2018,STR Binny,39,44,112.82051282051282,75.21367521367522
2018,SV Samson,325,441,135.69230769230768,90.46153846153845
2018,SW Billings,78,108,138.46153846153845,92.3076923076923
2018,Shakib Al Hasan,203,239,117.73399014778325,78.48932676518882
2018,Shubman Gill,142,203,142.95774647887325,95.30516431924883
2018,TG Southee,46,52,113.04347826086956,75.36231884057972
2018,TK Curran,28,23,82.14285714285714,54.76190476190476
2018,V Kohli,385,530,137.66233766233768,91.77489177489178
2018,V Shankar,156,212,135.8974358974359,90.5982905982906
2018,WP Saha,108,122,112.96296296296295,75.30864197530863
2018,Washington Sundar,40,65,162.5,100.0
2018,YK Pathan,211,260,123.22274881516589,82.14849921011059
2018,Yuvraj Singh,74,65,87.83783783783784,58.55855855855856
2019,A Mishra,26,21,80.76923076923077,53.84615384615385
2019,AB de Villiers,294,442,150.34013605442175,100.0
2019,AD Nath,58,61,105.17241379310344,70.11494252873564
2019,AD Russell,271,510,188.1918819188192,100.0
2019,AM Rahane,289,393,135.98615916955018,90.65743944636678
2019,AR Patel,90,110,122.22222222222223,81.4814814814815
2019,AT Rayudu,307,282,91.85667752442997,61.23778501628665
2019,BA Stokes,100,123,123.0,82.0
2019,C Munro,72,84,116.66666666666667,77.77777777777779
2019,C de Grandhomme,50,46,92.0,61.33333333333333
2019,CA Ingram,157,184,117.19745222929936,78.1316348195329
2019,CA Lynn,296,405,136.82432432432432,91.21621621621621
2019,CH Gayle,338,490,144.97041420118344,96.64694280078896
2019,CH Morris,38,32,84.21052631578947,56.14035087719298
2019,DA Miller,174,213,122.41379310344827,81.60919540229885
2019,DA Warner,496,692,139.51612903225808,93.01075268817205
2019,DJ Bravo,68,80,117.64705882352942,78.43137254901961
2019,DJ Hooda,68,64,94.11764705882352,62.745098039215684
2019,E Lewis,53,48,90.56603773584906,60.377358490566046
2019,F du Plessis,326,396,121.47239263803682,80.98159509202455
2019,Gurkeerat Singh,73,98,134.24657534246575,89.49771689497716
2019,HH Pandya,223,402,180.26905829596413,100.0
2019,Ishan Kishan,104,101,97.11538461538461,64.74358974358975
2019,JC Archer,41,67,163.41463414634146,100.0
2019,JC Buttler,213,311,146.0093896713615,97.33959311424101
2019,JM Bairstow,292,445,152.3972602739726,100.0
2019,KA Pollard,185,279,150.8108108108108,100.0
2019,KD Karthik,179,253,141.340782122905,94.22718808193667
2019,KH Pandya,158,183,115.82278481012658,77.21518987341773
2019,KL Rahul,447,593,132.66219239373604,88.44146159582402
2019,KM Jadhav,172,162,94.18604651162791,62.7906976744186
2019,KMA Paul,26,18,69.23076923076923,46.15384615384615
2019,KS Williamson,134,156,116.4179104477612,77.61194029850746
2019,LS Livingstone,48,70,145.83333333333331,97.22222222222221
2019,M Vijay,61,64,104.91803278688525,69.94535519125684
2019,MA Agarwal,241,332,137.75933609958506,91.83955739972338
2019,MJ Guptill,53,81,152.83018867924528,100.0
2019,MJ Santner,25,32,128.0,85.33333333333334
2019,MK Pandey,267,344,128.83895131086143,85.89263420724096
2019,MM Ali,137,220,160.5839416058394,100.0
2019,MP Stoinis,159,211,132.70440251572327,88.46960167714884
2019,MS Dhoni,317,416,131.23028391167193,87.48685594111461
2019,Mandeep Singh,122,165,135.24590163934425,90.1639344262295
2019,Mohammad Nabi,79,115,145.56962025316454,97.0464135021097
2019,N Pooran,110,168,152.72727272727275,100.0
2019,N Rana,240,344,143.33333333333334,95.55555555555556
2019,P Ray Barman,25,19,76.0,50.66666666666667
2019,PA Patel,273,373,136.63003663003664,91.08669108669109
2019,PP Chawla,38,42,110.5263157894737,73.6842105263158
2019,PP Shaw,270,353,130.74074074074073,87.1604938271605
2019,Q de Kock,404,529,130.94059405940595,87.2937293729373
2019,R Ashwin,28,42,150.0,100.0
2019,R Parag,133,160,120.30075187969925,80.20050125313283
2019,R Tewatia,22,26,118.18181818181819,78.7878787878788
2019,RA Jadeja,94,106,112.7659574468085,75.177304964539
2019,RA Tripathi,122,141,115.57377049180329,77.04918032786885
2019,RG Sharma,319,405,126.95924764890283,84.63949843260188
2019,RK Singh,34,37,108.8235294117647,72.54901960784314
2019,RR Pant,307,488,158.95765472312704,100.0
2019,RV Uthappa,254,282,111.0236220472441,74.01574803149606
2019,Rashid Khan,26,34,130.76923076923077,87.17948717948718
2019,S Dhawan,391,521,133.24808184143222,88.83205456095482
2019,S Dube,33,40,121.21212121212122,80.8080808080808
2019,S Gopal,46,63,136.95652173913044,91.30434782608697
2019,SA Yadav,327,424,129.66360856269114,86.44240570846075
2019,SE Rutherford,55,73,132.72727272727275,88.4848484848485
2019,SK Raina,321,383,119.31464174454828,79.54309449636551
2019,SM Curran,55,95,172.72727272727272,100.0
2019,SN Khan,145,180,124.13793103448276,82.75862068965517
2019,SO Hetmyer,76,90,118.42105263157893,78.94736842105262
2019,SP Narine,90,143,158.88888888888889,100.0
2019,SPD Smith,283,319,112.72084805653711,75.1472320376914
2019,SR Watson,321,398,123.98753894080996,82.6583592938733
2019,SS Iyer,397,463,116.62468513853905,77.74979009235938
2019,STR Binny,42,70,166.66666666666669,100.0
2019,SV Samson,238,342,143.69747899159663,95.79831932773108
2019,Shubman Gill,242,296,122.31404958677685,81.5426997245179
2019,UT Yadav,26,25,96.15384615384616,64.1025641025641
2019,V Kohli,332,464,139.75903614457832,93.17269076305222
2019,V Shankar,196,244,124.48979591836735,82.99319727891157
2019,WP Saha,55,86,156.36363636363637,100.0
2019,YK Pathan,47,40,85.1063829787234,56.73758865248227
2019,Yuvraj Singh,83,98,118.07228915662651,78.714859437751
2021,AB de Villiers,507,767,151.28205128205127,100.0
2021,AD Russell,209,300,143.54066985645932,95.69377990430621
2021,AJ Finch,254,268,105.51181102362204,70.34120734908136
2021,AK Markram,123,146,118.69918699186992,79.13279132791328
2021,AM Rahane,122,121,99.18032786885246,66.12021857923497
2021,AR Patel,142,157,110.56338028169014,73.70892018779342
2021,AT Carey,29,32,110.34482758620689,73.5632183908046
2021,AT Rayudu,464,616,132.75862068965517,88.50574712643679
2021,Abdul Samad,155,222,143.22580645161293,95.48387096774195
2021,Abhishek Sharma,137,169,123.35766423357664,82.23844282238443
2021,B Kumar,34,34,100.0,66.66666666666666
2021,BA Stokes,210,285,135.71428571428572,90.47619047619048
2021,C Sakariya,25,16,64.0,42.66666666666667
2021,CA Lynn,36,49,136.11111111111111,90.74074074074075
2021,CH Gayle,383,481,125.58746736292427,83.72497824194951
2021,CH Morris,74,101,136.48648648648648,90.990990990991
2021,CJ Jordan,54,61,112.96296296296295,75.30864197530863
2021,CV Varun,20,12,60.0,40.0
2021,D Padikkal,740,884,119.45945945945947,79.63963963963965
2021,DA Miller,115,124,107.82608695652173,71.8840579710145
2021,DA Warner,610,743,121.80327868852459,81.20218579234972
2021,DJ Bravo,28,54,192.85714285714286,100.0
2021,DJ Hooda,198,261,131.8181818181818,87.87878787878788
2021,DJ Malan,26,26,100.0,66.66666666666666
2021,DT Christian,24,14,58.333333333333336,38.88888888888889
2021,E Lewis,96,151,157.29166666666669,100.0
2021,EJG Morgan,454,551,121.36563876651982,80.91042584434655
2021,F du Plessis,800,1082,135.25,90.16666666666666
2021,GD Phillips,33,26,78.78787878787878,52.52525252525252
2021,GJ Maxwell,485,621,128.04123711340205,85.36082474226802
2021,Gurkeerat Singh,83,71,85.54216867469879,57.028112449799195
2021,HH Pandya,279,408,146.23655913978496,97.4910394265233
2021,HV Patel,73,80,109.58904109589041,73.0593607305936
2021,Harpreet Brar,61,64,104.91803278688525,69.94535519125684
2021,Ishan Kishan,543,757,139.4106813996317,92.94045426642114
2021,J Yadav,26,34,130.76923076923077,87.17948717948718
2021,JA Richardson,25,15,60.0,40.0
2021,JC Archer,66,113,171.21212121212122,100.0
2021,JC Buttler,406,582,143.34975369458127,95.56650246305418
2021,JD Unadkat,45,50,111.11111111111111,74.07407407407408
2021,JDS Neesham,20,19,95.0,63.33333333333333
2021,JJ Bumrah,20,21,105.0,70.0
2021,JJ Roy,125,150,120.0,80.0
2021,JM Bairstow,463,593,128.07775377969764,85.38516918646509
2021,JO Holder,127,151,118.8976377952756,79.26509186351707
2021,JR Philippe,80,78,97.5,65.0
2021,K Gowtham,27,42,155.55555555555557,100.0
2021,K Rabada,58,69,118.96551724137932,79.3103448275862
2021,KA Jamieson,55,65,118.18181818181819,78.7878787878788
2021,KA Pollard,327,513,156.88073394495413,100.0
2021,KD Karthik,307,392,127.6872964169381,85.12486427795874
2021,KH Pandya,218,252,115.59633027522935,77.06422018348623
2021,KL Nagarkoti,34,22,64.70588235294117,43.13725490196078
2021,KL Rahul,990,1296,130.9090909090909,87.27272727272727
2021,KM Jadhav,123,117,95.1219512195122,63.41463414634146
2021,KS Bharat,161,191,118.6335403726708,79.08902691511386
2021,KS Williamson,488,583,119.4672131147541,79.6448087431694
2021,Kuldeep Yadav,21,13,61.904761904761905,41.269841269841265
2021,LH Ferguson,42,61,145.23809523809524,96.82539682539682
2021,LS Livingstone,43,42,97.67441860465115,65.11627906976743
2021,Lalit Yadav,75,68,90.66666666666666,60.444444444444436
2021,M Ashwin,28,19,67.85714285714286,45.23809523809524
2021,M Shahrukh Khan,118,153,129.66101694915255,86.4406779661017
2021,M Vijay,44,32,72.72727272727273,48.48484848484849
2021,M Vohra,40,42,105.0,70.0
2021,MA Agarwal,607,865,142.50411861614498,95.00274574409666
2021,MC Henriques,32,31,96.875,64.58333333333334
2021,MK Lomror,130,153,117.6923076923077,78.46153846153847
2021,MK Pandey,596,717,120.30201342281879,80.20134228187919
2021,MM Ali,286,369,129.020979020979,86.01398601398601
2021,MP Stoinis,324,441,136.11111111111111,90.74074074074075
2021,MS Dhoni,286,314,109.79020979020979,73.1934731934732
2021,Mandeep Singh,125,145,115.99999999999999,77.33333333333331
2021,Mohammad Nabi,30,45,150.0,100.0
2021,Mohammed Shami,20,15,75.0,50.0
2021,Mohammed Siraj,40,37,92.5,61.66666666666667
2021,N Jagadeesan,31,33,106.4516129032258,70.96774193548386
2021,N Pooran,290,438,151.03448275862067,100.0
2021,N Rana,585,735,125.64102564102564,83.76068376068375
2021,NM Coulter-Nile,20,29,145.0,96.66666666666667
2021,Navdeep Saini,32,29,90.625,60.416666666666664
2021,P Simran Singh,38,34,89.47368421052632,59.64912280701754
2021,PJ Cummins,180,239,132.77777777777777,88.51851851851852
2021,PK Garg,191,205,107.32984293193716,71.55322862129144
2021,PP Shaw,478,707,147.907949790795,98.60529986053
2021,Q de Kock,626,800,127.79552715654951,85.19701810436634
2021,R Ashwin,77,81,105.1948051948052,70.12987012987013
2021,R Parag,165,179,108.4848484848485,72.32323232323233
2021,R Tewatia,339,410,120.94395280235987,80.6293018682399
2021,RA Jadeja,312,459,147.1153846153846,98.07692307692307
2021,RA Tripathi,471,627,133.12101910828025,88.74734607218684
2021,RD Gaikwad,647,839,129.67542503863987,86.45028335909325
2021,RG Sharma,579,713,123.14335060449051,82.09556706966033
2021,RM Patidar,65,71,109.23076923076923,72.82051282051282
2021,RR Pant,655,762,116.33587786259542,77.55725190839695
2021,RV Patel,29,25,86.20689655172413,57.47126436781609
2021,RV Uthappa,256,311,121.484375,80.98958333333334
2021,Rashid Khan,103,118,114.5631067961165,76.37540453074433
2021,S Dhawan,911,1205,132.2722283205269,88.18148554701793
2021,S Dube,314,359,114.33121019108282,76.2208067940552
2021,S Gopal,46,44,95.65217391304348,63.76811594202899
2021,SA Yadav,566,797,140.81272084805653,93.87514723203768
2021,SK Raina,133,160,120.30075187969925,80.20050125313283
2021,SM Curran,175,242,138.28571428571428,92.19047619047619
2021,SN Khan,34,33,97.05882352941177,64.70588235294117
2021,SN Thakur,27,17,62.96296296296296,41.9753086419753
2021,SO Hetmyer,280,427,152.5,100.0
2021,SP Narine,143,183,127.97202797202797,85.3146853146853
2021,SPD Smith,383,463,120.88772845953002,80.59181897302001
2021,SR Watson,254,299,117.71653543307086,78.4776902887139
2021,SS Iyer,614,694,113.02931596091206,75.3528773072747
2021,SS Tiwary,180,218,121.1111111111111,80.74074074074073
2021,SV Samson,614,859,139.90228013029315,93.26818675352877
2021,Sandeep Sharma,22,20,90.9090909090909,60.60606060606061
2021,Shahbaz Ahmed,56,60,107.14285714285714,71.42857142857143
2021,Shakib Al Hasan,50,47,94.0,62.66666666666667
2021,Shivam Mavi,35,35,100.0,66.66666666666666
2021,Shubman Gill,797,918,115.18193224592221,76.78795483061481
2021,T Banton,22,18,81.81818181818183,54.545454545454554
2021,TK Curran,80,104,130.0,86.66666666666667
2021,V Kohli,747,871,116.59973226238287,77.73315484158859
2021,V Shankar,151,155,102.64900662251655,68.4326710816777
2021,VR Iyer,299,370,123.74581939799332,82.49721293199555
2021,Virat Singh,26,15,57.692307692307686,38.46153846153846
2021,WP Saha,303,345,113.86138613861385,75.9075907590759
2021,Washington Sundar,146,142,97.26027397260275,64.84018264840184
2021,YBK Jaiswal,212,289,136.32075471698113,90.88050314465409
2021,YS Chahal,32,11,34.375,22.916666666666664
2022,A Badoni,139,161,115.8273381294964,77.21822541966426
2022,A Manohar,79,108,136.70886075949366,91.13924050632912
2022,AD Russell,200,335,167.5,100.0
2022,AJ Finch,70,86,122.85714285714286,81.9047619047619
2022,AK Markram,277,381,137.5451263537906,91.69675090252707
2022,AM Rahane,131,133,101.52671755725191,67.68447837150127
2022,AR Patel,122,182,149.18032786885246,99.4535519125683
2022,AT Rayudu,230,274,119.1304347826087,79.42028985507247
2022,Abhishek Sharma,329,426,129.48328267477203,86.32218844984801
2022,Anuj Rawat,123,129,104.8780487804878,69.91869918699187
2022,Arshdeep Singh,30,21,70.0,46.666666666666664
2022,B Indrajith,31,21,67.74193548387096,45.16129032258064
2022,B Kumar,28,24,85.71428571428571,57.14285714285714
2022,B Sai Sudharsan,118,145,122.88135593220339,81.92090395480226
2022,D Brevis,116,161,138.79310344827587,92.52873563218391
2022,D Padikkal,317,376,118.61198738170347,79.07465825446897
2022,D Pretorius,28,44,157.14285714285714,100.0
2022,DA Miller,348,481,138.2183908045977,92.1455938697318
2022,DA Warner,301,432,143.52159468438538,95.68106312292358
2022,DJ Bravo,26,23,88.46153846153845,58.974358974358964
2022,DJ Hooda,340,451,132.64705882352942,88.43137254901961
2022,DJ Mitchell,46,33,71.73913043478261,47.82608695652174
2022,DJ Willey,32,18,56.25,37.5
2022,DP Conway,176,252,143.1818181818182,95.45454545454545
2022,DR Sams,40,38,95.0,63.33333333333333
2022,E Lewis,60,73,121.66666666666666,81.1111111111111
2022,F du Plessis,377,468,124.13793103448276,82.75862068965517
2022,GJ Maxwell,184,301,163.58695652173913,100.0
2022,HE van der Dussen,25,22,88.0,58.666666666666664
2022,HH Pandya,387,487,125.83979328165375,83.8931955211025
2022,HR Shokeen,48,43,89.58333333333334,59.72222222222223
2022,HV Patel,42,43,102.38095238095238,68.25396825396825
2022,Harpreet Brar,25,22,88.0,58.666666666666664
2022,Ishan Kishan,355,418,117.74647887323944,78.49765258215963
2022,JC Buttler,596,863,144.7986577181208,96.53243847874721
2022,JD Unadkat,37,59,159.45945945945945,100.0
2022,JDS Neesham,27,31,114.81481481481481,76.5432098765432
2022,JM Bairstow,180,253,140.55555555555554,93.7037037037037
2022,JM Sharma,149,234,157.04697986577182,100.0
2022,JO Holder,46,58,126.08695652173914,84.05797101449276
2022,JR Hazlewood,27,18,66.66666666666666,44.444444444444436
2022,K Rabada,47,48,102.12765957446808,68.08510638297872
2022,KA Pollard,146,144,98.63013698630137,65.75342465753424
2022,KD Karthik,188,330,175.531914893617,100.0
2022,KH Pandya,150,183,122.0,81.33333333333333
2022,KL Rahul,472,616,130.5084745762712,87.00564971751413
2022,KS Williamson,235,216,91.91489361702128,61.27659574468085
2022,Kuldeep Yadav,54,48,88.88888888888889,59.25925925925925
2022,LS Livingstone,261,437,167.43295019157088,100.0
2022,Lalit Yadav,152,161,105.92105263157893,70.61403508771929
2022,M Shahrukh Khan,118,117,99.15254237288136,66.10169491525424
2022,MA Agarwal,167,196,117.36526946107784,78.2435129740519
2022,MJ Santner,30,22,73.33333333333333,48.888888888888886
2022,MK Lomror,60,86,143.33333333333334,95.55555555555556
2022,MK Pandey,84,88,104.76190476190477,69.84126984126985
2022,MM Ali,183,244,133.33333333333331,88.88888888888887
2022,MP Stoinis,116,156,134.48275862068965,89.65517241379311
2022,MR Marsh,192,251,130.72916666666669,87.15277777777779
2022,MS Dhoni,198,232,117.17171717171718,78.11447811447812
2022,MS Wade,145,157,108.27586206896551,72.183908045977
2022,Mandeep Singh,24,18,75.0,50.0
2022,Mohammed Siraj,33,30,90.9090909090909,60.60606060606061
2022,N Jagadeesan,40,40,100.0,66.66666666666666
2022,N Pooran,228,306,134.21052631578948,89.47368421052632
2022,N Rana,259,361,139.3822393822394,92.92149292149293
2022,OF Smith,50,51,102.0,68.0
2022,PBB Rajapaksa,137,206,150.36496350364962,100.0
2022,PJ Cummins,24,63,262.5,100.0
2022,PK Garg,33,46,139.3939393939394,92.92929292929294
2022,PP Shaw,193,283,146.63212435233163,97.75474956822109
2022,PVD Chameera,32,43,134.375,89.58333333333334
2022,PWH de Silva,48,38,79.16666666666666,52.77777777777777
2022,Q de Kock,350,508,145.14285714285714,96.76190476190476
2022,R Ashwin,140,191,136.42857142857144,90.95238095238096
2022,R Dhawan,41,37,90.2439024390244,60.16260162601627
2022,R Parag,136,183,134.55882352941177,89.70588235294117
2022,R Powell,174,250,143.67816091954023,95.78544061302682
2022,R Shepherd,43,58,134.88372093023256,89.92248062015503
2022,R Tewatia,156,217,139.1025641025641,92.73504273504273
2022,RA Jadeja,105,116,110.47619047619048,73.65079365079366
2022,RA Tripathi,271,413,152.39852398523985,100.0
2022,RD Chahar,70,77,110.00000000000001,73.33333333333334
2022,RD Gaikwad,298,368,123.48993288590604,82.32662192393735
2022,RG Sharma,234,268,114.52991452991452,76.35327635327634
2022,RK Singh,125,174,139.2,92.8
2022,RM Patidar,232,333,143.5344827586207,95.68965517241381
2022,RR Pant,234,340,145.2991452991453,96.86609686609687
2022,RV Uthappa,181,230,127.0718232044199,84.7145488029466
2022,Ramandeep Singh,42,45,107.14285714285714,71.42857142857143
2022,Rashid Khan,44,91,206.81818181818184,100.0
2022,S Dhawan,395,460,116.45569620253164,77.63713080168776
2022,S Dube,194,289,148.96907216494844,99.31271477663229
2022,SA Yadav,210,303,144.28571428571428,96.19047619047618
2022,SE Rutherford,52,33,63.46153846153846,42.30769230769231
2022,SN Khan,69,91,131.8840579710145,87.92270531400966
2022,SN Thakur,90,120,133.33333333333331,88.88888888888887
2022,SO Hetmyer,221,314,142.0814479638009,94.72096530920061
2022,SP Jackson,26,23,88.46153846153845,58.974358974358964
2022,SP Narine,40,71,177.5,100.0
2022,SS Iyer,310,401,129.3548387096774,86.23655913978494
2022,SS Prabhudessai,62,67,108.06451612903226,72.04301075268818
2022,SV Samson,321,458,142.6791277258567,95.11941848390447
2022,SW Billings,143,169,118.18181818181819,78.7878787878788
2022,Shahbaz Ahmed,197,219,111.16751269035532,74.11167512690355
2022,Shashank Singh,47,69,146.80851063829786,97.87234042553192
2022,Shubman Gill,374,483,129.14438502673798,86.09625668449199
2022,TA Boult,30,40,133.33333333333331,88.88888888888887
2022,TH David,91,186,204.39560439560438,100.0
2022,TL Seifert,21,24,114.28571428571428,76.19047619047619
2022,Tilak Varma,313,397,126.83706070287539,84.5580404685836
2022,UT Yadav,41,55,134.14634146341464,89.4308943089431
2022,V Kohli,306,341,111.43790849673204,74.29193899782136
2022,V Shankar,36,19,52.77777777777778,35.18518518518518
2022,VR Iyer,175,182,104.0,69.33333333333334
2022,WP Saha,266,317,119.17293233082707,79.4486215538847
2022,Washington Sundar,76,101,132.89473684210526,88.59649122807018
2022,YBK Jaiswal,198,258,130.3030303030303,86.86868686868688
2023,A Badoni,186,238,127.95698924731182,85.30465949820788
2023,A Manohar,86,114,132.5581395348837,88.3720930232558
2023,A Mishra,30,19,63.33333333333333,42.222222222222214
2023,A Nortje,29,37,127.58620689655173,85.05747126436782
2023,AD Russell,162,227,140.12345679012347,93.41563786008231
2023,AK Markram,200,248,124.0,82.66666666666667
2023,AM Rahane,193,326,168.9119170984456,100.0
2023,AR Patel,216,283,131.0185185185185,87.34567901234567
2023,AT Rayudu,115,158,137.3913043478261,91.59420289855072
2023,Abdul Samad,131,169,129.00763358778627,86.00508905852419
2023,Abhishek Sharma,166,226,136.14457831325302,90.76305220883535
2023,Abishek Porel,31,33,106.4516129032258,70.96774193548386
2023,Aman Hakim Khan,106,110,103.77358490566037,69.18238993710692
2023,Anmolpreet Singh,83,105,126.50602409638554,84.33734939759037
2023,Anuj Rawat,72,91,126.38888888888889,84.25925925925925
2023,Atharva Taide,136,186,136.76470588235296,91.1764705882353
2023,B Kumar,49,42,85.71428571428571,57.14285714285714
2023,B Sai Sudharsan,264,362,137.12121212121212,91.41414141414141
2023,C Green,287,452,157.49128919860627,100.0
2023,D Padikkal,206,261,126.6990291262136,84.46601941747574
2023,DA Miller,184,259,140.76086956521738,93.84057971014492
2023,DA Warner,406,516,127.0935960591133,84.72906403940887
2023,DJ Hooda,93,84,90.32258064516128,60.21505376344085
2023,DJ Willey,32,35,109.375,72.91666666666666
2023,DP Conway,493,672,136.30831643002028,90.87221095334685
2023,Dhruv Jurel,93,152,163.44086021505376,100.0
2023,F du Plessis,483,730,151.13871635610764,100.0
2023,GD Phillips,22,39,177.27272727272728,100.0
2023,GJ Maxwell,225,400,177.77777777777777,100.0
2023,H Klaasen,262,448,170.99236641221373,100.0
2023,HC Brook,159,190,119.49685534591194,79.66457023060795
2023,HH Pandya,254,346,136.2204724409449,90.81364829396325
2023,Harpreet Brar,42,52,123.80952380952381,82.53968253968253
2023,Harpreet Singh,59,76,128.81355932203388,85.87570621468925
2023,Ishan Kishan,325,454,139.69230769230768,93.12820512820512
2023,JC Buttler,298,392,131.54362416107384,87.69574944071589
2023,JJ Roy,196,285,145.40816326530611,96.93877551020408
2023,JM Sharma,205,309,150.73170731707316,100.0
2023,K Gowtham,44,61,138.63636363636365,92.42424242424244
2023,KD Karthik,106,140,132.0754716981132,88.0503144654088
2023,KH Pandya,172,188,109.30232558139534,72.86821705426357
2023,KL Rahul,247,274,110.93117408906883,73.95411605937923
2023,KR Mayers,276,379,137.31884057971016,91.54589371980677
2023,KS Sharma,21,12,57.14285714285714,38.095238095238095
2023,Kuldeep Yadav,50,31,62.0,41.333333333333336
2023,LS Livingstone,175,279,159.42857142857144,100.0
2023,Lalit Yadav,62,66,106.4516129032258,70.96774193548386
2023,M Jansen,45,39,86.66666666666667,57.777777777777786
2023,M Shahrukh Khan,100,156,156.0,100.0
2023,MA Agarwal,219,270,123.28767123287672,82.19178082191782
2023,MD Shanaka,26,26,100.0,66.66666666666666
2023,MG Bracewell,49,58,118.36734693877551,78.91156462585033
2023,MK Lomror,101,135,133.66336633663366,89.10891089108911
2023,MK Pandey,149,160,107.38255033557047,71.58836689038031
2023,MM Ali,92,124,134.7826086956522,89.85507246376812
2023,MP Stoinis,281,408,145.19572953736656,96.79715302491104
2023,MR Marsh,97,128,131.95876288659792,87.97250859106528
2023,MS Dhoni,63,104,165.07936507936506,100.0
2023,MW Short,99,117,118.18181818181819,78.7878787878788
2023,N Jagadeesan,84,89,105.95238095238095,70.63492063492063
2023,N Pooran,217,358,164.97695852534562,100.0
2023,N Rana,303,413,136.3036303630363,90.86908690869086
2023,N Wadhera,171,241,140.93567251461988,93.95711500974659
2023,Naveen-ul-Haq,22,16,72.72727272727273,48.48484848484849
2023,P Dubey,20,16,80.0,53.333333333333336
2023,P Simran Singh,245,358,146.12244897959184,97.41496598639455
2023,PBB Rajapaksa,64,71,110.9375,73.95833333333334
2023,PD Salt,135,218,161.4814814814815,100.0
2023,PK Garg,23,22,95.65217391304348,63.76811594202899
2023,PN Mankad,74,93,125.67567567567568,83.78378378378379
2023,PP Chawla,22,25,113.63636363636364,75.75757575757575
2023,PP Shaw,90,106,117.77777777777779,78.51851851851852
2023,PWH de Silva,30,33,110.00000000000001,73.33333333333334
2023,Q de Kock,103,143,138.83495145631068,92.55663430420712
2023,R Ashwin,55,67,121.81818181818183,81.21212121212122
2023,R Parag,68,78,114.70588235294117,76.47058823529412
2023,R Tewatia,61,87,142.62295081967213,95.08196721311475
2023,RA Jadeja,138,190,137.68115942028984,91.78743961352657
2023,RA Tripathi,217,273,125.80645161290323,83.87096774193549
2023,RD Gaikwad,411,590,143.5523114355231,95.70154095701541
2023,RG Sharma,258,332,128.68217054263567,85.78811369509044
2023,RK Singh,333,474,142.34234234234233,94.89489489489489
2023,RR Rossouw,148,209,141.2162162162162,94.14414414414412
2023,RV Patel,44,49,111.36363636363636,74.24242424242425
2023,Rahmanullah Gurbaz,178,227,127.52808988764043,85.01872659176028
2023,Rashid Khan,66,130,196.96969696969697,100.0
2023,Ravi Bishnoi,28,20,71.42857142857143,47.61904761904762
2023,S Dhawan,275,373,135.63636363636365,90.42424242424244
2023,S Dube,277,418,150.90252707581226,100.0
2023,SA Yadav,340,605,177.94117647058823,100.0
2023,SM Curran,213,276,129.5774647887324,86.38497652582161
2023,SN Khan,62,53,85.48387096774194,56.98924731182796
2023,SN Thakur,72,113,156.94444444444443,100.0
2023,SO Hetmyer,205,299,145.85365853658536,97.23577235772358
2023,SP Narine,28,21,75.0,50.0
2023,SS Prabhudessai,32,35,109.375,72.91666666666666
2023,SV Samson,240,362,150.83333333333334,100.0
2023,Shahbaz Ahmed,41,42,102.4390243902439,68.29268292682926
2023,Shubman Gill,582,890,152.9209621993127,100.0
2023,Sikandar Raza,104,139,133.65384615384613,89.10256410256409
2023,T Stubbs,31,25,80.64516129032258,53.76344086021505
2023,TH David,155,231,149.03225806451613,99.35483870967742
2023,Tilak Varma,226,343,151.76991150442478,100.0
2023,UT Yadav,20,19,95.0,63.33333333333333
2023,V Kohli,473,639,135.0951374207188,90.06342494714586
2023,V Shankar,199,301,151.25628140703517,100.0
2023,VR Iyer,288,404,140.27777777777777,93.5185185185185
2023,Vishnu Vinod,32,37,115.625,77.08333333333334
2023,Vivrant Sharma,49,69,140.81632653061226,93.87755102040816
2023,WP Saha,297,371,124.91582491582491,83.27721661054994
2023,Washington Sundar,62,60,96.7741935483871,64.51612903225808
2023,YBK Jaiswal,397,625,157.43073047858942,100.0
2023,YV Dhull,23,16,69.56521739130434,46.37681159420289
2024,A Badoni,180,235,130.55555555555557,87.03703703703705
2024,A Raghuvanshi,109,163,149.54128440366972,99.69418960244649
2024,AD Russell,141,222,157.4468085106383,100.0
2024,AJ Turner,20,21,105.0,70.0
2024,AK Markram,187,220,117.64705882352942,78.43137254901961
2024,AM Rahane,200,242,121.0,80.66666666666666
2024,AR Patel,183,235,128.4153005464481,85.61020036429873
2024,Abdul Samad,113,182,161.06194690265488,100.0
2024,Abhishek Sharma,248,484,195.16129032258064,100.0
2024,Abishek Porel,213,327,153.52112676056336,100.0
2024,Anuj Rawat,80,98,122.50000000000001,81.66666666666667
2024,Arshad Khan,52,78,150.0,100.0
2024,Ashutosh Sharma,118,189,160.16949152542372,100.0
2024,Atharva Taide,41,61,148.78048780487805,99.1869918699187
2024,Azmatullah Omarzai,34,42,123.52941176470588,82.35294117647058
2024,B Kumar,30,23,76.66666666666667,51.11111111111112
2024,B Sai Sudharsan,388,527,135.82474226804123,90.54982817869416
2024,C Green,185,255,137.83783783783784,91.8918918918919
2024,D Brevis,60,69,114.99999999999999,76.66666666666666
2024,D Padikkal,60,38,63.33333333333333,42.222222222222214
2024,DA Miller,149,210,140.93959731543623,93.95973154362416
2024,DA Warner,130,168,129.23076923076923,86.15384615384615
2024,DJ Hooda,107,145,135.5140186915888,90.34267912772587
2024,DJ Mitchell,228,318,139.4736842105263,92.98245614035086
2024,Dhruv Jurel,144,195,135.41666666666669,90.27777777777779
2024,F du Plessis,276,438,158.69565217391303,100.0
2024,G Coetzee,22,14,63.63636363636363,42.42424242424242
2024,GJ Maxwell,46,52,113.04347826086956,75.36231884057972
2024,H Klaasen,293,479,163.48122866894198,100.0
2024,HH Pandya,154,216,140.25974025974025,93.5064935064935
2024,Harpreet Brar,59,75,127.11864406779661,84.7457627118644
2024,Harpreet Singh,34,27,79.41176470588235,52.94117647058824
2024,Ishan Kishan,222,320,144.14414414414415,96.09609609609609
2024,J Fraser-McGurk,150,330,220.00000000000003,100.0
2024,JC Buttler,266,359,134.9624060150376,89.97493734335839
2024,JD Unadkat,27,24,88.88888888888889,59.25925925925925
2024,JM Bairstow,197,298,151.26903553299493,100.0
2024,JM Sharma,147,187,127.2108843537415,84.80725623582767
2024,KD Karthik,195,326,167.17948717948718,100.0
2024,KH Pandya,112,133,118.75,79.16666666666666
2024,KL Rahul,398,520,130.6532663316583,87.10217755443887
2024,KS Williamson,27,27,100.0,66.66666666666666
2024,Kuldeep Yadav,44,47,106.81818181818181,71.2121212121212
2024,LS Livingstone,82,111,135.3658536585366,90.2439024390244
2024,M Shahrukh Khan,77,127,164.93506493506493,100.0
2024,MA Agarwal,59,64,108.47457627118644,72.31638418079096
2024,MK Lomror,74,125,168.91891891891893,100.0
2024,MK Pandey,33,42,127.27272727272727,84.84848484848484
2024,MM Ali,105,128,121.90476190476191,81.26984126984127
2024,MP Stoinis,272,388,142.64705882352942,95.09803921568628
2024,MR Marsh,41,61,148.78048780487805,99.1869918699187
2024,MS Dhoni,82,161,196.34146341463415,100.0
2024,Mohammad Nabi,31,35,112.90322580645163,75.26881720430109
2024,N Pooran,296,499,168.58108108108107,100.0
2024,N Rana,35,42,120.0,80.0
2024,N Wadhera,90,109,121.1111111111111,80.74074074074073
2024,Naman Dhir,84,140,166.66666666666669,100.0
2024,Nithish Kumar Reddy,221,303,137.10407239819006,91.4027149321267
2024,P Simran Singh,216,334,154.62962962962962,100.0
2024,PD Salt,250,435,174.0,100.0
2024,PJ Cummins,99,136,137.37373737373736,91.58249158249157
2024,PP Shaw,125,198,158.4,100.0
2024,Q de Kock,194,250,128.8659793814433,85.9106529209622
2024,R Ashwin,76,86,113.1578947368421,75.43859649122805
2024,R Parag,407,573,140.78624078624077,93.85749385749385
2024,R Powell,71,103,145.07042253521126,96.71361502347418
2024,R Ravindra,146,222,152.05479452054794,100.0
2024,R Shepherd,24,57,237.5,100.0
2024,R Tewatia,139,188,135.25179856115108,90.16786570743405
2024,RA Jadeja,191,267,139.79057591623035,93.1937172774869
2024,RA Tripathi,121,165,136.36363636363635,90.90909090909089
2024,RD Gaikwad,425,583,137.1764705882353,91.45098039215686
2024,RG Sharma,293,417,142.320819112628,94.88054607508532
2024,RK Singh,117,168,143.5897435897436,95.72649572649573
2024,RM Patidar,237,395,166.66666666666669,100.0
2024,RR Pant,296,446,150.67567567567568,100.0
2024,RR Rossouw,122,211,172.95081967213116,100.0
2024,Rahmanullah Gurbaz,50,62,124.0,82.66666666666667
2024,Ramandeep Singh,64,125,195.3125,100.0
2024,Rashid Khan,75,102,136.0,90.66666666666666
2024,Rasikh Salam,30,28,93.33333333333333,62.22222222222222
2024,S Dhawan,125,152,121.6,81.06666666666666
2024,S Dube,259,396,152.8957528957529,100.0
2024,SA Yadav,209,345,165.07177033492823,100.0
2024,SB Dubey,21,33,157.14285714285714,100.0
2024,SD Hope,125,183,146.4,97.60000000000001
2024,SM Curran,230,270,117.3913043478261,78.26086956521739
2024,SO Hetmyer,72,113,156.94444444444443,100.0
2024,SP Narine,292,488,167.12328767123287,100.0
2024,SS Iyer,250,351,140.39999999999998,93.59999999999998
2024,SV Samson,367,531,144.68664850136238,96.45776566757492
2024,Sameer Rizvi,43,51,118.6046511627907,79.06976744186048
2024,Shahbaz Ahmed,173,215,124.27745664739885,82.85163776493256
2024,Shashank Singh,225,354,157.33333333333331,100.0
2024,Shubman Gill,295,426,144.40677966101697,96.27118644067798
2024,Sikandar Raza,39,43,110.25641025641026,73.50427350427351
2024,Sumit Kumar,26,18,69.23076923076923,46.15384615384615
2024,Swapnil Singh,22,37,168.1818181818182,100.0
2024,T Kohler-Cadmore,54,48,88.88888888888889,59.25925925925925
2024,T Stubbs,204,378,185.29411764705884,100.0
2024,TH David,168,241,143.45238095238096,95.63492063492063
2024,TM Head,307,567,184.69055374592833,100.0
2024,Tanush Kotian,32,24,75.0,50.0
2024,Tilak Varma,291,416,142.9553264604811,95.30355097365407
2024,V Kohli,497,741,149.09456740442658,99.39637826961773
2024,V Shankar,75,83,110.66666666666667,73.77777777777777
2024,VR Iyer,238,370,155.46218487394958,100.0
2024,WG Jacks,133,230,172.93233082706766,100.0
2024,WP Saha,120,136,113.33333333333333,75.55555555555556
2024,YBK Jaiswal,288,435,151.04166666666669,100.0
2025,A Badoni,235,329,140.0,93.33333333333333
2025,A Manohar,62,61,98.38709677419355,65.59139784946237
2025,A Mhatre,131,240,183.206106870229,100.0
2025,A Raghuvanshi,217,300,138.24884792626727,92.16589861751152
2025,AD Russell,111,167,150.45045045045043,100.0
2025,AK Markram,306,445,145.4248366013072,96.94989106753813
2025,AM Rahane,275,390,141.8181818181818,94.54545454545455
2025,AR Patel,171,263,153.80116959064327,100.0
2025,Abdul Samad,98,164,167.3469387755102,100.0
2025,Abhishek Sharma,242,439,181.40495867768595,100.0
2025,Abishek Porel,210,301,143.33333333333334,95.55555555555556
2025,Aniket Verma,148,236,159.45945945945945,100.0
2025,Arshad Khan,23,23,100.0,66.66666666666666
2025,Ashutosh Sharma,138,204,147.82608695652172,98.55072463768114
2025,Azmatullah Omarzai,43,57,132.5581395348837,88.3720930232558
2025,B Kumar,26,14,53.84615384615385,35.8974358974359
2025,B Sai Sudharsan,509,759,149.11591355599214,99.41060903732809
2025,C Bosch,32,47,146.875,97.91666666666666
2025,D Brevis,129,225,174.41860465116278,100.0
2025,D Padikkal,173,247,142.77456647398844,95.18304431599229
2025,DA Miller,124,153,123.38709677419355,82.25806451612904
2025,DJ Hooda,43,31,72.09302325581395,48.06201550387597
2025,DL Chahar,25,37,148.0,98.66666666666667
2025,DP Conway,125,156,124.8,83.2
2025,Dhruv Jurel,219,333,152.05479452054794,100.0
2025,F du Plessis,170,202,118.82352941176471,79.2156862745098
2025,GJ Maxwell,54,48,88.88888888888889,59.25925925925925
2025,H Klaasen,294,487,165.64625850340136,100.0
2025,HH Pandya,148,224,151.35135135135135,100.0
2025,HV Patel,27,21,77.77777777777779,51.85185185185186
2025,Harshit Rana,54,57,105.55555555555556,70.37037037037037
2025,Ishan Kishan,246,354,143.90243902439025,95.9349593495935
2025,J Fraser-McGurk,53,55,103.77358490566037,69.18238993710692
2025,JC Archer,51,63,123.52941176470588,82.35294117647058
2025,JC Buttler,337,538,159.64391691394658,100.0
2025,JG Bethell,39,67,171.7948717948718,100.0
2025,JM Bairstow,49,85,173.46938775510205,100.0
2025,JM Sharma,155,261,168.38709677419354,100.0
2025,JP Inglis,177,278,157.06214689265536,100.0
2025,KH Pandya,89,109,122.47191011235957,81.64794007490637
2025,KK Nair,122,198,162.29508196721312,100.0
2025,KL Rahul,366,539,147.26775956284152,98.17850637522768
2025,LS Livingstone,90,112,124.44444444444444,82.96296296296296
2025,M Jansen,65,75,115.38461538461537,76.92307692307692
2025,M Shahrukh Khan,104,179,172.1153846153846,100.0
2025,M Theekshana,27,10,37.03703703703704,24.69135802469136
2025,MA Agarwal,65,95,146.15384615384613,97.43589743589742
2025,MJ Santner,34,40,117.64705882352942,78.43137254901961
2025,MK Pandey,67,92,137.3134328358209,91.54228855721392
2025,MP Stoinis,91,160,175.82417582417582,100.0
2025,MR Marsh,401,627,156.35910224438902,100.0
2025,MS Dhoni,154,196,127.27272727272727,84.84848484848484
2025,N Pooran,290,524,180.6896551724138,100.0
2025,N Rana,141,217,153.90070921985816,100.0
2025,N Wadhera,261,369,141.3793103448276,94.25287356321839
2025,Naman Dhir,142,252,177.46478873239437,100.0
2025,Nithish Kumar Reddy,161,182,113.04347826086956,75.36231884057972
2025,P Simran Singh,376,599,159.30851063829786,100.0
2025,PD Salt,238,403,169.32773109243698,100.0
2025,PHKD Mendis,72,92,127.77777777777777,85.18518518518519
2025,PJ Cummins,58,97,167.24137931034483,100.0
2025,Priyansh Arya,310,545,175.80645161290323,100.0
2025,Q de Kock,123,152,123.57723577235772,82.38482384823848
2025,R Ashwin,30,33,110.00000000000001,73.33333333333334
2025,R Parag,245,393,160.40816326530611,100.0
2025,R Ravindra,152,191,125.6578947368421,83.7719298245614
2025,R Shepherd,25,70,280.0,100.0
2025,R Tewatia,63,99,157.14285714285714,100.0
2025,RA Jadeja,229,301,131.4410480349345,87.62736535662302
2025,RA Tripathi,57,55,96.49122807017544,64.32748538011695
2025,RD Gaikwad,82,122,148.78048780487805,99.1869918699187
2025,RD Rickelton,266,388,145.86466165413535,97.24310776942356
2025,RG Sharma,292,418,143.15068493150685,95.4337899543379
2025,RK Singh,139,206,148.20143884892084,98.80095923261389
2025,RM Patidar,225,312,138.66666666666669,92.44444444444446
2025,RR Pant,208,269,129.3269230769231,86.21794871794873
2025,Rahmanullah Gurbaz,55,74,134.54545454545453,89.69696969696969
2025,Ramandeep Singh,36,47,130.55555555555557,87.03703703703705
2025,Rashid Khan,32,40,125.0,83.33333333333334
2025,S Dube,289,357,123.52941176470588,82.35294117647058
2025,SA Yadav,439,717,163.3257403189066,100.0
2025,SB Dubey,66,106,160.6060606060606,100.0
2025,SE Rutherford,203,291,143.34975369458127,95.56650246305418
2025,SK Rasheed,67,71,105.97014925373134,70.64676616915423
2025,SM Curran,88,114,129.54545454545453,86.36363636363636
2025,SO Hetmyer,178,239,134.26966292134833,89.51310861423222
2025,SP Narine,160,246,153.75,100.0
2025,SS Iyer,360,604,167.77777777777777,100.0
2025,SV Samson,205,285,139.02439024390242,92.68292682926827
2025,Sameer Rizvi,83,121,145.78313253012047,97.18875502008031
2025,Shashank Singh,238,350,147.05882352941177,98.03921568627452
2025,Shubman Gill,435,650,149.42528735632183,99.61685823754789
2025,T Stubbs,202,300,148.5148514851485,99.00990099009901
2025,TH David,107,187,174.76635514018693,100.0
2025,TM Head,248,374,150.80645161290323,100.0
2025,Tilak Varma,259,343,132.43243243243242,88.28828828828829
2025,Urvil Patel,34,68,200.0,100.0
2025,V Kohli,466,657,140.9871244635193,93.99141630901288
2025,V Nigam,82,142,173.17073170731706,100.0
2025,V Shankar,95,118,124.21052631578948,82.80701754385966
2025,V Suryavanshi,129,252,195.3488372093023,100.0
2025,VR Iyer,107,142,132.71028037383178,88.47352024922118
2025,WG Jacks,173,233,134.68208092485548,89.78805394990366
2025,Washington Sundar,85,133,156.47058823529412,100.0
2025,YBK Jaiswal,359,559,155.71030640668525,100.0
