season,date,dow,is_weekend,team1,team2,venue,t1_score,t2_score,t1_bat,t1_bowl,t2_bat,t2_bowl,pred_winner,actual_winner,correct
2023,2023-03-31,4,False,Chennai Super Kings,Gujarat Titans,"Narendra Modi Stadium, Ahmedabad",51.98,54.01,68.4,31.9,73.0,30.8,Gujarat Titans,Gujarat Titans,True
2023,2023-04-01,5,True,Punjab Kings,Kolkata Knight Riders,"Punjab Cricket Association IS Bindra Stadium, Mohali",41.49,49.55,47.1,34.6,58.6,38.5,Kolkata Knight Riders,Punjab Kings,False
2023,2023-04-01,5,True,Lucknow Super Giants,Delhi Capitals,"Bharat Ratna Shri Atal Bihari Vajpayee Ekana Cricket Stadium, Lucknow",58.35,49.41,78.1,34.2,60.3,36.1,Lucknow Super Giants,Lucknow Super Giants,True
2023,2023-04-02,6,True,Rajasthan Royals,Sunrisers Hyderabad,"Rajiv Gandhi Intl Cricket Stadium, Hyderabad",63.72,55.32,88.1,33.9,73.5,33.1,Rajasthan Royals,Rajasthan Royals,True
2023,2023-04-02,6,True,Mumbai Indians,Royal Challengers Bangalore,"M Chinnaswamy Stadium, Bengaluru",55.38,43.14,78.8,26.7,59.9,22.6,Mumbai Indians,Royal Challengers Bangalore,False
2023,2023-04-03,0,False,Chennai Super Kings,Lucknow Super Giants,"MA Chidambaram Stadium, Chennai",55.51,59.2,68.8,39.3,77.2,37.2,Lucknow Super Giants,Chennai Super Kings,False
2023,2023-04-04,1,False,Delhi Capitals,Gujarat Titans,"Arun Jaitley Stadium, Delhi",51.55,56.99,65.4,34.6,80.3,28.5,Gujarat Titans,Gujarat Titans,True
2023,2023-04-05,2,False,Punjab Kings,Rajasthan Royals,"Barsapara Cricket Stadium, Guwahati",45.29,62.15,49.4,40.2,84.9,34.3,Rajasthan Royals,Punjab Kings,False
2023,2023-04-06,3,False,Kolkata Knight Riders,Royal Challengers Bangalore,"Eden Gardens, Kolkata",52.77,43.71,65.8,36.8,60.7,22.9,Kolkata Knight Riders,Kolkata Knight Riders,True
2023,2023-04-07,4,False,Sunrisers Hyderabad,Lucknow Super Giants,"Bharat Ratna Shri Atal Bihari Vajpayee Ekana Cricket Stadium, Lucknow",46.06,58.62,62.0,26.6,77.6,35.4,Lucknow Super Giants,Lucknow Super Giants,True
2023,2023-04-08,5,True,Rajasthan Royals,Delhi Capitals,"Barsapara Cricket Stadium, Guwahati",63.93,50.49,84.4,39.0,63.9,34.1,Rajasthan Royals,Rajasthan Royals,True
2023,2023-04-08,5,True,Mumbai Indians,Chennai Super Kings,"Wankhede Stadium, Mumbai",57.2,60.54,86.6,21.3,72.0,46.5,Chennai Super Kings,Chennai Super Kings,True
2023,2023-04-09,6,True,Gujarat Titans,Kolkata Knight Riders,"Narendra Modi Stadium, Ahmedabad",53.68,56.35,73.5,29.5,72.8,36.3,Kolkata Knight Riders,Kolkata Knight Riders,True
2023,2023-04-09,6,True,Punjab Kings,Sunrisers Hyderabad,"Rajiv Gandhi Intl Cricket Stadium, Hyderabad",46.46,55.76,56.3,34.5,74.5,32.9,Sunrisers Hyderabad,Sunrisers Hyderabad,True
2023,2023-04-10,0,False,Royal Challengers Bangalore,Lucknow Super Giants,"M Chinnaswamy Stadium, Bengaluru",40.98,57.89,57.5,20.8,80.4,30.4,Lucknow Super Giants,Lucknow Super Giants,True
2023,2023-04-11,1,False,Delhi Capitals,Mumbai Indians,"Arun Jaitley Stadium, Delhi",50.4,56.96,66.5,30.7,85.7,21.8,Mumbai Indians,Mumbai Indians,True
2023,2023-04-12,2,False,Rajasthan Royals,Chennai Super Kings,"MA Chidambaram Stadium, Chennai",53.8,57.44,77.7,24.6,69.6,42.6,Chennai Super Kings,Rajasthan Royals,False
2023,2023-04-13,3,False,Punjab Kings,Gujarat Titans,"Punjab Cricket Association IS Bindra Stadium, Mohali",46.73,57.04,58.2,32.7,76.1,33.8,Gujarat Titans,Gujarat Titans,True
2023,2023-04-14,4,False,Sunrisers Hyderabad,Kolkata Knight Riders,"Eden Gardens, Kolkata",63.46,58.51,84.5,37.8,75.6,37.6,Sunrisers Hyderabad,Sunrisers Hyderabad,True
2023,2023-04-15,5,True,Royal Challengers Bangalore,Delhi Capitals,"M Chinnaswamy Stadium, Bengaluru",40.98,52.22,57.5,20.8,65.4,36.1,Delhi Capitals,Royal Challengers Bangalore,False
2023,2023-04-15,5,True,Lucknow Super Giants,Punjab Kings,"Bharat Ratna Shri Atal Bihari Vajpayee Ekana Cricket Stadium, Lucknow",56.93,49.73,78.1,31.1,58.2,39.4,Lucknow Super Giants,Punjab Kings,False
2023,2023-04-16,6,True,Kolkata Knight Riders,Mumbai Indians,"Wankhede Stadium, Mumbai",57.06,56.01,70.9,40.2,86.1,19.2,Kolkata Knight Riders,Mumbai Indians,False
2023,2023-04-16,6,True,Gujarat Titans,Rajasthan Royals,"Narendra Modi Stadium, Ahmedabad",60.74,61.92,80.8,36.2,83.5,35.5,Rajasthan Royals,Rajasthan Royals,True
2023,2023-04-17,0,False,Chennai Super Kings,Royal Challengers Bangalore,"M Chinnaswamy Stadium, Bengaluru",58.3,40.9,69.3,44.9,57.3,20.8,Chennai Super Kings,Chennai Super Kings,True
2023,2023-04-18,1,False,Mumbai Indians,Sunrisers Hyderabad,"Rajiv Gandhi Intl Cricket Stadium, Hyderabad",62.91,60.45,93.1,26.0,83.0,32.9,Mumbai Indians,Mumbai Indians,True
2023,2023-04-19,2,False,Lucknow Super Giants,Rajasthan Royals,"Sawai Mansingh Stadium, Jaipur",55.74,64.01,76.5,30.4,86.7,36.3,Rajasthan Royals,Lucknow Super Giants,False
2023,2023-04-20,3,False,Kolkata Knight Riders,Delhi Capitals,"Arun Jaitley Stadium, Delhi",47.38,57.07,60.0,32.0,74.2,36.2,Delhi Capitals,Delhi Capitals,True
2023,2023-04-20,3,False,Royal Challengers Bangalore,Punjab Kings,"Punjab Cricket Association IS Bindra Stadium, Mohali",42.38,50.78,54.8,27.2,64.0,34.6,Punjab Kings,Royal Challengers Bangalore,False
2023,2023-04-21,4,False,Sunrisers Hyderabad,Chennai Super Kings,"MA Chidambaram Stadium, Chennai",54.67,59.98,73.3,31.9,69.6,48.2,Chennai Super Kings,Chennai Super Kings,True
2023,2023-04-22,5,True,Gujarat Titans,Lucknow Super Giants,"Bharat Ratna Shri Atal Bihari Vajpayee Ekana Cricket Stadium, Lucknow",52.42,56.93,61.4,41.4,78.1,31.1,Lucknow Super Giants,Gujarat Titans,False
2023,2023-04-22,5,True,Punjab Kings,Mumbai Indians,"Wankhede Stadium, Mumbai",52.26,58.82,62.0,40.3,86.1,25.5,Mumbai Indians,Punjab Kings,False
2023,2023-04-23,6,True,Royal Challengers Bangalore,Rajasthan Royals,"M Chinnaswamy Stadium, Bengaluru",40.9,64.73,57.3,20.8,87.3,37.2,Rajasthan Royals,Royal Challengers Bangalore,False
2023,2023-04-23,6,True,Chennai Super Kings,Kolkata Knight Riders,"Eden Gardens, Kolkata",58.69,51.17,73.2,41.0,65.8,33.3,Chennai Super Kings,Chennai Super Kings,True
2023,2023-04-24,0,False,Delhi Capitals,Sunrisers Hyderabad,"Rajiv Gandhi Intl Cricket Stadium, Hyderabad",52.91,61.03,68.8,33.6,84.1,32.9,Sunrisers Hyderabad,Delhi Capitals,False
2023,2023-04-25,1,False,Gujarat Titans,Mumbai Indians,"Narendra Modi Stadium, Ahmedabad",52.82,52.96,66.4,36.2,78.9,21.3,Mumbai Indians,Gujarat Titans,False
2023,2023-04-26,2,False,Kolkata Knight Riders,Royal Challengers Bangalore,"M Chinnaswamy Stadium, Bengaluru",49.36,40.9,58.1,38.7,57.3,20.8,Kolkata Knight Riders,Kolkata Knight Riders,True
2023,2023-04-27,3,False,Rajasthan Royals,Chennai Super Kings,"Sawai Mansingh Stadium, Jaipur",57.17,59.57,82.3,26.5,70.7,45.9,Chennai Super Kings,Rajasthan Royals,False
2023,2023-04-28,4,False,Lucknow Super Giants,Punjab Kings,"Punjab Cricket Association IS Bindra Stadium, Mohali",59.06,43.43,82.0,31.0,53.7,30.8,Lucknow Super Giants,Lucknow Super Giants,True
2023,2023-04-29,5,True,Kolkata Knight Riders,Gujarat Titans,"Eden Gardens, Kolkata",56.69,53.21,70.8,39.4,63.6,40.5,Kolkata Knight Riders,Gujarat Titans,False
2023,2023-04-29,5,True,Sunrisers Hyderabad,Delhi Capitals,"Arun Jaitley Stadium, Delhi",61.89,53.53,82.5,36.8,67.8,36.2,Sunrisers Hyderabad,Sunrisers Hyderabad,True
2023,2023-04-30,6,True,Chennai Super Kings,Punjab Kings,"MA Chidambaram Stadium, Chennai",59.98,51.03,69.6,48.2,59.7,40.4,Chennai Super Kings,Punjab Kings,False
2023,2023-04-30,6,True,Rajasthan Royals,Mumbai Indians,"Wankhede Stadium, Mumbai",64.12,59.2,87.1,36.1,86.1,26.3,Rajasthan Royals,Mumbai Indians,False
2023,2023-05-01,0,False,Royal Challengers Bangalore,Lucknow Super Giants,"Bharat Ratna Shri Atal Bihari Vajpayee Ekana Cricket Stadium, Lucknow",41.85,53.95,52.2,29.2,71.7,32.3,Lucknow Super Giants,Royal Challengers Bangalore,False
2023,2023-05-02,1,False,Delhi Capitals,Gujarat Titans,"Narendra Modi Stadium, Ahmedabad",47.57,52.82,51.9,42.3,66.4,36.2,Gujarat Titans,Delhi Capitals,False
2023,2023-05-03,2,False,Punjab Kings,Mumbai Indians,"Punjab Cricket Association IS Bindra Stadium, Mohali",50.78,61.64,64.0,34.6,88.8,28.5,Mumbai Indians,Mumbai Indians,True
2023,2023-05-04,3,False,Kolkata Knight Riders,Sunrisers Hyderabad,"Rajiv Gandhi Intl Cricket Stadium, Hyderabad",58.0,57.87,70.2,43.1,78.3,32.9,Kolkata Knight Riders,Kolkata Knight Riders,True
2023,2023-05-05,4,False,Rajasthan Royals,Gujarat Titans,"Sawai Mansingh Stadium, Jaipur",63.44,56.19,86.7,35.0,71.0,38.1,Rajasthan Royals,Gujarat Titans,False
2023,2023-05-06,5,True,Mumbai Indians,Chennai Super Kings,"MA Chidambaram Stadium, Chennai",57.33,62.42,78.9,30.9,74.0,48.2,Chennai Super Kings,Chennai Super Kings,True
2023,2023-05-06,5,True,Royal Challengers Bangalore,Delhi Capitals,"Arun Jaitley Stadium, Delhi",44.88,52.18,57.5,29.5,65.3,36.2,Delhi Capitals,Delhi Capitals,True
2023,2023-05-07,6,True,Gujarat Titans,Lucknow Super Giants,"Narendra Modi Stadium, Ahmedabad",52.82,55.06,66.4,36.2,71.4,35.1,Lucknow Super Giants,Gujarat Titans,False
2023,2023-05-07,6,True,Rajasthan Royals,Sunrisers Hyderabad,"Sawai Mansingh Stadium, Jaipur",52.88,60.54,73.9,27.2,83.3,32.7,Sunrisers Hyderabad,Sunrisers Hyderabad,True
2023,2023-05-08,0,False,Punjab Kings,Kolkata Knight Riders,"Eden Gardens, Kolkata",49.2,57.57,59.4,36.7,70.8,41.4,Kolkata Knight Riders,Kolkata Knight Riders,True
2023,2023-05-09,1,False,Royal Challengers Bangalore,Mumbai Indians,"Wankhede Stadium, Mumbai",42.52,54.8,51.3,31.8,87.9,14.3,Mumbai Indians,Mumbai Indians,True
2023,2023-05-10,2,False,Chennai Super Kings,Delhi Capitals,"MA Chidambaram Stadium, Chennai",62.42,51.69,74.0,48.2,60.0,41.5,Chennai Super Kings,Chennai Super Kings,True
2023,2023-05-11,3,False,Kolkata Knight Riders,Rajasthan Royals,"Eden Gardens, Kolkata",56.69,53.56,70.8,39.4,73.2,29.5,Kolkata Knight Riders,Rajasthan Royals,False
2023,2023-05-12,4,False,Mumbai Indians,Gujarat Titans,"Wankhede Stadium, Mumbai",51.14,51.79,81.3,14.3,65.6,34.9,Gujarat Titans,Mumbai Indians,False
2023,2023-05-13,5,True,Sunrisers Hyderabad,Lucknow Super Giants,"Rajiv Gandhi Intl Cricket Stadium, Hyderabad",59.58,57.04,80.1,34.5,80.9,27.9,Sunrisers Hyderabad,Lucknow Super Giants,False
2023,2023-05-13,5,True,Punjab Kings,Delhi Capitals,"Arun Jaitley Stadium, Delhi",47.04,52.18,50.2,43.2,65.3,36.2,Delhi Capitals,Punjab Kings,False
2023,2023-05-14,6,True,Royal Challengers Bangalore,Rajasthan Royals,"Sawai Mansingh Stadium, Jaipur",42.25,57.5,56.8,24.5,82.3,27.2,Rajasthan Royals,Royal Challengers Bangalore,False
2023,2023-05-14,6,True,Chennai Super Kings,Kolkata Knight Riders,"MA Chidambaram Stadium, Chennai",62.42,60.27,74.0,48.2,70.6,47.7,Chennai Super Kings,Kolkata Knight Riders,False
2023,2023-05-15,0,False,Gujarat Titans,Sunrisers Hyderabad,"Narendra Modi Stadium, Ahmedabad",60.74,58.06,80.8,36.2,77.2,34.6,Gujarat Titans,Gujarat Titans,True
2023,2023-05-16,1,False,Lucknow Super Giants,Mumbai Indians,"Bharat Ratna Shri Atal Bihari Vajpayee Ekana Cricket Stadium, Lucknow",55.43,52.19,73.2,33.7,80.6,17.5,Lucknow Super Giants,Lucknow Super Giants,True
2023,2023-05-17,2,False,Delhi Capitals,Punjab Kings,"Himachal Pradesh Cricket Association Stadium, Dharamsala",44.0,48.95,57.2,27.8,63.8,30.8,Punjab Kings,Delhi Capitals,False
2023,2023-05-18,3,False,Sunrisers Hyderabad,Royal Challengers Bangalore,"Rajiv Gandhi Intl Cricket Stadium, Hyderabad",58.91,47.16,80.1,33.0,62.8,28.1,Sunrisers Hyderabad,Royal Challengers Bangalore,False
2023,2023-05-19,4,False,Punjab Kings,Rajasthan Royals,"Himachal Pradesh Cricket Association Stadium, Dharamsala",48.95,62.87,63.8,30.8,87.5,32.8,Rajasthan Royals,Rajasthan Royals,True
2023,2023-05-20,5,True,Chennai Super Kings,Delhi Capitals,"Arun Jaitley Stadium, Delhi",62.5,45.06,75.7,46.4,55.9,31.8,Chennai Super Kings,Chennai Super Kings,True
2023,2023-05-20,5,True,Lucknow Super Giants,Kolkata Knight Riders,"Eden Gardens, Kolkata",53.09,57.57,68.4,34.4,70.8,41.4,Kolkata Knight Riders,Lucknow Super Giants,False
2023,2023-05-21,6,True,Sunrisers Hyderabad,Mumbai Indians,"Wankhede Stadium, Mumbai",44.28,54.8,55.5,30.6,87.9,14.3,Mumbai Indians,Mumbai Indians,True
2023,2023-05-21,6,True,Royal Challengers Bangalore,Gujarat Titans,"M Chinnaswamy Stadium, Bengaluru",43.42,53.05,58.8,24.6,65.5,37.8,Gujarat Titans,Gujarat Titans,True
2023,2023-05-23,1,False,Chennai Super Kings,Gujarat Titans,"MA Chidambaram Stadium, Chennai",62.42,50.78,74.0,48.2,60.7,38.6,Chennai Super Kings,Chennai Super Kings,True
2023,2023-05-24,2,False,Mumbai Indians,Lucknow Super Giants,"MA Chidambaram Stadium, Chennai",54.0,48.58,79.5,22.8,61.4,33.0,Mumbai Indians,Mumbai Indians,True
2023,2023-05-26,4,False,Gujarat Titans,Mumbai Indians,"Narendra Modi Stadium, Ahmedabad",60.74,51.84,80.8,36.2,78.5,19.3,Gujarat Titans,Gujarat Titans,True
2023,2023-05-29,0,False,Gujarat Titans,Chennai Super Kings,"Narendra Modi Stadium, Ahmedabad",60.74,61.43,80.8,36.2,75.7,44.0,Chennai Super Kings,Chennai Super Kings,True
2024,2024-03-22,4,False,Royal Challengers Bengaluru,Chennai Super Kings,"MA Chidambaram Stadium, Chennai",44.78,65.19,57.7,29.0,78.3,49.1,Chennai Super Kings,Chennai Super Kings,True
2024,2024-03-23,5,True,Delhi Capitals,Punjab Kings,"Punjab Cricket Association IS Bindra Stadium, Mohali",56.18,49.25,70.5,38.7,60.2,35.9,Delhi Capitals,Punjab Kings,False
2024,2024-03-23,5,True,Kolkata Knight Riders,Sunrisers Hyderabad,"Eden Gardens, Kolkata",64.98,61.92,84.8,40.8,80.8,38.8,Kolkata Knight Riders,Kolkata Knight Riders,True
2024,2024-03-24,6,True,Rajasthan Royals,Lucknow Super Giants,"Sawai Mansingh Stadium, Jaipur",64.83,58.83,84.9,40.3,81.9,30.6,Rajasthan Royals,Rajasthan Royals,True
2024,2024-03-24,6,True,Gujarat Titans,Mumbai Indians,"Narendra Modi Stadium, Ahmedabad",56.91,63.58,78.7,30.3,89.4,32.1,Mumbai Indians,Gujarat Titans,False
2024,2024-03-25,0,False,Punjab Kings,Royal Challengers Bengaluru,"M Chinnaswamy Stadium, Bengaluru",51.67,45.12,59.4,42.2,60.9,25.8,Punjab Kings,Royal Challengers Bengaluru,False
2024,2024-03-26,1,False,Chennai Super Kings,Gujarat Titans,"MA Chidambaram Stadium, Chennai",66.67,53.38,78.3,52.4,72.0,30.7,Chennai Super Kings,Chennai Super Kings,True
2024,2024-03-27,2,False,Sunrisers Hyderabad,Mumbai Indians,"Rajiv Gandhi Intl Cricket Stadium, Hyderabad",66.29,62.31,90.8,36.4,91.2,27.0,Sunrisers Hyderabad,Sunrisers Hyderabad,True
2024,2024-03-28,3,False,Rajasthan Royals,Delhi Capitals,"Sawai Mansingh Stadium, Jaipur",64.83,56.94,84.9,40.3,74.4,35.6,Rajasthan Royals,Rajasthan Royals,True
2024,2024-03-29,4,False,Royal Challengers Bengaluru,Kolkata Knight Riders,"M Chinnaswamy Stadium, Bengaluru",45.12,63.97,60.9,25.8,83.8,39.7,Kolkata Knight Riders,Kolkata Knight Riders,True
2024,2024-03-30,5,True,Lucknow Super Giants,Punjab Kings,"Bharat Ratna Shri Atal Bihari Vajpayee Ekana Cricket Stadium, Lucknow",57.22,50.08,79.3,30.2,58.8,39.4,Lucknow Super Giants,Lucknow Super Giants,True
2024,2024-03-31,6,True,Sunrisers Hyderabad,Gujarat Titans,"Narendra Modi Stadium, Ahmedabad",62.81,57.57,81.5,40.0,78.7,31.8,Sunrisers Hyderabad,Gujarat Titans,False
2024,2024-03-31,6,True,Delhi Capitals,Chennai Super Kings,"Dr. Y.S. Rajasekhara Reddy ACA-VDCA Cricket Stadium, Visakhapatnam",59.34,68.41,79.9,34.2,80.5,53.7,Chennai Super Kings,Delhi Capitals,False
2024,2024-04-01,0,False,Mumbai Indians,Rajasthan Royals,"Wankhede Stadium, Mumbai",58.23,67.52,80.9,30.5,86.8,43.9,Rajasthan Royals,Rajasthan Royals,True
2024,2024-04-02,1,False,Lucknow Super Giants,Royal Challengers Bengaluru,"M Chinnaswamy Stadium, Bengaluru",59.06,45.12,85.7,26.5,60.9,25.8,Lucknow Super Giants,Lucknow Super Giants,True
2024,2024-04-03,2,False,Kolkata Knight Riders,Delhi Capitals,"Dr. Y.S. Rajasekhara Reddy ACA-VDCA Cricket Stadium, Visakhapatnam",64.21,59.34,83.3,40.9,79.9,34.2,Kolkata Knight Riders,Kolkata Knight Riders,True
2024,2024-04-04,3,False,Gujarat Titans,Punjab Kings,"Narendra Modi Stadium, Ahmedabad",52.19,54.9,68.9,31.8,70.6,35.7,Punjab Kings,Punjab Kings,True
2024,2024-04-05,4,False,Chennai Super Kings,Sunrisers Hyderabad,"Rajiv Gandhi Intl Cricket Stadium, Hyderabad",65.3,66.34,77.4,50.5,89.7,37.8,Sunrisers Hyderabad,Sunrisers Hyderabad,True
2024,2024-04-06,5,True,Royal Challengers Bengaluru,Rajasthan Royals,"Sawai Mansingh Stadium, Jaipur",46.69,64.31,62.8,27.0,84.9,39.2,Rajasthan Royals,Rajasthan Royals,True
2024,2024-04-07,6,True,Mumbai Indians,Delhi Capitals,"Wankhede Stadium, Mumbai",61.37,53.69,88.1,28.7,71.0,32.5,Mumbai Indians,Mumbai Indians,True
2024,2024-04-07,6,True,Lucknow Super Giants,Gujarat Titans,"Bharat Ratna Shri Atal Bihari Vajpayee Ekana Cricket Stadium, Lucknow",58.14,53.34,79.3,32.3,64.4,39.9,Lucknow Super Giants,Lucknow Super Giants,True
2024,2024-04-08,0,False,Kolkata Knight Riders,Chennai Super Kings,"MA Chidambaram Stadium, Chennai",67.49,65.19,82.9,48.6,78.3,49.1,Kolkata Knight Riders,Chennai Super Kings,False
2024,2024-04-09,1,False,Sunrisers Hyderabad,Punjab Kings,"Punjab Cricket Association IS Bindra Stadium, Mohali",63.69,48.83,85.0,37.6,59.9,35.3,Sunrisers Hyderabad,Sunrisers Hyderabad,True
2024,2024-04-10,2,False,Rajasthan Royals,Gujarat Titans,"Sawai Mansingh Stadium, Jaipur",61.94,54.92,84.9,33.9,73.4,32.3,Rajasthan Royals,Gujarat Titans,False
2024,2024-04-11,3,False,Royal Challengers Bengaluru,Mumbai Indians,"Wankhede Stadium, Mumbai",50.91,62.46,77.8,18.0,88.1,31.1,Mumbai Indians,Mumbai Indians,True
2024,2024-04-12,4,False,Lucknow Super Giants,Delhi Capitals,"Bharat Ratna Shri Atal Bihari Vajpayee Ekana Cricket Stadium, Lucknow",58.14,55.57,79.3,32.3,72.4,35.1,Lucknow Super Giants,Delhi Capitals,False
2024,2024-04-13,5,True,Punjab Kings,Rajasthan Royals,"Punjab Cricket Association IS Bindra Stadium, Mohali",53.54,60.85,68.4,35.3,82.0,35.0,Rajasthan Royals,Rajasthan Royals,True
2024,2024-04-14,6,True,Lucknow Super Giants,Kolkata Knight Riders,"Eden Gardens, Kolkata",59.55,65.28,80.1,34.4,84.7,41.6,Kolkata Knight Riders,Kolkata Knight Riders,True
2024,2024-04-14,6,True,Chennai Super Kings,Mumbai Indians,"Wankhede Stadium, Mumbai",64.98,62.46,76.2,51.3,88.1,31.1,Chennai Super Kings,Chennai Super Kings,True
2024,2024-04-15,0,False,Sunrisers Hyderabad,Royal Challengers Bengaluru,"M Chinnaswamy Stadium, Bengaluru",65.36,45.33,88.5,37.1,65.8,20.4,Sunrisers Hyderabad,Sunrisers Hyderabad,True
2024,2024-04-16,1,False,Kolkata Knight Riders,Rajasthan Royals,"Eden Gardens, Kolkata",65.28,63.5,84.7,41.6,86.7,35.2,Kolkata Knight Riders,Rajasthan Royals,False
2024,2024-04-17,2,False,Gujarat Titans,Delhi Capitals,"Narendra Modi Stadium, Ahmedabad",57.91,60.57,81.8,28.8,75.5,42.3,Delhi Capitals,Delhi Capitals,True
2024,2024-04-18,3,False,Mumbai Indians,Punjab Kings,"Punjab Cricket Association IS Bindra Stadium, Mohali",66.75,53.54,91.9,36.1,68.4,35.3,Mumbai Indians,Mumbai Indians,True
2024,2024-04-19,4,False,Chennai Super Kings,Lucknow Super Giants,"Bharat Ratna Shri Atal Bihari Vajpayee Ekana Cricket Stadium, Lucknow",68.61,58.63,81.5,52.9,79.3,33.4,Chennai Super Kings,Lucknow Super Giants,False
2024,2024-04-20,5,True,Sunrisers Hyderabad,Delhi Capitals,"Arun Jaitley Stadium, Delhi",66.56,55.43,88.2,40.1,74.8,31.8,Sunrisers Hyderabad,Sunrisers Hyderabad,True
2024,2024-04-21,6,True,Punjab Kings,Gujarat Titans,"Punjab Cricket Association IS Bindra Stadium, Mohali",53.54,64.48,68.4,35.3,79.3,46.3,Gujarat Titans,Gujarat Titans,True
2024,2024-04-21,6,True,Kolkata Knight Riders,Royal Challengers Bengaluru,"Eden Gardens, Kolkata",64.9,57.5,84.7,40.8,80.5,29.4,Kolkata Knight Riders,Kolkata Knight Riders,True
2024,2024-04-22,0,False,Mumbai Indians,Rajasthan Royals,"Sawai Mansingh Stadium, Jaipur",61.46,64.16,83.1,35.0,84.9,38.8,Rajasthan Royals,Rajasthan Royals,True
2024,2024-04-23,1,False,Chennai Super Kings,Lucknow Super Giants,"MA Chidambaram Stadium, Chennai",62.42,58.95,74.0,48.2,80.2,33.0,Chennai Super Kings,Lucknow Super Giants,False
2024,2024-04-24,2,False,Delhi Capitals,Gujarat Titans,"Arun Jaitley Stadium, Delhi",56.44,58.01,75.4,33.3,78.5,33.0,Gujarat Titans,Delhi Capitals,False
2024,2024-04-25,3,False,Royal Challengers Bengaluru,Sunrisers Hyderabad,"Rajiv Gandhi Intl Cricket Stadium, Hyderabad",61.91,66.34,82.6,36.6,89.7,37.8,Sunrisers Hyderabad,Royal Challengers Bengaluru,False
2024,2024-04-26,4,False,Kolkata Knight Riders,Punjab Kings,"Eden Gardens, Kolkata",63.93,50.65,84.7,38.6,63.3,35.1,Kolkata Knight Riders,Punjab Kings,False
2024,2024-04-27,5,True,Delhi Capitals,Mumbai Indians,"Arun Jaitley Stadium, Delhi",52.96,63.93,69.0,33.3,90.3,31.7,Mumbai Indians,Delhi Capitals,False
2024,2024-04-27,5,True,Lucknow Super Giants,Rajasthan Royals,"Bharat Ratna Shri Atal Bihari Vajpayee Ekana Cricket Stadium, Lucknow",58.63,62.06,79.3,33.4,85.4,33.5,Rajasthan Royals,Rajasthan Royals,True
2024,2024-04-28,6,True,Gujarat Titans,Royal Challengers Bengaluru,"Narendra Modi Stadium, Ahmedabad",61.15,50.54,81.8,36.0,72.5,23.7,Gujarat Titans,Royal Challengers Bengaluru,False
2024,2024-04-28,6,True,Chennai Super Kings,Sunrisers Hyderabad,"MA Chidambaram Stadium, Chennai",62.42,56.33,74.0,48.2,74.1,34.6,Chennai Super Kings,Chennai Super Kings,True
2024,2024-04-29,0,False,Delhi Capitals,Kolkata Knight Riders,"Eden Gardens, Kolkata",52.57,65.28,71.0,30.0,84.7,41.6,Kolkata Knight Riders,Kolkata Knight Riders,True
2024,2024-04-30,1,False,Mumbai Indians,Lucknow Super Giants,"Bharat Ratna Shri Atal Bihari Vajpayee Ekana Cricket Stadium, Lucknow",64.04,53.22,82.9,41.0,72.0,30.2,Mumbai Indians,Lucknow Super Giants,False
2024,2024-05-01,2,False,Chennai Super Kings,Punjab Kings,"MA Chidambaram Stadium, Chennai",60.58,55.66,76.2,41.5,63.0,46.7,Chennai Super Kings,Punjab Kings,False
2024,2024-05-02,3,False,Sunrisers Hyderabad,Rajasthan Royals,"Rajiv Gandhi Intl Cricket Stadium, Hyderabad",64.27,67.97,85.9,37.8,90.3,40.7,Rajasthan Royals,Sunrisers Hyderabad,False
2024,2024-05-03,4,False,Kolkata Knight Riders,Mumbai Indians,"Wankhede Stadium, Mumbai",64.61,62.44,80.3,45.5,84.5,35.5,Kolkata Knight Riders,Kolkata Knight Riders,True
2024,2024-05-04,5,True,Gujarat Titans,Royal Challengers Bengaluru,"M Chinnaswamy Stadium, Bengaluru",55.65,53.52,75.0,32.0,70.8,32.4,Gujarat Titans,Royal Challengers Bengaluru,False
2024,2024-05-05,6,True,Kolkata Knight Riders,Lucknow Super Giants,"Bharat Ratna Shri Atal Bihari Vajpayee Ekana Cricket Stadium, Lucknow",66.78,54.63,86.7,42.4,72.0,33.4,Kolkata Knight Riders,Kolkata Knight Riders,True
2024,2024-05-05,6,True,Chennai Super Kings,Punjab Kings,"Himachal Pradesh Cricket Association Stadium, Dharamsala",61.66,50.2,75.8,44.4,62.3,35.4,Chennai Super Kings,Chennai Super Kings,True
2024,2024-05-06,0,False,Sunrisers Hyderabad,Mumbai Indians,"Wankhede Stadium, Mumbai",56.89,63.25,78.0,31.1,84.5,37.3,Mumbai Indians,Mumbai Indians,True
2024,2024-05-07,1,False,Delhi Capitals,Rajasthan Royals,"Arun Jaitley Stadium, Delhi",53.64,60.19,69.0,34.8,79.1,37.1,Rajasthan Royals,Delhi Capitals,False
2024,2024-05-08,2,False,Lucknow Super Giants,Sunrisers Hyderabad,"Rajiv Gandhi Intl Cricket Stadium, Hyderabad",56.52,64.27,83.3,23.8,85.9,37.8,Sunrisers Hyderabad,Sunrisers Hyderabad,True
2024,2024-05-09,3,False,Royal Challengers Bengaluru,Punjab Kings,"Himachal Pradesh Cricket Association Stadium, Dharamsala",58.6,51.59,81.2,31.0,64.8,35.4,Royal Challengers Bengaluru,Royal Challengers Bengaluru,True
2024,2024-05-10,4,False,Gujarat Titans,Chennai Super Kings,"Narendra Modi Stadium, Ahmedabad",57.96,64.26,81.8,28.9,78.4,47.0,Chennai Super Kings,Gujarat Titans,False
2024,2024-05-11,5,True,Kolkata Knight Riders,Mumbai Indians,"Eden Gardens, Kolkata",65.36,62.46,84.8,41.6,84.5,35.6,Kolkata Knight Riders,Kolkata Knight Riders,True
2024,2024-05-12,6,True,Royal Challengers Bengaluru,Delhi Capitals,"M Chinnaswamy Stadium, Bengaluru",56.96,44.08,76.2,33.5,50.9,35.8,Royal Challengers Bengaluru,Royal Challengers Bengaluru,True
2024,2024-05-12,6,True,Rajasthan Royals,Chennai Super Kings,"MA Chidambaram Stadium, Chennai",63.3,59.82,79.3,43.8,77.0,38.8,Rajasthan Royals,Chennai Super Kings,False
2024,2024-05-14,1,False,Delhi Capitals,Lucknow Super Giants,"Arun Jaitley Stadium, Delhi",53.64,57.37,69.0,34.8,81.6,27.7,Lucknow Super Giants,Delhi Capitals,False
2024,2024-05-15,2,False,Rajasthan Royals,Punjab Kings,"Barsapara Cricket Stadium, Guwahati",58.21,53.17,73.2,39.9,62.8,41.4,Rajasthan Royals,Punjab Kings,False
2024,2024-05-17,4,False,Lucknow Super Giants,Mumbai Indians,"Wankhede Stadium, Mumbai",60.4,60.96,82.6,33.3,87.7,28.2,Mumbai Indians,Lucknow Super Giants,False
2024,2024-05-18,5,True,Royal Challengers Bengaluru,Chennai Super Kings,"M Chinnaswamy Stadium, Bengaluru",53.62,64.62,70.1,33.5,75.9,50.8,Chennai Super Kings,Royal Challengers Bengaluru,False
2024,2024-05-19,6,True,Punjab Kings,Sunrisers Hyderabad,"Rajiv Gandhi Intl Cricket Stadium, Hyderabad",42.07,62.3,50.0,32.3,88.2,30.6,Sunrisers Hyderabad,Sunrisers Hyderabad,True
2024,2024-05-21,1,False,Sunrisers Hyderabad,Kolkata Knight Riders,"Narendra Modi Stadium, Ahmedabad",60.51,63.38,80.7,35.8,79.1,44.2,Kolkata Knight Riders,Kolkata Knight Riders,True
2024,2024-05-22,2,False,Royal Challengers Bengaluru,Rajasthan Royals,"Narendra Modi Stadium, Ahmedabad",50.54,60.22,70.8,25.8,77.1,39.6,Rajasthan Royals,Rajasthan Royals,True
2024,2024-05-24,4,False,Sunrisers Hyderabad,Rajasthan Royals,"MA Chidambaram Stadium, Chennai",57.03,59.56,75.3,34.6,75.5,40.1,Rajasthan Royals,Sunrisers Hyderabad,False
2024,2024-05-26,6,True,Sunrisers Hyderabad,Kolkata Knight Riders,"MA Chidambaram Stadium, Chennai",57.03,62.29,75.3,34.6,72.8,49.4,Kolkata Knight Riders,Kolkata Knight Riders,True
2025,2025-03-22,5,True,Kolkata Knight Riders,Royal Challengers Bengaluru,"Eden Gardens, Kolkata",65.11,67.46,77.6,49.9,90.8,38.9,Royal Challengers Bengaluru,Royal Challengers Bengaluru,True
2025,2025-03-23,6,True,Sunrisers Hyderabad,Rajasthan Royals,"Rajiv Gandhi Intl Cricket Stadium, Hyderabad",63.78,60.98,93.5,27.5,87.7,28.4,Sunrisers Hyderabad,Sunrisers Hyderabad,True
2025,2025-03-23,6,True,Mumbai Indians,Chennai Super Kings,"MA Chidambaram Stadium, Chennai",62.58,63.5,84.2,36.2,77.3,46.7,Chennai Super Kings,Chennai Super Kings,True
2025,2025-03-24,0,False,Lucknow Super Giants,Delhi Capitals,"Dr. Y.S. Rajasekhara Reddy ACA-VDCA Cricket Stadium, Visakhapatnam",60.6,52.58,86.2,29.3,64.4,38.2,Lucknow Super Giants,Delhi Capitals,False
2025,2025-03-25,1,False,Punjab Kings,Gujarat Titans,"Narendra Modi Stadium, Ahmedabad",58.74,66.6,80.8,31.8,90.2,37.8,Gujarat Titans,Punjab Kings,False
2025,2025-03-26,2,False,Rajasthan Royals,Kolkata Knight Riders,"Barsapara Cricket Stadium, Guwahati",57.08,62.11,83.1,25.2,75.8,45.4,Kolkata Knight Riders,Kolkata Knight Riders,True
2025,2025-03-27,3,False,Sunrisers Hyderabad,Lucknow Super Giants,"Rajiv Gandhi Intl Cricket Stadium, Hyderabad",63.78,65.4,93.5,27.5,90.0,35.3,Lucknow Super Giants,Lucknow Super Giants,True
2025,2025-03-28,4,False,Royal Challengers Bengaluru,Chennai Super Kings,"MA Chidambaram Stadium, Chennai",61.55,64.73,79.3,39.8,77.3,49.4,Chennai Super Kings,Royal Challengers Bengaluru,False
2025,2025-03-29,5,True,Gujarat Titans,Mumbai Indians,"Narendra Modi Stadium, Ahmedabad",67.29,61.29,90.2,39.3,84.6,32.8,Gujarat Titans,Gujarat Titans,True
2025,2025-03-30,6,True,Rajasthan Royals,Chennai Super Kings,"Barsapara Cricket Stadium, Guwahati",57.08,63.21,83.1,25.2,77.0,46.4,Chennai Super Kings,Rajasthan Royals,False
2025,2025-03-30,6,True,Sunrisers Hyderabad,Delhi Capitals,"Dr. Y.S. Rajasekhara Reddy ACA-VDCA Cricket Stadium, Visakhapatnam",61.81,49.32,89.3,28.2,58.5,38.2,Sunrisers Hyderabad,Delhi Capitals,False
2025,2025-03-31,0,False,Kolkata Knight Riders,Mumbai Indians,"Wankhede Stadium, Mumbai",66.01,65.28,78.4,50.9,84.7,41.6,Kolkata Knight Riders,Mumbai Indians,False
2025,2025-04-01,1,False,Lucknow Super Giants,Punjab Kings,"Bharat Ratna Shri Atal Bihari Vajpayee Ekana Cricket Stadium, Lucknow",61.37,59.33,84.5,33.1,78.7,35.7,Lucknow Super Giants,Punjab Kings,False
2025,2025-04-02,2,False,Royal Challengers Bengaluru,Gujarat Titans,"M Chinnaswamy Stadium, Bengaluru",62.04,61.3,81.1,38.8,83.4,34.3,Royal Challengers Bengaluru,Gujarat Titans,False
2025,2025-04-03,3,False,Kolkata Knight Riders,Sunrisers Hyderabad,"Eden Gardens, Kolkata",65.11,60.84,77.6,49.9,85.8,30.4,Kolkata Knight Riders,Kolkata Knight Riders,True
2025,2025-04-04,4,False,Lucknow Super Giants,Mumbai Indians,"Bharat Ratna Shri Atal Bihari Vajpayee Ekana Cricket Stadium, Lucknow",63.11,63.41,87.7,33.1,82.8,39.7,Mumbai Indians,Lucknow Super Giants,False
2025,2025-04-05,5,True,Delhi Capitals,Chennai Super Kings,"MA Chidambaram Stadium, Chennai",59.48,61.41,77.0,38.1,71.2,49.4,Chennai Super Kings,Delhi Capitals,False
2025,2025-04-05,5,True,Rajasthan Royals,Punjab Kings,"Punjab Cricket Association IS Bindra Stadium, Mohali",59.7,59.2,84.1,29.9,76.5,38.1,Rajasthan Royals,Rajasthan Royals,True
2025,2025-04-06,6,True,Sunrisers Hyderabad,Gujarat Titans,"Rajiv Gandhi Intl Cricket Stadium, Hyderabad",65.79,67.71,93.5,31.9,88.3,42.5,Gujarat Titans,Gujarat Titans,True
2025,2025-04-07,0,False,Royal Challengers Bengaluru,Mumbai Indians,"Wankhede Stadium, Mumbai",66.73,67.45,86.3,42.8,84.7,46.4,Mumbai Indians,Royal Challengers Bengaluru,False
2025,2025-04-08,1,False,Punjab Kings,Chennai Super Kings,"Punjab Cricket Association IS Bindra Stadium, Mohali",59.78,59.94,76.5,39.4,70.0,47.7,Chennai Super Kings,Punjab Kings,False
2025,2025-04-08,1,False,Lucknow Super Giants,Kolkata Knight Riders,"Eden Gardens, Kolkata",64.55,65.11,90.9,32.3,77.6,49.9,Kolkata Knight Riders,Lucknow Super Giants,False
2025,2025-04-09,2,False,Gujarat Titans,Rajasthan Royals,"Narendra Modi Stadium, Ahmedabad",66.41,56.71,90.2,37.3,78.6,30.0,Gujarat Titans,Gujarat Titans,True
2025,2025-04-10,3,False,Royal Challengers Bengaluru,Delhi Capitals,"M Chinnaswamy Stadium, Bengaluru",62.04,54.73,81.1,38.8,70.2,35.8,Royal Challengers Bengaluru,Delhi Capitals,False
2025,2025-04-11,4,False,Chennai Super Kings,Kolkata Knight Riders,"MA Chidambaram Stadium, Chennai",57.21,63.95,66.3,46.2,72.3,53.7,Kolkata Knight Riders,Kolkata Knight Riders,True
2025,2025-04-12,5,True,Gujarat Titans,Lucknow Super Giants,"Bharat Ratna Shri Atal Bihari Vajpayee Ekana Cricket Stadium, Lucknow",62.88,60.18,84.5,36.5,83.2,32.0,Gujarat Titans,Lucknow Super Giants,False
2025,2025-04-12,5,True,Punjab Kings,Sunrisers Hyderabad,"Rajiv Gandhi Intl Cricket Stadium, Hyderabad",56.49,68.35,75.0,33.9,93.5,37.6,Sunrisers Hyderabad,Sunrisers Hyderabad,True
2025,2025-04-13,6,True,Rajasthan Royals,Royal Challengers Bengaluru,"Sawai Mansingh Stadium, Jaipur",58.31,61.95,80.5,31.2,82.5,36.8,Royal Challengers Bengaluru,Royal Challengers Bengaluru,True
2025,2025-04-13,6,True,Mumbai Indians,Delhi Capitals,"Arun Jaitley Stadium, Delhi",68.26,56.46,87.3,45.0,73.6,35.5,Mumbai Indians,Mumbai Indians,True
2025,2025-04-14,0,False,Lucknow Super Giants,Chennai Super Kings,"Bharat Ratna Shri Atal Bihari Vajpayee Ekana Cricket Stadium, Lucknow",63.11,64.22,87.7,33.1,75.6,50.3,Chennai Super Kings,Chennai Super Kings,True
2025,2025-04-15,1,False,Punjab Kings,Kolkata Knight Riders,"Punjab Cricket Association IS Bindra Stadium, Mohali",47.63,65.58,58.9,33.9,75.2,53.8,Kolkata Knight Riders,Punjab Kings,False
2025,2025-04-17,3,False,Sunrisers Hyderabad,Mumbai Indians,"Wankhede Stadium, Mumbai",65.79,67.45,84.7,42.7,84.7,46.4,Mumbai Indians,Mumbai Indians,True
2025,2025-04-18,4,False,Royal Challengers Bengaluru,Punjab Kings,"M Chinnaswamy Stadium, Bengaluru",60.86,59.11,78.9,38.8,74.2,40.7,Royal Challengers Bengaluru,Punjab Kings,False
2025,2025-04-19,5,True,Delhi Capitals,Gujarat Titans,"Narendra Modi Stadium, Ahmedabad",60.24,67.29,77.9,38.7,90.2,39.3,Gujarat Titans,Gujarat Titans,True
2025,2025-04-19,5,True,Lucknow Super Giants,Rajasthan Royals,"Sawai Mansingh Stadium, Jaipur",62.92,55.02,86.7,33.9,74.5,31.2,Lucknow Super Giants,Lucknow Super Giants,True
2025,2025-04-20,6,True,Chennai Super Kings,Mumbai Indians,"Wankhede Stadium, Mumbai",61.68,68.49,77.5,42.3,84.7,48.7,Mumbai Indians,Mumbai Indians,True
2025,2025-04-20,6,True,Punjab Kings,Royal Challengers Bengaluru,"Punjab Cricket Association IS Bindra Stadium, Mohali",56.8,68.19,73.7,36.1,88.0,43.9,Royal Challengers Bengaluru,Royal Challengers Bengaluru,True
2025,2025-04-21,0,False,Gujarat Titans,Kolkata Knight Riders,"Eden Gardens, Kolkata",65.95,65.11,91.3,35.0,77.6,49.9,Gujarat Titans,Gujarat Titans,True
2025,2025-04-22,1,False,Lucknow Super Giants,Delhi Capitals,"Bharat Ratna Shri Atal Bihari Vajpayee Ekana Cricket Stadium, Lucknow",61.37,56.18,84.5,33.1,74.1,34.3,Lucknow Super Giants,Delhi Capitals,False
2025,2025-04-23,2,False,Sunrisers Hyderabad,Mumbai Indians,"Rajiv Gandhi Intl Cricket Stadium, Hyderabad",69.91,70.28,93.5,41.1,87.9,48.8,Mumbai Indians,Mumbai Indians,True
2025,2025-04-24,3,False,Royal Challengers Bengaluru,Rajasthan Royals,"M Chinnaswamy Stadium, Bengaluru",65.37,58.77,87.1,38.8,81.2,31.3,Royal Challengers Bengaluru,Royal Challengers Bengaluru,True
2025,2025-04-25,4,False,Chennai Super Kings,Sunrisers Hyderabad,"MA Chidambaram Stadium, Chennai",64.18,60.95,79.7,45.2,77.5,40.7,Chennai Super Kings,Sunrisers Hyderabad,False
2025,2025-04-27,6,True,Mumbai Indians,Lucknow Super Giants,"Wankhede Stadium, Mumbai",65.34,62.18,84.9,41.4,82.4,37.5,Mumbai Indians,Mumbai Indians,True
2025,2025-04-27,6,True,Delhi Capitals,Royal Challengers Bengaluru,"Arun Jaitley Stadium, Delhi",56.46,67.9,73.6,35.5,91.9,38.6,Royal Challengers Bengaluru,Royal Challengers Bengaluru,True
2025,2025-04-28,0,False,Gujarat Titans,Rajasthan Royals,"Sawai Mansingh Stadium, Jaipur",65.28,53.2,86.4,39.5,74.5,27.2,Gujarat Titans,Rajasthan Royals,False
2025,2025-04-29,1,False,Kolkata Knight Riders,Delhi Capitals,"Arun Jaitley Stadium, Delhi",60.74,56.46,71.8,47.2,73.6,35.5,Kolkata Knight Riders,Kolkata Knight Riders,True
2025,2025-04-30,2,False,Chennai Super Kings,Punjab Kings,"MA Chidambaram Stadium, Chennai",64.18,57.21,79.7,45.2,69.8,41.8,Chennai Super Kings,Punjab Kings,False
2025,2025-05-01,3,False,Mumbai Indians,Rajasthan Royals,"Sawai Mansingh Stadium, Jaipur",67.01,48.83,88.2,41.1,74.5,17.5,Mumbai Indians,Mumbai Indians,True
2025,2025-05-02,4,False,Gujarat Titans,Sunrisers Hyderabad,"Narendra Modi Stadium, Ahmedabad",65.47,61.9,86.9,39.3,80.8,38.8,Gujarat Titans,Gujarat Titans,True
2025,2025-05-03,5,True,Royal Challengers Bengaluru,Chennai Super Kings,"M Chinnaswamy Stadium, Bengaluru",66.07,65.19,88.6,38.5,83.3,43.1,Royal Challengers Bengaluru,Royal Challengers Bengaluru,True
2025,2025-05-04,6,True,Kolkata Knight Riders,Rajasthan Royals,"Eden Gardens, Kolkata",65.11,51.15,77.6,49.9,76.7,19.9,Kolkata Knight Riders,Kolkata Knight Riders,True
2025,2025-05-04,6,True,Punjab Kings,Lucknow Super Giants,"Himachal Pradesh Cricket Association Stadium, Dharamsala",57.09,59.44,78.3,31.2,82.9,30.8,Lucknow Super Giants,Punjab Kings,False
2025,2025-05-06,1,False,Mumbai Indians,Gujarat Titans,"Wankhede Stadium, Mumbai",66.77,62.96,84.9,44.6,83.0,38.5,Mumbai Indians,Gujarat Titans,False
2025,2025-05-07,2,False,Kolkata Knight Riders,Chennai Super Kings,"Eden Gardens, Kolkata",64.28,67.01,76.1,49.9,89.1,40.0,Chennai Super Kings,Chennai Super Kings,True
2025,2025-05-18,6,True,Punjab Kings,Rajasthan Royals,"Sawai Mansingh Stadium, Jaipur",56.62,48.7,71.4,38.6,74.4,17.3,Punjab Kings,Punjab Kings,True
2025,2025-05-18,6,True,Delhi Capitals,Gujarat Titans,"Arun Jaitley Stadium, Delhi",59.62,63.83,80.0,34.8,88.5,33.7,Gujarat Titans,Gujarat Titans,True
2025,2025-05-19,0,False,Lucknow Super Giants,Sunrisers Hyderabad,"Bharat Ratna Shri Atal Bihari Vajpayee Ekana Cricket Stadium, Lucknow",63.11,66.92,87.7,33.1,86.5,43.0,Sunrisers Hyderabad,Sunrisers Hyderabad,True
2025,2025-05-20,1,False,Chennai Super Kings,Rajasthan Royals,"Arun Jaitley Stadium, Delhi",64.53,46.59,85.9,38.4,74.5,12.5,Chennai Super Kings,Rajasthan Royals,False
2025,2025-05-21,2,False,Mumbai Indians,Delhi Capitals,"Wankhede Stadium, Mumbai",67.45,53.26,84.7,46.4,75.3,26.3,Mumbai Indians,Mumbai Indians,True
2025,2025-05-22,3,False,Lucknow Super Giants,Gujarat Titans,"Narendra Modi Stadium, Ahmedabad",58.36,66.6,83.4,27.8,90.2,37.8,Gujarat Titans,Lucknow Super Giants,False
2025,2025-05-23,4,False,Sunrisers Hyderabad,Royal Challengers Bengaluru,"Bharat Ratna Shri Atal Bihari Vajpayee Ekana Cricket Stadium, Lucknow",72.42,61.88,96.3,43.2,81.4,38.0,Sunrisers Hyderabad,Sunrisers Hyderabad,True
2025,2025-05-24,5,True,Punjab Kings,Delhi Capitals,"Sawai Mansingh Stadium, Jaipur",58.45,54.22,78.3,34.2,75.1,28.7,Punjab Kings,Delhi Capitals,False
2025,2025-05-25,6,True,Chennai Super Kings,Gujarat Titans,"Narendra Modi Stadium, Ahmedabad",67.33,66.41,87.8,42.4,90.2,37.3,Chennai Super Kings,Chennai Super Kings,True
2025,2025-05-25,6,True,Sunrisers Hyderabad,Kolkata Knight Riders,"Arun Jaitley Stadium, Delhi",71.88,62.77,92.2,47.0,75.5,47.2,Sunrisers Hyderabad,Sunrisers Hyderabad,True
2025,2025-05-26,0,False,Mumbai Indians,Punjab Kings,"Sawai Mansingh Stadium, Jaipur",69.56,56.44,88.2,46.8,73.7,35.3,Mumbai Indians,Punjab Kings,False
2025,2025-05-27,1,False,Lucknow Super Giants,Royal Challengers Bengaluru,"Bharat Ratna Shri Atal Bihari Vajpayee Ekana Cricket Stadium, Lucknow",59.22,59.39,81.9,31.5,79.3,35.0,Royal Challengers Bengaluru,Royal Challengers Bengaluru,True
2025,2025-05-29,3,False,Punjab Kings,Royal Challengers Bengaluru,"Punjab Cricket Association IS Bindra Stadium, Mohali",55.11,66.85,75.3,30.5,85.6,43.9,Royal Challengers Bengaluru,Royal Challengers Bengaluru,True
2025,2025-05-30,4,False,Mumbai Indians,Gujarat Titans,"Maharaja Yadavindra Singh International Cricket Stadium, New Chandigarh",64.96,64.77,79.1,47.7,87.6,36.8,Mumbai Indians,Mumbai Indians,True
2025,2025-06-01,6,True,Mumbai Indians,Punjab Kings,"Narendra Modi Stadium, Ahmedabad",62.86,58.55,79.3,42.7,79.0,33.6,Mumbai Indians,Punjab Kings,False
2025,2025-06-03,1,False,Royal Challengers Bengaluru,Punjab Kings,"Narendra Modi Stadium, Ahmedabad",62.78,58.55,80.8,40.7,79.0,33.6,Royal Challengers Bengaluru,Royal Challengers Bengaluru,True
