team,phase,wicket_bucket,role,matches,wins,win_rate
Chennai Super Kings,death,0,bat_first,13,6,0.46153846153846156
Chennai Super Kings,death,1,bat_first,44,23,0.5227272727272727
Chennai Super Kings,death,2,bat_first,33,18,0.5454545454545454
Chennai Super Kings,death,3,bat_first,46,24,0.5217391304347826
Chennai Super Kings,death,0,bat_second,29,26,0.896551724137931
Chennai Super Kings,death,1,bat_second,30,20,0.6666666666666666
Chennai Super Kings,death,2,bat_second,27,18,0.6666666666666666
Chennai Super Kings,death,3,bat_second,29,7,0.2413793103448276
Chennai Super Kings,middle,0,bat_first,9,7,0.7777777777777778
Chennai Super Kings,middle,1,bat_first,35,21,0.6
Chennai Super Kings,middle,2,bat_first,47,24,0.5106382978723404
Chennai Super Kings,middle,3,bat_first,45,19,0.4222222222222222
Chennai Super Kings,middle,0,bat_second,10,9,0.9
Chennai Super Kings,middle,1,bat_second,25,21,0.84
Chennai Super Kings,middle,2,bat_second,30,19,0.6333333333333333
Chennai Super Kings,middle,3,bat_second,50,22,0.44
Chennai Super Kings,pp,0,bat_first,34,24,0.7058823529411765
Chennai Super Kings,pp,1,bat_first,52,30,0.5769230769230769
Chennai Super Kings,pp,2,bat_first,36,14,0.3888888888888889
Chennai Super Kings,pp,3,bat_first,14,3,0.21428571428571427
Chennai Super Kings,pp,0,bat_second,32,26,0.8125
Chennai Super Kings,pp,1,bat_second,39,27,0.6923076923076923
Chennai Super Kings,pp,2,bat_second,28,14,0.5
Chennai Super Kings,pp,3,bat_second,16,4,0.25
Deccan Chargers,death,0,bat_first,1,0,
Deccan Chargers,death,1,bat_first,6,4,0.6666666666666666
Deccan Chargers,death,2,bat_first,14,7,0.5
Deccan Chargers,death,3,bat_first,22,7,0.3181818181818182
Deccan Chargers,death,0,bat_second,5,4,0.8
Deccan Chargers,death,1,bat_second,5,4,0.8
Deccan Chargers,death,2,bat_second,8,3,0.375
Deccan Chargers,death,3,bat_second,14,0,0.0
Deccan Chargers,middle,0,bat_first,4,3,0.75
Deccan Chargers,middle,1,bat_first,10,5,0.5
Deccan Chargers,middle,2,bat_first,12,6,0.5
Deccan Chargers,middle,3,bat_first,17,4,0.23529411764705882
Deccan Chargers,middle,0,bat_second,3,2,0.6666666666666666
Deccan Chargers,middle,1,bat_second,4,2,0.5
Deccan Chargers,middle,2,bat_second,8,4,0.5
Deccan Chargers,middle,3,bat_second,17,3,0.17647058823529413
Deccan Chargers,pp,0,bat_first,8,2,0.25
Deccan Chargers,pp,1,bat_first,12,4,0.3333333333333333
Deccan Chargers,pp,2,bat_first,19,9,0.47368421052631576
Deccan Chargers,pp,3,bat_first,4,3,0.75
Deccan Chargers,pp,0,bat_second,6,4,0.6666666666666666
Deccan Chargers,pp,1,bat_second,10,5,0.5
Deccan Chargers,pp,2,bat_second,12,2,0.16666666666666666
Deccan Chargers,pp,3,bat_second,4,0,0.0
Delhi Capitals,death,0,bat_first,3,2,0.6666666666666666
Delhi Capitals,death,1,bat_first,13,7,0.5384615384615384
Delhi Capitals,death,2,bat_first,11,6,0.5454545454545454
Delhi Capitals,death,3,bat_first,20,7,0.35
Delhi Capitals,death,0,bat_second,11,10,0.9090909090909091
Delhi Capitals,death,1,bat_second,10,9,0.9
Delhi Capitals,death,2,bat_second,12,6,0.5
Delhi Capitals,death,3,bat_second,25,4,0.16
Delhi Capitals,middle,0,bat_first,1,1,
Delhi Capitals,middle,1,bat_first,11,6,0.5454545454545454
Delhi Capitals,middle,2,bat_first,17,8,0.47058823529411764
Delhi Capitals,middle,3,bat_first,18,7,0.3888888888888889
Delhi Capitals,middle,0,bat_second,3,3,1.0
Delhi Capitals,middle,1,bat_second,12,10,0.8333333333333334
Delhi Capitals,middle,2,bat_second,16,8,0.5
Delhi Capitals,middle,3,bat_second,27,8,0.2962962962962963
Delhi Capitals,pp,0,bat_first,10,7,0.7
Delhi Capitals,pp,1,bat_first,11,4,0.36363636363636365
Delhi Capitals,pp,2,bat_first,17,8,0.47058823529411764
Delhi Capitals,pp,3,bat_first,9,3,0.3333333333333333
Delhi Capitals,pp,0,bat_second,9,7,0.7777777777777778
Delhi Capitals,pp,1,bat_second,19,12,0.631578947368421
Delhi Capitals,pp,2,bat_second,16,5,0.3125
Delhi Capitals,pp,3,bat_second,14,5,0.35714285714285715
Delhi Daredevils,death,0,bat_first,8,2,0.25
Delhi Daredevils,death,1,bat_first,16,8,0.5
Delhi Daredevils,death,2,bat_first,18,7,0.3888888888888889
Delhi Daredevils,death,3,bat_first,30,8,0.26666666666666666
Delhi Daredevils,death,0,bat_second,27,23,0.8518518518518519
Delhi Daredevils,death,1,bat_second,21,11,0.5238095238095238
Delhi Daredevils,death,2,bat_second,14,7,0.5
Delhi Daredevils,death,3,bat_second,27,1,0.037037037037037035
Delhi Daredevils,middle,0,bat_first,6,5,0.8333333333333334
Delhi Daredevils,middle,1,bat_first,18,7,0.3888888888888889
Delhi Daredevils,middle,2,bat_first,21,6,0.2857142857142857
Delhi Daredevils,middle,3,bat_first,27,7,0.25925925925925924
Delhi Daredevils,middle,0,bat_second,9,8,0.8888888888888888
Delhi Daredevils,middle,1,bat_second,18,12,0.6666666666666666
Delhi Daredevils,middle,2,bat_second,28,14,0.5
Delhi Daredevils,middle,3,bat_second,34,8,0.23529411764705882
Delhi Daredevils,pp,0,bat_first,7,4,0.5714285714285714
Delhi Daredevils,pp,1,bat_first,22,10,0.45454545454545453
Delhi Daredevils,pp,2,bat_first,29,8,0.27586206896551724
Delhi Daredevils,pp,3,bat_first,14,3,0.21428571428571427
Delhi Daredevils,pp,0,bat_second,17,13,0.7647058823529411
Delhi Daredevils,pp,1,bat_second,26,14,0.5384615384615384
Delhi Daredevils,pp,2,bat_second,27,11,0.4074074074074074
Delhi Daredevils,pp,3,bat_second,19,4,0.21052631578947367
Gujarat Lions,death,1,bat_first,3,0,0.0
Gujarat Lions,death,2,bat_first,3,1,0.3333333333333333
Gujarat Lions,death,3,bat_first,8,0,0.0
Gujarat Lions,death,0,bat_second,4,4,1.0
Gujarat Lions,death,1,bat_second,4,3,0.75
Gujarat Lions,death,2,bat_second,6,3,0.5
Gujarat Lions,death,3,bat_second,2,2,
Gujarat Lions,middle,1,bat_first,3,0,0.0
Gujarat Lions,middle,2,bat_first,5,0,0.0
Gujarat Lions,middle,3,bat_first,6,1,0.16666666666666666
Gujarat Lions,middle,1,bat_second,3,3,1.0
Gujarat Lions,middle,2,bat_second,5,5,1.0
Gujarat Lions,middle,3,bat_second,8,4,0.5
Gujarat Lions,pp,0,bat_first,2,1,
Gujarat Lions,pp,1,bat_first,4,0,0.0
Gujarat Lions,pp,2,bat_first,4,0,0.0
Gujarat Lions,pp,3,bat_first,4,0,0.0
Gujarat Lions,pp,0,bat_second,4,4,1.0
Gujarat Lions,pp,1,bat_second,5,5,1.0
Gujarat Lions,pp,2,bat_second,6,2,0.3333333333333333
Gujarat Lions,pp,3,bat_second,1,1,
Gujarat Titans,death,0,bat_first,1,0,
Gujarat Titans,death,1,bat_first,5,3,0.6
Gujarat Titans,death,2,bat_first,7,4,0.5714285714285714
Gujarat Titans,death,3,bat_first,14,8,0.5714285714285714
Gujarat Titans,death,0,bat_second,11,10,0.9090909090909091
Gujarat Titans,death,1,bat_second,5,5,1.0
Gujarat Titans,death,2,bat_second,5,4,0.8
Gujarat Titans,death,3,bat_second,12,3,0.25
Gujarat Titans,middle,0,bat_first,1,1,
Gujarat Titans,middle,1,bat_first,11,8,0.7272727272727273
Gujarat Titans,middle,2,bat_first,11,4,0.36363636363636365
Gujarat Titans,middle,3,bat_first,4,2,0.5
Gujarat Titans,middle,0,bat_second,1,1,
Gujarat Titans,middle,1,bat_second,11,9,0.8181818181818182
Gujarat Titans,middle,2,bat_second,9,6,0.6666666666666666
Gujarat Titans,middle,3,bat_second,12,6,0.5
Gujarat Titans,pp,0,bat_first,9,6,0.6666666666666666
Gujarat Titans,pp,1,bat_first,10,7,0.7
Gujarat Titans,pp,2,bat_first,6,2,0.3333333333333333
Gujarat Titans,pp,3,bat_first,2,0,
Gujarat Titans,pp,0,bat_second,7,6,0.8571428571428571
Gujarat Titans,pp,1,bat_second,16,11,0.6875
Gujarat Titans,pp,2,bat_second,5,3,0.6
Gujarat Titans,pp,3,bat_second,5,2,0.4
Kings XI Punjab,death,0,bat_first,6,2,0.3333333333333333
Kings XI Punjab,death,1,bat_first,12,5,0.4166666666666667
Kings XI Punjab,death,2,bat_first,34,11,0.3235294117647059
Kings XI Punjab,death,3,bat_first,45,21,0.4666666666666667
Kings XI Punjab,death,0,bat_second,25,22,0.88
Kings XI Punjab,death,1,bat_second,20,14,0.7
Kings XI Punjab,death,2,bat_second,16,8,0.5
Kings XI Punjab,death,3,bat_second,32,2,0.0625
Kings XI Punjab,middle,0,bat_first,6,3,0.5
Kings XI Punjab,middle,1,bat_first,18,9,0.5
Kings XI Punjab,middle,2,bat_first,29,13,0.4482758620689655
Kings XI Punjab,middle,3,bat_first,44,14,0.3181818181818182
Kings XI Punjab,middle,0,bat_second,9,7,0.7777777777777778
Kings XI Punjab,middle,1,bat_second,22,16,0.7272727272727273
Kings XI Punjab,middle,2,bat_second,23,14,0.6086956521739131
Kings XI Punjab,middle,3,bat_second,39,9,0.23076923076923078
Kings XI Punjab,pp,0,bat_first,20,11,0.55
Kings XI Punjab,pp,1,bat_first,41,16,0.3902439024390244
Kings XI Punjab,pp,2,bat_first,21,10,0.47619047619047616
Kings XI Punjab,pp,3,bat_first,15,2,0.13333333333333333
Kings XI Punjab,pp,0,bat_second,18,15,0.8333333333333334
Kings XI Punjab,pp,1,bat_second,27,13,0.48148148148148145
Kings XI Punjab,pp,2,bat_second,32,13,0.40625
Kings XI Punjab,pp,3,bat_second,16,5,0.3125
Kochi Tuskers Kerala,death,1,bat_first,1,1,
Kochi Tuskers Kerala,death,2,bat_first,1,1,
Kochi Tuskers Kerala,death,3,bat_first,5,0,0.0
Kochi Tuskers Kerala,death,0,bat_second,3,3,1.0
Kochi Tuskers Kerala,death,1,bat_second,1,1,
Kochi Tuskers Kerala,death,2,bat_second,1,0,
Kochi Tuskers Kerala,death,3,bat_second,2,0,
Kochi Tuskers Kerala,middle,0,bat_first,1,0,
Kochi Tuskers Kerala,middle,1,bat_first,1,0,
Kochi Tuskers Kerala,middle,2,bat_first,2,1,
Kochi Tuskers Kerala,middle,3,bat_first,3,1,0.3333333333333333
Kochi Tuskers Kerala,middle,0,bat_second,1,1,
Kochi Tuskers Kerala,middle,1,bat_second,2,1,
Kochi Tuskers Kerala,middle,2,bat_second,4,2,0.5
Kochi Tuskers Kerala,pp,0,bat_first,3,1,0.3333333333333333
Kochi Tuskers Kerala,pp,1,bat_first,1,0,
Kochi Tuskers Kerala,pp,2,bat_first,2,1,
Kochi Tuskers Kerala,pp,3,bat_first,1,0,
Kochi Tuskers Kerala,pp,0,bat_second,1,1,
Kochi Tuskers Kerala,pp,1,bat_second,3,2,0.6666666666666666
Kochi Tuskers Kerala,pp,2,bat_second,1,1,
Kochi Tuskers Kerala,pp,3,bat_second,2,0,
Kolkata Knight Riders,death,0,bat_first,7,2,0.2857142857142857
Kolkata Knight Riders,death,1,bat_first,23,13,0.5652173913043478
Kolkata Knight Riders,death,2,bat_first,31,15,0.4838709677419355
Kolkata Knight Riders,death,3,bat_first,65,25,0.38461538461538464
Kolkata Knight Riders,death,0,bat_second,44,41,0.9318181818181818
Kolkata Knight Riders,death,1,bat_second,25,17,0.68
Kolkata Knight Riders,death,2,bat_second,23,12,0.5217391304347826
Kolkata Knight Riders,death,3,bat_second,46,10,0.21739130434782608
Kolkata Knight Riders,middle,0,bat_first,4,2,0.5
Kolkata Knight Riders,middle,1,bat_first,29,16,0.5517241379310345
Kolkata Knight Riders,middle,2,bat_first,40,17,0.425
Kolkata Knight Riders,middle,3,bat_first,53,20,0.37735849056603776
Kolkata Knight Riders,middle,0,bat_second,13,11,0.8461538461538461
Kolkata Knight Riders,middle,1,bat_second,36,30,0.8333333333333334
Kolkata Knight Riders,middle,2,bat_second,42,25,0.5952380952380952
Kolkata Knight Riders,middle,3,bat_second,47,14,0.2978723404255319
Kolkata Knight Riders,pp,0,bat_first,21,12,0.5714285714285714
Kolkata Knight Riders,pp,1,bat_first,47,22,0.46808510638297873
Kolkata Knight Riders,pp,2,bat_first,31,14,0.45161290322580644
Kolkata Knight Riders,pp,3,bat_first,27,7,0.25925925925925924
Kolkata Knight Riders,pp,0,bat_second,26,20,0.7692307692307693
Kolkata Knight Riders,pp,1,bat_second,45,33,0.7333333333333333
Kolkata Knight Riders,pp,2,bat_second,44,21,0.4772727272727273
Kolkata Knight Riders,pp,3,bat_second,23,6,0.2608695652173913
Lucknow Super Giants,death,0,bat_first,3,1,0.3333333333333333
Lucknow Super Giants,death,1,bat_first,4,4,1.0
Lucknow Super Giants,death,2,bat_first,13,7,0.5384615384615384
Lucknow Super Giants,death,3,bat_first,13,8,0.6153846153846154
Lucknow Super Giants,death,0,bat_second,3,2,0.6666666666666666
Lucknow Super Giants,death,1,bat_second,5,4,0.8
Lucknow Super Giants,death,2,bat_second,9,3,0.3333333333333333
Lucknow Super Giants,death,3,bat_second,8,1,0.125
Lucknow Super Giants,middle,0,bat_first,4,2,0.5
Lucknow Super Giants,middle,1,bat_first,10,8,0.8
Lucknow Super Giants,middle,2,bat_first,7,3,0.42857142857142855
Lucknow Super Giants,middle,3,bat_first,12,7,0.5833333333333334
Lucknow Super Giants,middle,1,bat_second,6,3,0.5
Lucknow Super Giants,middle,2,bat_second,6,3,0.5
Lucknow Super Giants,middle,3,bat_second,13,4,0.3076923076923077
Lucknow Super Giants,pp,0,bat_first,8,5,0.625
Lucknow Super Giants,pp,1,bat_first,10,8,0.8
Lucknow Super Giants,pp,2,bat_first,11,6,0.5454545454545454
Lucknow Super Giants,pp,3,bat_first,4,1,0.25
Lucknow Super Giants,pp,0,bat_second,6,4,0.6666666666666666
Lucknow Super Giants,pp,1,bat_second,6,3,0.5
Lucknow Super Giants,pp,2,bat_second,5,2,0.4
Lucknow Super Giants,pp,3,bat_second,8,1,0.125
Mumbai Indians,death,0,bat_first,13,8,0.6153846153846154
Mumbai Indians,death,1,bat_first,23,20,0.8695652173913043
Mumbai Indians,death,2,bat_first,38,15,0.39473684210526316
Mumbai Indians,death,3,bat_first,69,33,0.4782608695652174
Mumbai Indians,death,0,bat_second,33,32,0.9696969696969697
Mumbai Indians,death,1,bat_second,24,18,0.75
Mumbai Indians,death,2,bat_second,32,18,0.5625
Mumbai Indians,death,3,bat_second,45,7,0.15555555555555556
Mumbai Indians,middle,0,bat_first,4,1,0.25
Mumbai Indians,middle,1,bat_first,31,16,0.5161290322580645
Mumbai Indians,middle,2,bat_first,52,28,0.5384615384615384
Mumbai Indians,middle,3,bat_first,56,31,0.5535714285714286
Mumbai Indians,middle,0,bat_second,14,13,0.9285714285714286
Mumbai Indians,middle,1,bat_second,30,23,0.7666666666666667
Mumbai Indians,middle,2,bat_second,38,22,0.5789473684210527
Mumbai Indians,middle,3,bat_second,52,17,0.3269230769230769
Mumbai Indians,pp,0,bat_first,32,21,0.65625
Mumbai Indians,pp,1,bat_first,52,36,0.6923076923076923
Mumbai Indians,pp,2,bat_first,38,16,0.42105263157894735
Mumbai Indians,pp,3,bat_first,21,3,0.14285714285714285
Mumbai Indians,pp,0,bat_second,34,24,0.7058823529411765
Mumbai Indians,pp,1,bat_second,44,30,0.6818181818181818
Mumbai Indians,pp,2,bat_second,31,13,0.41935483870967744
Mumbai Indians,pp,3,bat_second,25,8,0.32
Pune Warriors,death,0,bat_first,1,0,
Pune Warriors,death,1,bat_first,4,2,0.5
Pune Warriors,death,2,bat_first,5,1,0.2
Pune Warriors,death,3,bat_first,10,3,0.3
Pune Warriors,death,0,bat_second,2,2,
Pune Warriors,death,1,bat_second,3,3,1.0
Pune Warriors,death,2,bat_second,9,1,0.1111111111111111
Pune Warriors,death,3,bat_second,11,0,0.0
Pune Warriors,middle,0,bat_first,1,0,
Pune Warriors,middle,1,bat_first,5,4,0.8
Pune Warriors,middle,2,bat_first,4,1,0.25
Pune Warriors,middle,3,bat_first,10,1,0.1
Pune Warriors,middle,1,bat_second,3,1,0.3333333333333333
Pune Warriors,middle,2,bat_second,10,3,0.3
Pune Warriors,middle,3,bat_second,12,2,0.16666666666666666
Pune Warriors,pp,0,bat_first,4,1,0.25
Pune Warriors,pp,1,bat_first,6,3,0.5
Pune Warriors,pp,2,bat_first,6,1,0.16666666666666666
Pune Warriors,pp,3,bat_first,4,1,0.25
Pune Warriors,pp,0,bat_second,3,1,0.3333333333333333
Pune Warriors,pp,1,bat_second,10,5,0.5
Pune Warriors,pp,2,bat_second,6,0,0.0
Pune Warriors,pp,3,bat_second,6,0,0.0
Punjab Kings,death,0,bat_first,8,2,0.25
Punjab Kings,death,1,bat_first,4,3,0.75
Punjab Kings,death,2,bat_first,13,4,0.3076923076923077
Punjab Kings,death,3,bat_first,17,7,0.4117647058823529
Punjab Kings,death,0,bat_second,9,9,1.0
Punjab Kings,death,1,bat_second,4,2,0.5
Punjab Kings,death,2,bat_second,5,3,0.6
Punjab Kings,death,3,bat_second,14,4,0.2857142857142857
Punjab Kings,middle,0,bat_first,1,1,
Punjab Kings,middle,1,bat_first,6,4,0.6666666666666666
Punjab Kings,middle,2,bat_first,11,1,0.09090909090909091
Punjab Kings,middle,3,bat_first,24,10,0.4166666666666667
Punjab Kings,middle,1,bat_second,7,7,1.0
Punjab Kings,middle,2,bat_second,14,7,0.5
Punjab Kings,middle,3,bat_second,11,4,0.36363636363636365
Punjab Kings,pp,0,bat_first,6,2,0.3333333333333333
Punjab Kings,pp,1,bat_first,17,7,0.4117647058823529
Punjab Kings,pp,2,bat_first,8,3,0.375
Punjab Kings,pp,3,bat_first,11,4,0.36363636363636365
Punjab Kings,pp,0,bat_second,6,3,0.5
Punjab Kings,pp,1,bat_second,11,8,0.7272727272727273
Punjab Kings,pp,2,bat_second,8,5,0.625
Punjab Kings,pp,3,bat_second,7,2,0.2857142857142857
Rajasthan Royals,death,0,bat_first,3,1,0.3333333333333333
Rajasthan Royals,death,1,bat_first,20,9,0.45
Rajasthan Royals,death,2,bat_first,33,13,0.3939393939393939
Rajasthan Royals,death,3,bat_first,51,22,0.43137254901960786
Rajasthan Royals,death,0,bat_second,34,31,0.9117647058823529
Rajasthan Royals,death,1,bat_second,28,17,0.6071428571428571
Rajasthan Royals,death,2,bat_second,23,10,0.43478260869565216
Rajasthan Royals,death,3,bat_second,42,11,0.2619047619047619
Rajasthan Royals,middle,0,bat_first,5,2,0.4
Rajasthan Royals,middle,1,bat_first,17,10,0.5882352941176471
Rajasthan Royals,middle,2,bat_first,39,20,0.5128205128205128
Rajasthan Royals,middle,3,bat_first,46,13,0.2826086956521739
Rajasthan Royals,middle,0,bat_second,7,6,0.8571428571428571
Rajasthan Royals,middle,1,bat_second,24,19,0.7916666666666666
Rajasthan Royals,middle,2,bat_second,42,26,0.6190476190476191
Rajasthan Royals,middle,3,bat_second,54,18,0.3333333333333333
Rajasthan Royals,pp,0,bat_first,32,17,0.53125
Rajasthan Royals,pp,1,bat_first,46,20,0.43478260869565216
Rajasthan Royals,pp,2,bat_first,19,6,0.3157894736842105
Rajasthan Royals,pp,3,bat_first,10,2,0.2
Rajasthan Royals,pp,0,bat_second,25,17,0.68
Rajasthan Royals,pp,1,bat_second,43,31,0.7209302325581395
Rajasthan Royals,pp,2,bat_second,35,14,0.4
Rajasthan Royals,pp,3,bat_second,24,7,0.2916666666666667
Rising Pune Supergiant,death,0,bat_first,1,1,
Rising Pune Supergiant,death,1,bat_first,1,1,
Rising Pune Supergiant,death,2,bat_first,1,0,
Rising Pune Supergiant,death,3,bat_first,5,3,0.6
Rising Pune Supergiant,death,0,bat_second,1,1,
Rising Pune Supergiant,death,1,bat_second,3,3,1.0
Rising Pune Supergiant,death,2,bat_second,2,1,
Rising Pune Supergiant,death,3,bat_second,2,0,
Rising Pune Supergiant,middle,1,bat_first,1,1,
Rising Pune Supergiant,middle,2,bat_first,4,3,0.75
Rising Pune Supergiant,middle,3,bat_first,3,1,0.3333333333333333
Rising Pune Supergiant,middle,0,bat_second,2,2,
Rising Pune Supergiant,middle,1,bat_second,3,1,0.3333333333333333
Rising Pune Supergiant,middle,2,bat_second,2,2,
Rising Pune Supergiant,middle,3,bat_second,1,0,
Rising Pune Supergiant,pp,0,bat_first,3,2,0.6666666666666666
Rising Pune Supergiant,pp,1,bat_first,3,2,0.6666666666666666
Rising Pune Supergiant,pp,2,bat_first,2,1,
Rising Pune Supergiant,pp,1,bat_second,4,3,0.75
Rising Pune Supergiant,pp,2,bat_second,2,1,
Rising Pune Supergiant,pp,3,bat_second,2,1,
Rising Pune Supergiants,death,1,bat_first,2,0,
Rising Pune Supergiants,death,2,bat_first,2,0,
Rising Pune Supergiants,death,3,bat_first,3,0,0.0
Rising Pune Supergiants,death,0,bat_second,3,3,1.0
Rising Pune Supergiants,death,1,bat_second,2,2,
Rising Pune Supergiants,death,3,bat_second,2,0,
Rising Pune Supergiants,middle,1,bat_first,3,0,0.0
Rising Pune Supergiants,middle,2,bat_first,3,0,0.0
Rising Pune Supergiants,middle,3,bat_first,1,0,
Rising Pune Supergiants,middle,0,bat_second,1,1,
Rising Pune Supergiants,middle,1,bat_second,2,1,
Rising Pune Supergiants,middle,2,bat_second,2,2,
Rising Pune Supergiants,middle,3,bat_second,2,1,
Rising Pune Supergiants,pp,1,bat_first,6,0,0.0
Rising Pune Supergiants,pp,2,bat_first,1,0,
Rising Pune Supergiants,pp,0,bat_second,2,2,
Rising Pune Supergiants,pp,1,bat_second,3,3,1.0
Rising Pune Supergiants,pp,2,bat_second,1,0,
Rising Pune Supergiants,pp,3,bat_second,1,0,
Royal Challengers Bangalore,death,0,bat_first,18,13,0.7222222222222222
Royal Challengers Bangalore,death,1,bat_first,18,8,0.4444444444444444
Royal Challengers Bangalore,death,2,bat_first,24,10,0.4166666666666667
Royal Challengers Bangalore,death,3,bat_first,61,22,0.36065573770491804
Royal Challengers Bangalore,death,0,bat_second,35,30,0.8571428571428571
Royal Challengers Bangalore,death,1,bat_second,24,15,0.625
Royal Challengers Bangalore,death,2,bat_second,25,10,0.4
Royal Challengers Bangalore,death,3,bat_second,35,6,0.17142857142857143
Royal Challengers Bangalore,middle,0,bat_first,12,6,0.5
Royal Challengers Bangalore,middle,1,bat_first,31,11,0.3548387096774194
Royal Challengers Bangalore,middle,2,bat_first,40,19,0.475
Royal Challengers Bangalore,middle,3,bat_first,38,17,0.4473684210526316
Royal Challengers Bangalore,middle,0,bat_second,17,14,0.8235294117647058
Royal Challengers Bangalore,middle,1,bat_second,25,24,0.96
Royal Challengers Bangalore,middle,2,bat_second,26,12,0.46153846153846156
Royal Challengers Bangalore,middle,3,bat_second,51,11,0.21568627450980393
Royal Challengers Bangalore,pp,0,bat_first,28,16,0.5714285714285714
Royal Challengers Bangalore,pp,1,bat_first,50,24,0.48
Royal Challengers Bangalore,pp,2,bat_first,28,11,0.39285714285714285
Royal Challengers Bangalore,pp,3,bat_first,15,2,0.13333333333333333
Royal Challengers Bangalore,pp,0,bat_second,26,22,0.8461538461538461
Royal Challengers Bangalore,pp,1,bat_second,37,19,0.5135135135135135
Royal Challengers Bangalore,pp,2,bat_second,31,13,0.41935483870967744
Royal Challengers Bangalore,pp,3,bat_second,25,7,0.28
Royal Challengers Bengaluru,death,0,bat_first,1,0,
Royal Challengers Bengaluru,death,1,bat_first,4,1,0.25
Royal Challengers Bengaluru,death,2,bat_first,1,0,
Royal Challengers Bengaluru,death,3,bat_first,11,8,0.7272727272727273
Royal Challengers Bengaluru,death,0,bat_second,5,5,1.0
Royal Challengers Bengaluru,death,1,bat_second,4,3,0.75
Royal Challengers Bengaluru,death,2,bat_second,1,1,
Royal Challengers Bengaluru,death,3,bat_second,3,0,0.0
Royal Challengers Bengaluru,middle,1,bat_first,2,2,
Royal Challengers Bengaluru,middle,2,bat_first,8,4,0.5
Royal Challengers Bengaluru,middle,3,bat_first,7,3,0.42857142857142855
Royal Challengers Bengaluru,middle,0,bat_second,2,2,
Royal Challengers Bengaluru,middle,1,bat_second,3,3,1.0
Royal Challengers Bengaluru,middle,2,bat_second,2,2,
Royal Challengers Bengaluru,middle,3,bat_second,6,2,0.3333333333333333
Royal Challengers Bengaluru,pp,0,bat_first,4,3,0.75
Royal Challengers Bengaluru,pp,1,bat_first,6,4,0.6666666666666666
Royal Challengers Bengaluru,pp,2,bat_first,4,2,0.5
Royal Challengers Bengaluru,pp,3,bat_first,3,0,0.0
Royal Challengers Bengaluru,pp,0,bat_second,4,2,0.5
Royal Challengers Bengaluru,pp,1,bat_second,5,5,1.0
Royal Challengers Bengaluru,pp,2,bat_second,2,1,
Royal Challengers Bengaluru,pp,3,bat_second,2,1,
Sunrisers Hyderabad,death,0,bat_first,7,5,0.7142857142857143
Sunrisers Hyderabad,death,1,bat_first,20,11,0.55
Sunrisers Hyderabad,death,2,bat_first,17,6,0.35294117647058826
Sunrisers Hyderabad,death,3,bat_first,58,25,0.43103448275862066
Sunrisers Hyderabad,death,0,bat_second,23,23,1.0
Sunrisers Hyderabad,death,1,bat_second,19,11,0.5789473684210527
Sunrisers Hyderabad,death,2,bat_second,19,9,0.47368421052631576
Sunrisers Hyderabad,death,3,bat_second,32,3,0.09375
Sunrisers Hyderabad,middle,0,bat_first,8,5,0.625
Sunrisers Hyderabad,middle,1,bat_first,27,13,0.48148148148148145
Sunrisers Hyderabad,middle,2,bat_first,31,15,0.4838709677419355
Sunrisers Hyderabad,middle,3,bat_first,36,14,0.3888888888888889
Sunrisers Hyderabad,middle,0,bat_second,9,9,1.0
Sunrisers Hyderabad,middle,1,bat_second,19,12,0.631578947368421
Sunrisers Hyderabad,middle,2,bat_second,29,16,0.5517241379310345
Sunrisers Hyderabad,middle,3,bat_second,36,9,0.25
Sunrisers Hyderabad,pp,0,bat_first,25,17,0.68
Sunrisers Hyderabad,pp,1,bat_first,40,15,0.375
Sunrisers Hyderabad,pp,2,bat_first,20,9,0.45
Sunrisers Hyderabad,pp,3,bat_first,17,6,0.35294117647058826
Sunrisers Hyderabad,pp,0,bat_second,27,19,0.7037037037037037
Sunrisers Hyderabad,pp,1,bat_second,27,16,0.5925925925925926
Sunrisers Hyderabad,pp,2,bat_second,28,11,0.39285714285714285
Sunrisers Hyderabad,pp,3,bat_second,11,0,0.0
